pl_name,hostname,pl_orbper,pl_tranmid,pl_tranmiderr1
Kepler-1167 b,Kepler-1167,1.003933739,2454965.09731,0.00249
Kepler-1740 b,Kepler-1740,8.172400475,2455194.20248,0.00221
Kepler-1581 b,Kepler-1581,6.28385491,2454966.19997,0.00564
Kepler-644 b,Kepler-644,3.173917103,2455003.92435,0.00104
Kepler-1752 b,Kepler-1752,56.35850143,2455055.2901,0.0036
Kepler-280 c,Kepler-280,4.807091,2454967.64249,0.00104
Kepler-1208 b,Kepler-1208,11.08507637,2455188.03662,0.00323
Kepler-263 c,Kepler-263,47.332773,2454984.4095,0.00572
Kepler-1101 b,Kepler-1101,81.3151059,2455008.99732,0.00539
HD 168746 b,HD 168746,6.404,2454986.88,0.061
K2-19 b,K2-19,7.9222,2456860.9023,0.0002
Kepler-560 b,Kepler-560,18.47764449,2455018.26856,0.000613
Kepler-150 d,Kepler-150,12.56093,2454999.79588,0.00158
Kepler-498 b,Kepler-498,9.61375356,2454965.18509,0.00101
Kepler-817 b,Kepler-817,3.990106229,2455188.840733,0.000245
Kepler-937 b,Kepler-937,67.668827,2455031.19646,0.00639
K2-10 b,K2-10,19.30553,2456819.57944,0.00089
Kepler-571 b,Kepler-571,4.798599388,2455006.257757,0.000852
Kepler-1458 b,Kepler-1458,47.9872764,2454993.65081,0.00329
K2-335 b,K2-335,12.283211,2457148.209626,0.0027
Kepler-1600 c,Kepler-1600,7.298049927,2454970.85674,0.00629
Kepler-221 d,Kepler-221,10.04156,2454970.08456,0.0006
Kepler-626 b,Kepler-626,14.48585199,2455008.00558,0.00132
Kepler-1549 b,Kepler-1549,214.886545,2455046.387,0.0119
K2-62 c,K2-62,16.19697,2456991.5453,0.0013
Kepler-1149 b,Kepler-1149,3.73089898,2454965.89466,0.00357
Kepler-1288 b,Kepler-1288,2.76122421,2454964.61013,0.00416
Kepler-128 b,Kepler-128,15.0,2455008.95561,0.00229
Kepler-1245 b,Kepler-1245,4.35409304,2454965.85275,0.00384
Kepler-1068 b,Kepler-1068,16.92344113,2454978.81211,0.00257
Kepler-311 c,Kepler-311,19.738286,2454966.28529,0.0065
Kepler-150 e,Kepler-150,30.826557,2454986.01043,0.00373
Kepler-272 c,Kepler-272,6.057342,2454968.92549,0.00309
Kepler-152 c,Kepler-152,88.255055,2454986.78027,0.00195
Kepler-1506 b,Kepler-1506,14.0329154,2454971.0626,0.0183
CoRoT-3 b,CoRoT-3,4.2568,2454283.1383,0.0003
HD 205739 b,HD 205739,279.8,,
NGTS-10 b,NGTS-10,0.7668944,2457518.84377,0.00017
HD 224693 b,HD 224693,26.6904,,
HD 156279 b,HD 156279,133.40355,2455464.94,0.12
HD 12661 b,HD 12661,262.70862,2456079.28,0.66
2MASS J12073346-3932539 b,2MASS J12073346-3932539,,,
HD 16417 b,HD 16417,17.24,,
HD 19994 b,HD 19994,466.2,,
HD 156279 c,HD 156279,4818.25358,2455834.7,3.1
GJ 179 b,GJ 179,2288.0,2454876.0,35.0
GQ Lup b,GQ Lup,,,
GJ 832 b,GJ 832,3853.0,,
HD 37605 b,HD 37605,55.01292,,
HD 33283 b,HD 33283,18.1991,,
HD 9446 b,HD 9446,30.052,,
HD 134987 c,HD 134987,5000.0,2455060.0,140.0
HD 110014 b,HD 110014,835.477,,
HD 79498 b,HD 79498,1807.0,,
HD 45652 b,HD 45652,44.073,,
HIP 79431 b,HIP 79431,111.7,,
HD 3167 b,HD 3167,0.959641,2457394.37454,0.00043
GJ 876 b,GJ 876,61.1166,2453055.984,0.038
HD 114783 c,HD 114783,4352.0,2454959.0,90.0
HD 47186 c,HD 47186,1353.6,,
HD 114783 b,HD 114783,493.7,2455283.8,2.7
HD 148156 b,HD 148156,1027.0,,
HD 12661 c,HD 12661,1708.0,2455774.9,7.4
HIP 14810 c,HIP 14810,147.747,,
HIP 14810 b,HIP 14810,6.673892,,
GJ 876 d,GJ 876,1.93778,2455200.064,0.047
GJ 876 e,GJ 876,124.26,,
gam1 Leo b,gam1 Leo,428.5,,
HD 156411 b,HD 156411,842.2,,
HD 8535 b,HD 8535,1313.0,,
HD 37605 c,HD 37605,2720.0,,
HD 1605 c,HD 1605,2149.0,,
BD+20 2457 b,BD+20 2457,379.63,,
HD 240210 b,HD 240210,501.75,,
CoRoT-17 b,CoRoT-17,3.7681,2454923.3093,0.0036
HD 132563 b,HD 132563,1544.0,,
HD 55696 b,HD 55696,1827.0,,
HD 148164 b,HD 148164,328.55,,
24 Sex c,24 Sex,883.0,,
HD 22781 b,HD 22781,528.07,,
HD 68988 b,HD 68988,6.27711,2451549.717,0.005
HD 148164 c,HD 148164,5062.0,,
HD 29985 b,HD 29985,20608.14049,,
HD 3167 c,HD 3167,29.8454,2457394.9788,0.0012
HD 90156 b,HD 90156,49.77,2455169.3,2.3
HD 45350 b,HD 45350,963.6,2453802.1,4.8
MOA-2009-BLG-266L b,MOA-2009-BLG-266L,2800.0,,
Kepler-595 c,Kepler-595,12.38602,2454965.8175,0.0105
Kepler-595 b,Kepler-595,25.3029092,2455021.06015,0.0009
HD 177830 c,HD 177830,110.9,2455177.0,2.5
OGLE-TR-111 b,OGLE-TR-111,4.0144463,2454092.80717,0.00016
PSR B1257+12 b,PSR B1257+12,25.262,,
PSR B1257+12 d,PSR B1257+12,98.2114,,
MOA-2007-BLG-192L b,MOA-2007-BLG-192L,,,
CoRoT-18 b,CoRoT-18,1.9000693,2455321.72412,0.00018
Kepler-45 b,Kepler-45,2.455239,2455003.82176,2.102e-05
WASP-23 b,WASP-23,2.9444256,2455320.12363,0.00012
HD 107148 b,HD 107148,48.056,2456091.9,2.3
SWEEPS-11 b,SWEEPS-11,1.796,,
OGLE-TR-211 b,OGLE-TR-211,3.67724,2453428.334,0.003
Lupus-TR-3 b,Lupus-TR-3,3.91405,2453887.0818,0.0013
OGLE-2005-BLG-390L b,OGLE-2005-BLG-390L,3285.0,,
HN Peg b,HN Peg,,,
MOA-2009-BLG-387L b,MOA-2009-BLG-387L,1980.0,,
GJ 674 b,GJ 674,4.6938,,
CoRoT-11 b,CoRoT-11,2.99433,2454597.679,0.0003
2MASS J04414489+2301513 b,2MASS J04414489+2301513,,,
GJ 3634 b,GJ 3634,2.64561,,
CoRoT-13 b,CoRoT-13,4.03519,2454790.8091,0.0006
OGLE-TR-10 b,OGLE-TR-10,3.101278,2454262.818228,0.0003
HD 27442 b,HD 27442,428.1,,
GJ 3021 b,GJ 3021,133.71,,
HD 221416 b,HD 221416,14.2767,2458357.0149,0.0025
CoRoT-8 b,CoRoT-8,6.21229,2454238.9743,0.0004
Kepler-18 c,Kepler-18,7.64159,2455167.0883,0.0023
Kepler-18 b,Kepler-18,3.504725,2454966.5068,0.0021
HD 46375 b,HD 46375,3.023573,2452571.044,0.027
HD 221287 b,HD 221287,456.1,,
HD 33564 b,HD 33564,388.0,,
HD 189733 b,HD 189733,2.21857567,2453955.5255511,8.8e-06
OGLE2-TR-L9 b,OGLE2-TR-L9,2.4855335,2454492.79765,0.00039
Kepler-4 b,Kepler-4,3.21346,2454956.6127,0.0015
WASP-38 b,WASP-38,6.87188,2459005.51241,8e-05
HAT-P-13 c,HAT-P-13,446.27,,
Kepler-18 d,Kepler-18,14.85888,2455169.1776,0.0013
HAT-P-37 b,HAT-P-37,2.797436,2455642.14318,0.00029
HD 129445 b,HD 129445,1840.0,,
Kepler-419 c,Kepler-419,675.47,,
51 Eri b,51 Eri,9100.0,,
HD 70573 b,HD 70573,851.8,,
HD 47536 b,HD 47536,712.13,,
WASP-67 b,WASP-67,4.61442,2456618.0537,8e-05
CoRoT-14 b,CoRoT-14,1.51214,2454787.6694,0.0053
MOA-2008-BLG-310L b,MOA-2008-BLG-310L,,,
Kepler-419 b,Kepler-419,69.7546,2455029.093243,0.000276
HD 24040 b,HD 24040,3668.0,2456932.0,15.0
HD 11964 c,HD 11964,37.91,2455199.94,0.86
CoRoT-6 b,CoRoT-6,8.886593,2454595.6144,0.0002
WASP-31 b,WASP-31,3.4059096,2455192.6887,0.0003
HD 108236 f,HD 108236,29.54115,2458793.2786,0.0021
Kepler-59 c,Kepler-59,17.9801235,2454980.69818,0.0065
Kepler-58 c,Kepler-58,15.5741568,2454965.43209,0.0066
HD 154857 c,HD 154857,3452.0,,
KOI-217 b,KOI-217,3.90512,2454966.414,0.0002
Kepler-51 c,Kepler-51,85.312,2455725.509,0.003
BD-210397 c,BD-210397,6240.0,,
Kepler-62 c,Kepler-62,12.4417,2454967.651,0.008
Kepler-62 b,Kepler-62,5.714932,2455003.9189,0.0009
CHXR 73 b,CHXR 73,,,
FU Tau b,FU Tau,,,
GJ 667 C b,GJ 667 C,7.203,,
HD 168443 c,HD 168443,1753.1096,2455599.41,0.75
Kepler-59 b,Kepler-59,11.8681707,2454970.74767,0.011
Kepler-53 b,Kepler-53,18.6489525,2455007.77608,0.0029
HD 82943 c,HD 82943,220.078,2455135.17,0.56
HD 82943 b,HD 82943,441.47,2455114.6,7.0
UZ For b,UZ For,5840.0,,
Kepler-69 b,Kepler-69,13.722341,2454970.8414,0.0016
HIP 5158 c,HIP 5158,9017.76,,
HU Aqr AB b,HU Aqr,2390.0,,
Kepler-37 e,Kepler-37,51.196,2455028.73,0.011
Kepler-65 d,Kepler-65,8.13123,2454970.9905,0.0016
Kepler-52 c,Kepler-52,16.3850021,2455005.72549,0.0027
Kepler-55 b,Kepler-55,27.9481449,2455011.79598,0.0031
UZ For c,UZ For,1916.25,,
Kepler-413 b,Kepler-413,66.262,2455096.64,0.16
WASP-14 b,WASP-14,2.24375,2455643.79792,0.00011
HAT-P-2 b,HAT-P-2,5.6335158,2458657.66292,0.00011
HAT-P-42 b,HAT-P-42,4.641878,2455952.52603,0.00075
WASP-59 b,WASP-59,7.919585,2455830.95559,0.00053
HAT-P-39 b,HAT-P-39,3.54387,2455208.75049,0.00041
alf Ari b,alf Ari,380.8,,
KOI-55 b,KOI-55,0.240104,,
GJ 536 b,GJ 536,8.70874,2460553.1,0.12
HAT-P-7 b,HAT-P-7,2.20474,2454954.358572,4e-06
WTS-2 b,WTS-2,1.0187068,2454317.81333,0.00065
WASP-100 b,WASP-100,2.84938,2458853.880674,4.9e-05
KELT-6 c,KELT-6,1276.0,,
KOI-55 c,KOI-55,0.342887,,
Ross 458 c,Ross 458,,,
Kepler-38 b,Kepler-38,105.599,2454932.104,0.044
Kepler-30 d,Kepler-30,143.34394,2455273.5302,0.00969
ROXs 42 B b,ROXs 42 B,,,
HD 217107 c,HD 217107,4270.0,2460064.0,22.0
HD 27894 b,HD 27894,18.01939,,
Kepler-50 c,Kepler-50,9.37647,2454969.958,0.003
HD 233604 b,HD 233604,192.0,,
WD 0806-661 b,WD 0806-661,,,
Kepler-63 b,Kepler-63,9.4341505,2455010.84307,5e-05
Kepler-77 b,Kepler-77,3.57878087,2455095.865727,2.9e-05
HAT-P-44 c,HAT-P-44,872.2,2455711.2,13.4
HATS-5 b,HATS-5,4.763387,2456273.79068,0.0001
HD 10180 d,HD 10180,16.357,,
WTS-1 b,WTS-1,3.352057,2454318.7472,0.0043
HD 11506 d,HD 11506,26500.0,2452015.5,1.0
CoRoT-26 b,CoRoT-26,4.20474,2454573.6299,0.0008
CoRoT-25 b,CoRoT-25,4.86069,2454576.2156,0.0008
Kepler-186 b,Kepler-186,3.8867907,2454966.3304,0.0013
91 Aqr b,91 Aqr,181.4,,
GJ 163 b,GJ 163,8.63182,,
Kepler-27 c,Kepler-27,31.3309,2454986.4274,
Kepler-27 b,Kepler-27,15.3348,2454991.6726,
HD 215497 c,HD 215497,566.0,,
BD-06 1339 b,BD-06 1339,3.8728,,
Kepler-186 d,Kepler-186,13.342996,2455009.9045,0.0014
Kepler-11 d,Kepler-11,22.6845,2455594.0069,0.0022
Kepler-11 b,Kepler-11,10.3039,2455589.7378,0.0026
Kepler-31 c,Kepler-31,42.6318,2454974.191,0.007
Kepler-32 c,Kepler-32,8.7522,2454977.378,0.013
Kepler-1735 b,Kepler-1735,7.71792984,2454972.15405,0.00433
HD 66141 b,HD 66141,480.5,,
HD 208527 b,HD 208527,875.5,,
MOA-bin-1L b,MOA-bin-1L,,,
GU Psc b,GU Psc,,,
GJ 163 c,GJ 163,25.63058,,
GJ 163 d,GJ 163,603.95116,,
Kepler-32 d,Kepler-32,22.7802,2454988.211,0.011
Kepler-31 d,Kepler-31,87.6451,2454967.942,0.009
HAT-P-45 b,HAT-P-45,3.128992,2455729.98612,0.00041
HAT-P-44 b,HAT-P-44,4.301219,2455696.93695,0.00024
MOA-2010-BLG-073L b,MOA-2010-BLG-073L,,,
HAT-P-27 b,HAT-P-27,3.039577,2455407.9088,0.0002
DENIS-P J082303.1-491201 b,DENIS-P J082303.1-491201,246.36,,
HIP 63242 b,HIP 63242,124.6,,
Kepler-31 b,Kepler-31,20.8613,2454992.141,0.006
Kepler-32 f,Kepler-32,0.74296,2454965.54,0.04
HD 66428 c,HD 66428,10478.84437,2445900.0,4600.0
Kepler-424 c,Kepler-424,223.3,,
KMT-2023-BLG-1896L b,KMT-2023-BLG-1896L,,,
HD 190984 b,HD 190984,4885.0,,
Kepler-134 c,Kepler-134,10.105785,2454968.50716,0.00296
Kepler-210 b,Kepler-210,2.453234,2455003.89153,0.00018
Kepler-422 b,Kepler-422,7.8914483,2455010.25005,0.00011
Kepler-426 b,Kepler-426,3.21751883,2454966.631964,4.7e-05
Kepler-16 b,Kepler-16,228.776,2455212.12316,
KOI-94 d,KOI-94,22.342989,2454965.74052,0.00015
KOI-94 b,KOI-94,3.743208,2454964.6175,0.0021
Kepler-35 b,Kepler-35,131.458,2454965.85,
HD 103774 b,HD 103774,5.8881,,
HD 109271 b,HD 109271,7.8543,,
Kepler-415 c,Kepler-415,8.708,2455196.05652,0.00201
HD 50554 b,HD 50554,1293.0,2453200.5,6.1
Kepler-428 b,Kepler-428,3.52563254,2455003.048008,3.2e-05
Kepler-425 b,Kepler-425,3.79701816,2454966.508785,3.9e-05
WASP-70 A b,WASP-70 A,3.7130203,2455736.50348,0.00027
KOI-94 e,KOI-94,54.32031,2454994.2379,0.0012
Kepler-396 c,Kepler-396,88.505,2455015.65259,0.00078
MOA-2010-BLG-477L b,MOA-2010-BLG-477L,,,
HD 183263 b,HD 183263,624.87404,2456925.2,1.6
HD 166724 b,HD 166724,5144.0,,
Kepler-122 f,Kepler-122,56.268,2454997.21993,0.00382
Kepler-96 b,Kepler-96,16.2385,2455004.01897,
KOI-13 b,KOI-13,1.763588,2454953.56596,2e-05
Kepler-17 b,Kepler-17,1.4857108,2455185.678035,2.3e-05
TOI-7510 d,TOI-7510,48.864468,2458693.788019,
CoRoT-23 b,CoRoT-23,3.6313,2455308.939,0.001
BD+20 274 b,BD+20 274,578.2,,
HD 219415 b,HD 219415,2093.3,,
HD 150706 b,HD 150706,5894.0,,
OGLE-2011-BLG-0251L b,OGLE-2011-BLG-0251L,,,
Kepler-414 c,Kepler-414,7.171,2455009.666844,0.000747
HD 3167 e,HD 3167,96.63,2457738.43,2.67
Kepler-42 c,Kepler-42,0.45328509,2454966.86952,0.00042
Kepler-33 c,Kepler-33,13.17562,2454976.6764,0.0042
Kepler-641 b,Kepler-641,9.48961571,2455004.92913,0.00199
Kepler-410 A b,Kepler-410 A,17.833648,2455014.23765,0.00022
Kepler-314 c,Kepler-314,5.960392,2454970.26485,0.00051
HD 168863 b,HD 168863,14773.93272,,
HD 89839 b,HD 89839,3441.0,,
Kepler-415 b,Kepler-415,4.176,2455185.9956,0.00347
Kepler-338 e,Kepler-338,9.341,2454965.38581,0.0039
Kepler-33 e,Kepler-33,31.7844,2454968.8715,0.0048
Kepler-33 b,Kepler-33,5.66793,2454964.8981,0.0075
Kepler-46 c,Kepler-46,57.011,,
Kepler-318 b,Kepler-318,4.662715,2454967.08179,0.00034
Kepler-314 b,Kepler-314,2.461069,2454966.31441,0.00341
Kepler-46 b,Kepler-46,33.60134,2455053.2826,0.0013
USco CTIO 108 b,USco CTIO 108,,,
Kepler-130 c,Kepler-130,27.50868,2455015.1039,
Kepler-418 b,Kepler-418,86.67856,2455008.5975,0.00066
Kepler-33 f,Kepler-33,41.02902,2455005.5763,0.004
Kepler-33 d,Kepler-33,21.77596,2455022.6342,0.0018
HD 155358 c,HD 155358,391.9,,
Kepler-52 b,Kepler-52,7.8773565,2455009.37692,0.0015
Kepler-58 b,Kepler-58,10.2184954,2454969.87048,0.0056
HD 183263 c,HD 183263,4667.97841,2457195.7,8.5
HD 187123 b,HD 187123,3.0965828,2455665.934,0.003
V0391 Peg b,V0391 Peg,1170.0,,
Kepler-62 e,Kepler-62,122.3874,2454983.404,0.003
HD 197037 b,HD 197037,1035.7,,
CFBDSIR J145829+101343 b,CFBDSIR J145829+101343,10037.5,,
Kepler-269 b,Kepler-269,5.326718,2455190.12204,0.00329
Kepler-300 c,Kepler-300,40.714955,2454979.56443,0.00343
Kepler-149 d,Kepler-149,160.018032,2455084.28348,0.00324
Kepler-124 d,Kepler-124,30.950851,2454986.83698,0.0061
Kepler-276 d,Kepler-276,48.648,2455005.12729,0.00066
Kepler-114 c,Kepler-114,8.041,2454976.038945,0.000794
Kepler-297 b,Kepler-297,38.871826,2455004.28713,0.00209
WASP-83 b,WASP-83,4.971252,2455928.8853,0.0004
WASP-89 b,WASP-89,3.3564227,2456207.02114,0.00012
Kepler-402 c,Kepler-402,6.124821,2454967.936,0.00285
Kepler-157 b,Kepler-157,1.732342,2454967.5302,0.00205
HATS-6 b,HATS-6,3.3252725,2456643.74058,8.4e-05
Kepler-450 c,Kepler-450,15.413135,2454969.94071,0.00115692
Kepler-81 c,Kepler-81,12.04,2455014.22266,0.00086004
Kepler-412 b,Kepler-412,1.7208604,2454966.02122,2e-05
Kepler-92 b,Kepler-92,13.749,2455012.27859,0.00046398
Kepler-288 c,Kepler-288,19.305772,2455206.19055,0.00328
Kepler-295 b,Kepler-295,12.645164,2454971.62536,0.00812
Kepler-178 d,Kepler-178,96.678988,2454973.17842,0.00387
Kepler-44 b,Kepler-44,3.2467293,2455187.1564,0.00021
Kepler-41 b,Kepler-41,1.8555582,2455187.280482,5.1e-05
Kepler-450 d,Kepler-450,7.51464,2454969.17528,0.00077472
POTS-1 b,POTS-1,3.1606296,2454231.65488,0.00044
Kepler-350 d,Kepler-350,26.136,2454964.61923,0.00320297
Kepler-238 f,Kepler-238,50.447,2455011.49203,0.00539973
Kepler-287 c,Kepler-287,44.851896,2455005.463,0.00325
Kepler-285 b,Kepler-285,2.633867,2454967.56281,0.00251
Kepler-181 b,Kepler-181,3.137873,2454966.55562,0.0024
Kepler-1398 c,Kepler-1398,4.13827595,2454966.22851,0.00538
RR Cae b,RR Cae,4343.5,,
WASP-24 b,WASP-24,2.34121,2455402.12744,0.00015
WASP-21 b,WASP-21,4.322482,2454743.0419,0.0019
LHS 3844 b,LHS 3844,0.46292913,2458325.72558,0.00025
TOI-237 b,TOI-237,5.436098,2458697.7197997,0.000796
K2-237 b,K2-237,2.18053332,2457706.61618,3e-05
Kepler-284 b,Kepler-284,12.699149,2455017.98515,0.00361
Kepler-654 b,Kepler-654,13.72465129,2455013.64638,0.00264
Kepler-199 c,Kepler-199,67.093408,2454979.56577,0.00167
Kepler-214 b,Kepler-214,15.660544,2454979.34895,0.00277
Kepler-87 b,Kepler-87,114.73635,2454998.150671,0.000977
Kepler-75 b,Kepler-75,8.8849116,2455640.4403,0.00012
Kepler-74 b,Kepler-74,7.340711,2455187.56737,0.00014
Kepler-145 c,Kepler-145,42.882,2455036.6478,0.00097387
Kepler-328 b,Kepler-328,34.921,2454990.6317,0.0211
Kepler-115 c,Kepler-115,8.990889,2454969.73792,0.00132
Kepler-341 c,Kepler-341,8.01041,2454968.31534,0.00366
Kepler-225 b,Kepler-225,6.738975,2454968.27658,0.0036
Kepler-871 b,Kepler-871,22.0459018,2454969.47832,0.00442
Kepler-56 c,Kepler-56,21.40239,2454978.656,0.0057
XO-5 b,XO-5,4.1877558,2456864.3129,0.0002
Kepler-447 b,Kepler-447,7.79430132,2454970.259778,
Kepler-216 b,Kepler-216,7.693641,2455009.50106,0.00237
Kepler-259 c,Kepler-259,36.924931,2455007.22336,0.00267
Kepler-293 b,Kepler-293,19.254196,2454997.78133,0.00245
Kepler-291 b,Kepler-291,3.546511,2454967.90112,0.00274
Kepler-242 c,Kepler-242,14.496481,2454976.41348,0.00346
Kepler-240 b,Kepler-240,4.144495,2454968.92658,0.00337
Kepler-56 b,Kepler-56,10.5016,2454978.2556,0.0056
WASP-16 b,WASP-16,3.1186,2456355.79653,0.00013
WASP-17 b,WASP-17,3.73543,2454592.80154,5e-05
WASP-18 b,WASP-18,0.94145223,2456740.8056,0.00019
HAT-P-54 b,HAT-P-54,3.799847,2456299.3037,0.00024
TrES-5 b,TrES-5,1.48224686,2456458.59219,9e-05
Kepler-148 c,Kepler-148,4.180043,2455006.71928,0.00054
Kepler-179 b,Kepler-179,2.735926,2455004.09382,0.00156
Kepler-303 b,Kepler-303,1.937055,2454967.71867,0.00124
Kepler-260 b,Kepler-260,8.187399,2455093.86771,0.00136
Kepler-226 b,Kepler-226,3.940997,2454969.09337,0.00284
WASP-19 b,WASP-19,0.78883852,2456402.7128,0.0017
WASP-26 b,WASP-26,2.7566,2456548.80037,0.00022
WASP-29 b,WASP-29,3.92273,2457866.07613,0.00011
WASP-33 b,WASP-33,1.21987,2459883.198788,0.00020759
HATS-14 b,HATS-14,2.7667641,2456408.76462,0.00021
HD 95086 b,HD 95086,,,
Kepler-165 c,Kepler-165,15.31299,2455004.79196,0.00192
Kepler-197 d,Kepler-197,15.677563,2455012.46886,0.00328
Kepler-125 b,Kepler-125,4.164389,2455004.08676,0.00037
Kepler-306 c,Kepler-306,7.240193,2455188.01328,0.00219
KOI-351 e,KOI-351,91.93913,2454967.3127,0.0063
KOI-351 c,KOI-351,8.719375,2454972.5687,0.0023
Kepler-222 c,Kepler-222,10.08881,2455006.08263,0.00061
Kepler-184 d,Kepler-184,29.022358,2455031.3679,0.00309
Kepler-309 b,Kepler-309,5.923653,2454967.68239,0.00245
Kepler-696 b,Kepler-696,4.190425575,2455004.441249,0.000311
Kepler-11 f,Kepler-11,46.6888,2455618.271,0.0041
Kepler-11 e,Kepler-11,31.9996,2455595.0755,0.0015
Kepler-11 g,Kepler-11,118.3807,2455593.8021,0.003
Kepler-166 c,Kepler-166,34.260281,2455016.22653,0.00208
Kepler-275 b,Kepler-275,10.300682,2454975.73999,0.01185
Kepler-1298 b,Kepler-1298,7.12811928,2454969.88305,0.00548
Kepler-11 c,Kepler-11,13.0241,2455583.3494,0.0014
WASP-57 b,WASP-57,2.83891856,2456058.5491,0.00016
HAT-P-50 b,HAT-P-50,3.1220109,2456285.90993,0.00036
MOA-2008-BLG-379L b,MOA-2008-BLG-379L,,,
HD 13908 b,HD 13908,19.382,,
Kepler-108 b,Kepler-108,49.183921,2454974.91123,0.00066
Kepler-264 b,Kepler-264,40.806231,2454988.71209,0.0079
Kepler-279 b,Kepler-279,12.309681,2454970.68644,0.00246
Kepler-286 c,Kepler-286,3.468095,2454969.00318,0.00392
GJ 667 C c,GJ 667 C,28.14,,
HD 13908 c,HD 13908,931.0,,
HD 159243 b,HD 159243,12.62,,
Kepler-261 b,Kepler-261,10.381227,2455101.02361,0.00075
HIP 57274 c,HIP 57274,32.03,2455793.035,0.176
Kepler-292 d,Kepler-292,7.055679,2455014.90973,0.00369
GJ 667 C f,GJ 667 C,39.026,,
HD 73526 c,HD 73526,379.1,,
HD 106906 b,HD 106906,,,
Kepler-119 b,Kepler-119,2.422082,2454965.93928,0.00019
HD 220074 b,HD 220074,672.09998,,
Kepler-297 c,Kepler-297,74.920137,2454958.0377,0.00098
Kepler-343 b,Kepler-343,8.96855,2454972.38991,0.00308
Kepler-282 d,Kepler-282,24.806,2454978.07495,0.00264
Kepler-158 b,Kepler-158,16.709184,2455007.75561,0.00193
Kepler-273 b,Kepler-273,2.936532,2454968.71482,0.00188
Kepler-677 b,Kepler-677,6.57531678,2455006.634296,0.000446
Kepler-306 b,Kepler-306,4.646186,2455187.59058,0.00257
Kepler-267 d,Kepler-267,28.464515,2454991.04035,0.00334
DP Leo b,DP Leo,10220.0,,
HAT-P-19 b,HAT-P-19,4.00878322,2456610.863945,7.1e-05
HAT-P-34 b,HAT-P-34,5.452654,2455431.59706,0.00055
WASP-11 b,WASP-11,3.72247,2456933.615316,5e-05
WASP-37 b,WASP-37,3.577469,2455338.6188,0.0006
WASP-90 b,WASP-90,3.916243,2456235.5639,0.0005
K2-26 b,K2-26,14.5665,2456775.1659,0.0028
Kepler-276 c,Kepler-276,31.884,2454993.207926,4.8e-05
Kepler-305 b,Kepler-305,5.487,2455189.0773,0.00145
Kepler-266 b,Kepler-266,6.61833,2455193.3696,0.00323
Kepler-121 c,Kepler-121,41.008011,2454980.03476,0.00265
Kepler-338 d,Kepler-338,44.431014,2454976.54198,0.0048
2MASS J01225093-2439505 b,2MASS J01225093-2439505,,,
WASP-52 b,WASP-52,1.7497798,2455793.68143,9e-05
WASP-72 b,WASP-72,2.21673,2458789.06301,0.00017
WASP-75 b,WASP-75,2.484193,2456016.2669,0.0003
WASP-135 b,WASP-135,1.4013794,2455230.9902,0.0009
HD 222237 b,HD 222237,14892.0,,
Kepler-126 d,Kepler-126,100.283134,2455078.04434,0.00131
Kepler-381 c,Kepler-381,13.391635,2454966.05506,0.00424
Kepler-249 d,Kepler-249,15.368459,2454980.38889,0.00254
Kepler-254 d,Kepler-254,18.746477,2454980.12909,0.00384
SPECULOOS-3 b,SPECULOOS-3,0.71912603,2459790.58344,0.00032
Kepler-363 d,Kepler-363,11.932125,2454975.10532,0.00443
Kepler-366 b,Kepler-366,3.281959,2454965.41897,0.0037
Kepler-141 b,Kepler-141,3.107675,2454965.63058,0.00374
Kepler-142 d,Kepler-142,41.809118,2454981.69926,0.00831
Kepler-400 b,Kepler-400,9.024389,2454966.53848,0.00239
Kepler-204 c,Kepler-204,25.660593,2454988.15165,0.00679
WASP-41 c,WASP-41,421.0,,
Kepler-312 c,Kepler-312,19.747412,2454980.1036,0.00191
Kepler-286 d,Kepler-286,5.914323,2454966.48698,0.00524
Kepler-91 b,Kepler-91,6.24658,2454969.3958,0.0002
HAT-P-14 b,HAT-P-14,4.62767,2457304.81275,0.00015
HR 8799 b,HR 8799,170000.0,,
HR 8799 c,HR 8799,69000.0,,
HR 8799 d,HR 8799,37000.0,,
HR 8799 e,HR 8799,20815.6,,
HD 176986 b,HD 176986,6.49164,2460624.06,0.17
HD 176986 c,HD 176986,16.8124,2460614.69,0.32
TOI-4495 c,TOI-4495,5.18553,2458687.8395,0.0012
TOI-4495 b,TOI-4495,2.56699,2458685.7738,0.0017
TOI-6692 b,TOI-6692,131.125,2459378.4174,0.0022
KMT-2025-BLG-1616L b,KMT-2025-BLG-1616L,,,
HD 176986 d,HD 176986,61.376,2460614.69,3.0
Kepler-354 b,Kepler-354,5.47666,2454968.70204,0.00241
Kepler-368 b,Kepler-368,26.84768,2454975.16776,0.00668
Kepler-135 b,Kepler-135,6.00253,2455004.71611,0.00144
Kepler-383 b,Kepler-383,12.904532,2454977.31985,0.00557
HAT-P-66 b,HAT-P-66,2.972086,2457258.79907,0.00072
WASP-118 b,WASP-118,4.0460435,2456787.81423,0.00062
WASP-7 b,WASP-7,4.9546416,2455446.63493,0.0003
XO-4 b,XO-4,4.12508,2456878.47303,0.00023
KELT-2 A b,KELT-2 A,4.11379,2459467.198989,8e-05
K2-30 b,K2-30,4.098503,2457063.80714,0.0001
WASP-101 b,WASP-101,3.58572,2458387.832522,8.6e-05
Kepler-104 c,Kepler-104,23.668205,2454965.71597,0.00134
Kepler-369 c,Kepler-369,14.871572,2454970.69114,0.00367
Kepler-371 b,Kepler-371,34.763278,2454994.73489,0.00644
Kepler-147 b,Kepler-147,12.610584,2454971.19015,0.01042
Kepler-132 d,Kepler-132,18.010199,2455012.42116,0.00212
Kepler-208 c,Kepler-208,7.466623,2454965.77383,0.00486
Kepler-487 c,Kepler-487,38.6519976,2454997.04919,0.00537
Kepler-316 c,Kepler-316,6.827766,2454971.61401,0.00268
Kepler-313 b,Kepler-313,14.970418,2454967.5006,0.00429
Kepler-372 c,Kepler-372,20.053763,2454969.58035,0.00595
Kepler-373 b,Kepler-373,5.535309,2454965.76048,0.00318
Kepler-151 c,Kepler-151,24.674612,2454979.77073,0.0026
Kepler-386 c,Kepler-386,25.193458,2454979.43209,0.0082
Kepler-215 c,Kepler-215,14.667108,2454978.42381,0.00314
Kepler-404 b,Kepler-404,11.829851,2454970.61764,0.01179
HD 3167 d,HD 3167,8.4112,2457745.37,0.18
Kepler-317 b,Kepler-317,5.524242,2454968.61931,0.00303
Kepler-319 c,Kepler-319,6.941357,2454970.54285,0.00061
Kepler-375 c,Kepler-375,19.986326,2454968.52342,0.00545
Kepler-356 c,Kepler-356,13.121632,2454966.3931,0.00407
Kepler-387 b,Kepler-387,6.791636,2454969.4873,0.00817
Kepler-388 b,Kepler-388,3.173315,2454966.69965,0.0035
Kepler-224 e,Kepler-224,18.643577,2454974.62463,0.00283
Kepler-226 d,Kepler-226,8.109044,2454965.80333,0.00751
Kepler-348 b,Kepler-348,7.05677,2454965.53178,0.00236
Kepler-338 b,Kepler-338,13.726976,2454971.74833,0.00247
Kepler-376 c,Kepler-376,14.172327,2454975.59795,0.00444
Kepler-377 c,Kepler-377,27.014976,2454965.50842,0.00837
Kepler-389 b,Kepler-389,3.244107,2454965.94408,0.00642
Kepler-118 b,Kepler-118,7.518496,2454965.53666,0.00459
Kepler-123 c,Kepler-123,26.695074,2454976.99812,0.0107
Kepler-243 c,Kepler-243,20.026218,2454979.90767,0.00404
GJ 3470 b,GJ 3470,3.3366496,2455983.70421,
Kepler-379 c,Kepler-379,62.784697,2454990.30359,0.00544
Kepler-112 c,Kepler-112,28.574263,2454976.8308,0.00122
Kepler-137 c,Kepler-137,18.735753,2455010.63394,0.00105
Kepler-390 b,Kepler-390,6.738088,2454966.32269,0.00634
HD 221420 b,HD 221420,10090.0,,
Kepler-351 c,Kepler-351,57.24809,2455017.69417,0.00492
Kepler-327 b,Kepler-327,2.549575,2454965.60488,0.00128
Kepler-114 b,Kepler-114,5.188549,2454978.3632,0.0014
Kepler-358 c,Kepler-358,83.488369,2455021.53814,0.00504
Kepler-169 c,Kepler-169,6.195469,2454967.71616,0.00275
Kepler-236 b,Kepler-236,8.295611,2454968.79207,0.0023
Kepler-141 c,Kepler-141,7.010606,2455007.57599,0.00142
Kepler-858 b,Kepler-858,76.13602028,2455032.479049,0.000623
Kepler-855 b,Kepler-855,7.886631104,2455193.514349,0.000219
Kepler-321 c,Kepler-321,13.093921,2454977.52374,0.00109
Kepler-349 b,Kepler-349,5.929778,2454968.49118,0.00193
Kepler-353 c,Kepler-353,8.410894,2454966.80505,0.00265
Kepler-359 c,Kepler-359,57.68802,2454972.94136,0.00667
Kepler-173 b,Kepler-173,4.263742,2454966.72031,0.00283
K2-29 b,K2-29,3.2588321,2453219.0095,0.0022
Kepler-180 b,Kepler-180,13.817124,2454968.04028,0.00709
Kepler-244 d,Kepler-244,20.050401,2455021.08718,0.00377
Kepler-254 c,Kepler-254,12.412183,2454975.53938,0.00389
WASP-92 b,WASP-92,2.1746742,2456381.2834,0.00027
HD 108202 b,HD 108202,2990.0,,
Kepler-330 c,Kepler-330,15.955387,2454976.30371,0.00291
Kepler-1243 b,Kepler-1243,16.8320729,2454973.5288,0.00503
Kepler-360 b,Kepler-360,3.289672,2454964.75603,0.00213
Kepler-49 e,Kepler-49,18.596108,2454974.26415,0.00242
Kepler-140 b,Kepler-140,3.25427,2455005.66151,0.00133
Kepler-122 d,Kepler-122,21.587475,2454975.97287,0.00379
HD 27894 c,HD 27894,36.07,,
Kepler-268 c,Kepler-268,83.446393,2454991.6851,0.00592
Kepler-171 c,Kepler-171,11.463462,2454970.38428,0.00138
HD 154345 b,HD 154345,3341.55884,2456384.0,58.0
HD 181433 b,HD 181433,9.3743,,
Kepler-133 c,Kepler-133,31.517586,2455018.15322,0.00266
Kepler-185 b,Kepler-185,1.6329,2454967.54797,0.00189
HD 68988 c,HD 68988,16000.0,2451660.0,110.0
Kepler-346 b,Kepler-346,6.511127,2454964.7057,0.00166
Kepler-718 b,Kepler-718,2.052349905,2455002.8906293,5.77e-05
Kepler-720 b,Kepler-720,4.708326542,2455004.44652,0.000125
Kepler-1241 b,Kepler-1241,18.5525701,2454968.51046,0.00449
Kepler-495 b,Kepler-495,3.413036221,2454965.443088,0.000146
Kepler-281 b,Kepler-281,14.646008,2454969.51691,0.00588
Kepler-288 b,Kepler-288,6.097326,2455187.06412,0.00575
Kepler-394 b,Kepler-394,8.005013,2454971.71069,0.00687
Kepler-189 b,Kepler-189,10.399931,2454974.51092,0.00438
HD 168443 b,HD 168443,58.11187,2455272.957,0.011
Kepler-148 b,Kepler-148,1.729366,2454966.81853,0.00133
Kepler-178 c,Kepler-178,20.552802,2454978.02634,0.00201
Kepler-686 b,Kepler-686,1.594745463,2455003.6483223,5.81e-05
Kepler-468 b,Kepler-468,38.478757067,2454984.853006,0.000101
Kepler-953 c,Kepler-953,9.10967112,2454966.06724,0.00236
Kepler-342 b,Kepler-342,15.170318,2454965.66283,0.00243
Kepler-334 c,Kepler-334,12.758005,2454966.9579,0.00256
Kepler-291 c,Kepler-291,5.700786,2454965.68674,0.00483
Kepler-298 c,Kepler-298,22.92881,2455156.03372,0.01134
Kepler-190 c,Kepler-190,3.763024,2454965.59486,0.00141
Kepler-191 c,Kepler-191,17.738506,2454981.98862,0.00284
BD-08 2823 c,BD-08 2823,237.6,,
HD 10180 f,HD 10180,122.744,,
Kepler-207 c,Kepler-207,3.071571,2454966.30425,0.00295
Kepler-224 b,Kepler-224,3.132924,2454968.67544,0.0025
HD 16905 b,HD 16905,10256.0,,
Kepler-337 c,Kepler-337,9.693201,2454965.8115,0.00291
Kepler-299 d,Kepler-299,15.054786,2454977.58557,0.00804
Kepler-953 b,Kepler-953,88.40655258,2455009.275572,0.000726
Kepler-493 b,Kepler-493,3.003876581,2454967.711271,0.000271
Kepler-303 c,Kepler-303,7.061149,2454969.27187,0.00152
Kepler-137 b,Kepler-137,8.436387,2455012.8864,0.00117
HD 187123 c,HD 187123,3810.0,2458871.0,25.0
HD 217107 b,HD 217107,7.12682,2456306.847,0.004
Kepler-228 b,Kepler-228,2.566546,2455012.5536,0.0054
Kepler-238 c,Kepler-238,6.155557,2454967.82322,0.00446
HD 62364 c,HD 62364,74839.94555,,
Kepler-324 c,Kepler-324,51.805612,2455016.00049,0.00291
Kepler-188 b,Kepler-188,2.061897,2454966.19858,0.0027
Kepler-126 b,Kepler-126,10.495711,2455005.78966,0.00165
GJ 1214 b,GJ 1214,1.580404531,2459639.7812619,9e-06
Kepler-136 c,Kepler-136,16.399235,2454964.96851,0.0018
Kepler-198 c,Kepler-198,49.567416,2455002.54001,0.00247
Kepler-398 b,Kepler-398,4.081423,2454966.85795,0.00176
Kepler-244 c,Kepler-244,9.767292,2455019.57903,0.00229
Kepler-247 b,Kepler-247,3.33616,2454968.3129,0.00118
BD-210397 b,BD-210397,1891.0,,
Kepler-301 d,Kepler-301,13.751243,2454977.61227,0.00347
Kepler-301 c,Kepler-301,5.419026,2454964.64467,0.00371
Kepler-342 d,Kepler-342,39.459357,2454969.46152,0.00597
Kepler-191 b,Kepler-191,9.939632,2454964.58517,0.00408
Kepler-194 d,Kepler-194,52.814973,2454997.90324,0.00559
Kepler-208 e,Kepler-208,16.259458,2454945.01425,0.00605
Kepler-344 c,Kepler-344,125.596809,2455048.44167,0.00546
Kepler-304 d,Kepler-304,9.653471,2454967.85589,0.00091
Kepler-304 c,Kepler-304,5.315946,2454965.42892,0.00085
Kepler-81 d,Kepler-81,20.837846,2454965.07963,0.00533
Kepler-548 b,Kepler-548,4.454194338,2455005.820206,6.87e-05
Kepler-723 b,Kepler-723,4.082275068,2455002.6375295,4.56e-05
Kepler-197 e,Kepler-197,25.209715,2454987.41342,0.00934
Kepler-200 c,Kepler-200,10.222157,2454968.89056,0.00297
Kepler-346 c,Kepler-346,23.851549,2454980.61656,0.00271
Kepler-350 b,Kepler-350,11.189562,2454973.63108,0.00699
Kepler-306 e,Kepler-306,44.840975,2455192.87387,0.00446
Kepler-84 e,Kepler-84,27.434389,2454978.1254,0.00408
Kepler-265 e,Kepler-265,67.831024,2454958.89695,0.01335
Kepler-217 c,Kepler-217,8.586004,2454970.96096,0.00374
Kepler-220 d,Kepler-220,28.122397,2454979.91883,0.00366
Kepler-351 b,Kepler-351,37.054919,2455033.20033,0.00698
Kepler-352 b,Kepler-352,10.05537,2455006.23302,0.00547
Kepler-84 d,Kepler-84,4.224537,2454968.43327,0.00594
Kepler-310 d,Kepler-310,92.876125,2454978.92567,0.00419
Kepler-282 b,Kepler-282,9.220524,2454971.05444,0.02523
Kepler-282 c,Kepler-282,13.638723,2454974.77809,0.02213
Kepler-220 e,Kepler-220,45.902733,2454999.56251,0.00248
Kepler-154 c,Kepler-154,62.303276,2455012.09423,0.00385
Kepler-353 b,Kepler-353,5.795278,2454969.78197,0.00569
Kepler-85 e,Kepler-85,25.216751,2454985.68815,0.01695
Kepler-55 e,Kepler-55,4.617534,2454968.04254,0.00224
Kepler-310 b,Kepler-310,13.930698,2454967.42673,0.0047
Kepler-286 e,Kepler-286,29.221289,2454972.33017,0.00718
Kepler-368 c,Kepler-368,72.379334,2455012.5342,0.0127
Kepler-356 b,Kepler-356,4.612696,2454965.77463,0.00268
Kepler-354 d,Kepler-354,24.209842,2454974.4763,0.01256
Kepler-313 c,Kepler-313,32.273273,2454982.10331,0.01367
Kepler-142 b,Kepler-142,2.024152,2455003.49468,0.00078
Kepler-487 b,Kepler-487,15.358768403,2454965.385103,0.000117
Kepler-506 b,Kepler-506,6.8834055,2455005.662603,0.000357
Kepler-58 d,Kepler-58,40.101371,2454965.71799,0.00903
Kepler-299 e,Kepler-299,38.285489,2454976.30747,0.02483
Kepler-372 b,Kepler-372,6.849692,2454967.68069,0.01274
Kepler-378 c,Kepler-378,28.906009,2454991.82172,0.00444
Kepler-357 c,Kepler-357,16.85837,2454975.34264,0.00299
Kepler-308 c,Kepler-308,15.38231,2454972.08277,0.00623
Kepler-124 b,Kepler-124,3.410493,2454964.57549,0.00362
Kepler-235 b,Kepler-235,3.340222,2455004.97787,0.00084
Kepler-392 c,Kepler-392,10.423118,2454968.15286,0.00501
Kepler-360 c,Kepler-360,7.186434,2454969.62273,0.00263
Kepler-363 b,Kepler-363,3.614568,2454967.69656,0.00852
Kepler-319 d,Kepler-319,31.781925,2454967.86667,0.00205
Kepler-319 b,Kepler-319,4.362705,2454968.23073,0.00134
Kepler-398 c,Kepler-398,11.419412,2454975.11768,0.00271
Kepler-399 b,Kepler-399,14.425281,2454969.75198,0.00606
Kepler-379 b,Kepler-379,20.09838,2455040.5759,0.00529
Kepler-198 b,Kepler-198,17.790037,2455015.43638,0.00105
Kepler-372 d,Kepler-372,30.092568,2454982.03083,0.01474
Kepler-146 b,Kepler-146,31.158799,2455006.90272,0.0015
Kepler-250 b,Kepler-250,4.148141,2454966.39095,0.00672
Kepler-390 c,Kepler-390,13.060022,2454977.33121,0.00969
Kepler-373 c,Kepler-373,16.725948,2454976.74868,0.00671
Kepler-326 b,Kepler-326,2.248329,2454966.42421,0.00115
Kepler-325 c,Kepler-325,12.762172,2454976.73016,0.00342
Kepler-46 d,Kepler-46,6.766589,2454971.05891,0.00192
Kepler-142 c,Kepler-142,4.761702,2455003.33543,0.0006
Kepler-374 d,Kepler-374,5.028219,2454967.10741,0.00447
Kepler-375 b,Kepler-375,12.125934,2454975.10445,0.00691
Kepler-256 b,Kepler-256,1.620493,2454965.06776,0.00339
Kepler-327 d,Kepler-327,13.969457,2454965.17104,0.00126
Kepler-403 c,Kepler-403,54.280749,2454973.7172,0.00648
Kepler-209 c,Kepler-209,41.749882,2454986.83986,0.00145
Kepler-246 c,Kepler-246,11.187161,2454970.18172,0.00415
Kepler-250 d,Kepler-250,17.648312,2454966.545,0.00297
Kepler-376 b,Kepler-376,4.920199,2454968.40794,0.00788
Kepler-380 c,Kepler-380,7.630004,2454970.08071,0.00585
Kepler-130 d,Kepler-130,87.517905,2455034.15805,0.00467
Kepler-252 b,Kepler-252,6.668391,2454970.43483,0.00271
Kepler-255 b,Kepler-255,5.714606,2454965.64035,0.006
Kepler-381 b,Kepler-381,5.629021,2454967.74616,0.00277
Kepler-383 c,Kepler-383,31.200751,2454973.07568,0.0071
Kepler-331 d,Kepler-331,32.134328,2454975.26823,0.00375
Kepler-333 c,Kepler-333,24.08821,2454967.42547,0.00501
HATS-33 b,HATS-33,2.5495551,2456497.23181,0.0005
TOI-3856 b,TOI-3856,2.04360352,2459574.66334,0.00012
TOI-5789 e,TOI-5789,62.98,24560359.05,1.17
K2-55 b,K2-55,2.849271,2456983.4229,0.0004
K2-60 b,K2-60,3.00265,2456928.0593,0.0007
Kepler-405 c,Kepler-405,29.726682,2456560.20398,0.40097
Kepler-256 d,Kepler-256,5.839172,2454965.08845,0.00318
Kepler-258 c,Kepler-258,33.653079,2454980.79807,0.0036
Kepler-387 c,Kepler-387,11.837549,2454975.2121,0.01677
Kepler-334 d,Kepler-334,25.09849,2454978.56945,0.00345
Kepler-336 b,Kepler-336,2.024823,2454965.35611,0.00475
Kepler-149 c,Kepler-149,55.328328,2455019.32665,0.01752
Kepler-393 c,Kepler-393,14.613612,2454973.4124,0.00736
Kepler-292 c,Kepler-292,3.715335,2455002.79198,0.00513
Kepler-337 b,Kepler-337,3.292781,2454966.00966,0.00345
Kepler-338 c,Kepler-338,24.310856,2454970.04147,0.00397
Kepler-164 b,Kepler-164,5.03503,2454965.65465,0.00338
Kepler-169 f,Kepler-169,87.090195,2455020.3184,0.00276
Kepler-265 b,Kepler-265,6.846262,2454965.17037,0.00564
Kepler-269 c,Kepler-269,8.127899,2455191.68805,0.00938
Kepler-395 b,Kepler-395,7.054346,2454969.19136,0.00566
Kepler-298 d,Kepler-298,77.473633,2455017.24735,0.0049
Kepler-339 c,Kepler-339,6.988055,2454965.5611,0.00446
Kepler-339 d,Kepler-339,10.558345,2454969.34663,0.0045
Kepler-171 d,Kepler-171,39.595519,2455001.11922,0.01042
Kepler-174 d,Kepler-174,247.35373,2455197.15875,0.00346
Kepler-272 d,Kepler-272,10.937304,2454969.98503,0.00372
Kepler-206 d,Kepler-206,23.44281,2454985.01049,0.01179
Kepler-122 c,Kepler-122,12.465988,2454967.00291,0.00047
Kepler-251 c,Kepler-251,16.514043,2455009.11632,0.00181
Kepler-234 c,Kepler-234,7.21205,2455005.81664,0.00178
KOI-1257 b,KOI-1257,86.647661,2455006.79454,0.0003
OGLE-2008-BLG-355L b,OGLE-2008-BLG-355L,,,
Kepler-200 b,Kepler-200,8.594805,2455004.62998,0.00234
Kepler-188 c,Kepler-188,5.996553,2455005.50314,0.00146
Kepler-252 c,Kepler-252,10.848463,2455004.80432,0.00081
Kepler-158 c,Kepler-158,28.551383,2455018.47678,0.00247
TOI-1272 b,TOI-1272,3.31599,2458713.02552,0.00036
KELT-12 b,KELT-12,5.031623,2457083.660459,0.000894
TOI-5720 b,TOI-5720,1.4344555,2460076.902501,0.00067
Kepler-421 b,Kepler-421,704.1984,2455325.7674,0.0012
Kepler-343 c,Kepler-343,23.22182,2454984.0664,0.00529
Kepler-347 c,Kepler-347,27.320871,2454987.30618,0.00991
Kepler-190 b,Kepler-190,2.019999,2455003.06945,0.00089
Kepler-253 c,Kepler-253,10.281951,2455008.33982,0.00164
Kepler-170 c,Kepler-170,16.665863,2455013.20177,0.00169
Kepler-205 c,Kepler-205,20.306546,2455005.6562,0.00113
KELT-7 b,KELT-7,2.73477,2459109.138447,5.1e-05
WASP-76 b,WASP-76,1.80988198,2458080.626165,0.000418
WASP-127 b,WASP-127,4.17806203,2456776.62124,0.00023
TOI-216.02,TOI-216,17.16073,2458324.5911,
HATS-59 c,HATS-59,1422.0,,
Kepler-202 b,Kepler-202,4.069427,2455004.01577,0.00098
Kepler-214 c,Kepler-214,28.7798,2455026.30447,0.00645
Kepler-192 b,Kepler-192,9.926746,2455008.68501,0.00102
Kepler-196 c,Kepler-196,47.427737,2455049.55425,0.00223
Kepler-245 d,Kepler-245,36.277108,2455034.27797,0.00264
Kepler-101 c,Kepler-101,6.02976,2454965.486,0.0088
Kepler-154 b,Kepler-154,33.040532,2454994.22087,0.00429
Kepler-359 d,Kepler-359,77.095691,2455035.67392,0.01213
Kepler-256 c,Kepler-256,3.38802,2455003.53221,0.00252
Kepler-254 b,Kepler-254,5.826662,2455006.01039,0.00101
Kepler-184 c,Kepler-184,20.303005,2455009.80167,0.00234
Kepler-248 b,Kepler-248,6.308205,2455007.04657,0.00089
KIC 10001893 b,KIC 10001893,0.2197,,
KIC 10001893 c,KIC 10001893,0.32528,,
Kepler-172 b,Kepler-172,2.940309,2455002.9034,0.00119
Kepler-205 b,Kepler-205,2.75564,2455003.84454,0.00046
Kepler-257 c,Kepler-257,6.581484,2455007.78643,0.00063
Kepler-217 b,Kepler-217,5.374943,2455003.93324,0.002
Kepler-174 c,Kepler-174,44.000529,2455043.75908,0.00312
Kepler-251 d,Kepler-251,30.133001,2455023.38322,0.00301
Kepler-423 b,Kepler-423,2.6843285,2454966.35480997,2.124e-05
TOI-561 e,TOI-561,77.144,2458538.1803,0.0035
LTT 1445 A b,LTT 1445 A,5.3587635,2458412.7091,0.00047
KELT-11 b,KELT-11,4.73620865,2455498.95898,0.00178
TOI-2537 c,TOI-2537,1920.0,2460060.0,25.0
TOI-1749 b,TOI-1749,2.38839,2458684.354953,0.00105449
TOI-3819 b,TOI-3819,3.2443141,2459502.7437,0.00038
KIC 10001893 d,KIC 10001893,0.81161,,
Kepler-361 b,Kepler-361,8.486616,2454971.01734,0.00464
Kepler-362 b,Kepler-362,10.327186,2454972.3793,0.00577
Kepler-218 c,Kepler-218,44.699576,2455007.82235,0.00218
Kepler-193 b,Kepler-193,11.38848,2455007.55117,0.00257
Kepler-253 d,Kepler-253,18.119869,2455015.6162,0.00195
Kepler-192 c,Kepler-192,21.2234,2455003.3746,0.00218
TOI-2346 b,TOI-2346,3.3312029,2459040.83958,0.00029
HIP 113103 b,HIP 113103,7.610303,2458325.5966,0.0033
HD 28109 d,HD 28109,84.2899,2458355.5685,0.0075
WASP-136 b,WASP-136,5.21536178778,2456776.9055,0.0011
TOI-1439 b,TOI-1439,27.644,2458703.4747,0.0029
K2-415 b,K2-415,4.0179694,2458100.07116,0.00069
WASP-185 b,WASP-185,9.38755,2456935.982,0.002
Kepler-365 c,Kepler-365,17.784129,2454979.90524,0.0077
Kepler-220 c,Kepler-220,9.034199,2455004.01425,0.00053
Kepler-487 d,Kepler-487,2.418390036,2454965.505587,0.000864
TOI-1634 b,TOI-1634,0.9893455,2458791.5146,0.0021
K2-266 c,K2-266,7.814,2457946.651,0.0064
HD 110067 g,HD 110067,54.76992,2459656.0921,0.002
TOI-1696 b,TOI-1696,2.500311,2458834.20115,0.00058
Kepler-522 b,Kepler-522,38.58422849,2455007.833446,0.000869
K2-199 c,K2-199,7.3744897,2457222.93034,0.00035
TOI-3688 A b,TOI-3688 A,3.246075,2459108.0507,0.0014
TOI-1723 b,TOI-1723,13.727012643,2459593.95996,0.00071
Kepler-670 b,Kepler-670,2.816504852,2455003.967687,4.39e-05
Kepler-196 b,Kepler-196,20.739886,2455006.21817,0.0019
Kepler-221 c,Kepler-221,5.690586,2455007.04865,0.00037
Kepler-163 c,Kepler-163,21.347262,2455004.7359,0.00225
Kepler-97 c,Kepler-97,789.0,,
Kepler-407 c,Kepler-407,3000.0,,
Kepler-427 b,Kepler-427,10.290994,2454970.02207,9e-05
TOI-5728 b,TOI-5728,11.49761,2458685.08679,0.0012
TOI-1246 c,TOI-1246,5.904137,2458683.4663,0.0018
WASP-148 c,WASP-148,34.524,2457935.6,1.2
Kepler-207 d,Kepler-207,5.868075,2455003.32243,0.00091
Kepler-245 b,Kepler-245,7.49019,2455007.94919,0.00132
Kepler-208 b,Kepler-208,4.22864,2455003.74197,0.00213
Kepler-246 b,Kepler-246,4.60182,2455002.97887,0.00096
Kepler-179 c,Kepler-179,6.40013,2455007.02343,0.00136
Kepler-226 c,Kepler-226,5.349555,2455004.80599,0.00148
Kepler-113 b,Kepler-113,4.754,2454961.5463,
Kepler-48 d,Kepler-48,42.8961,2454979.06554,
Kepler-199 b,Kepler-199,23.637604,2455005.64846,0.0011
Kepler-237 c,Kepler-237,8.103636,2455009.94805,0.00237
HD 181234 b,HD 181234,7593.40512,2457580.0,310.0
Kepler-247 c,Kepler-247,9.439452,2455010.18536,0.00042
Kepler-161 b,Kepler-161,4.921355,2455007.29899,0.0007
Kepler-153 b,Kepler-153,18.870227,2455011.71046,0.00116
Kepler-106 b,Kepler-106,6.16486,2454968.64035,
Kepler-100 d,Kepler-100,35.3331,2454986.98031,
Kepler-274 b,Kepler-274,11.634788,2454973.49696,0.0072
Kepler-312 b,Kepler-312,1.772419,2454965.08778,0.00381
Kepler-211 c,Kepler-211,6.04045,2455005.59435,0.00128
Kepler-212 c,Kepler-212,31.805174,2455023.2483,0.00278
Kepler-228 d,Kepler-228,11.094286,2455004.20123,0.00184
HD 27894 d,HD 27894,5019.54244,,
Kepler-230 b,Kepler-230,32.625555,2455027.13742,0.00198
TOI-444 b,TOI-444,17.9636,2459190.0391,0.0008
TOI-2202 b,TOI-2202,11.9126075,2459577.9736362,0.0038
Wendelstein-2 b,Wendelstein-2,1.7522239,2455679.2544,1.3e-05
LTT 3780 c,LTT 3780,12.252284,2459600.54227,0.00066
Kepler-166 b,Kepler-166,7.650254,2455004.97149,0.00088
Kepler-181 c,Kepler-181,4.302149,2455006.43717,0.00102
Kepler-106 d,Kepler-106,23.9802,2454980.53263,
Kepler-131 c,Kepler-131,25.5169,2454987.42342,
Kepler-320 b,Kepler-320,8.371554,2454970.67704,0.01257
Kepler-169 e,Kepler-169,13.767102,2455007.81064,0.00145
Kepler-249 c,Kepler-249,7.113702,2455007.32459,0.0014
Kepler-174 b,Kepler-174,13.98179,2455014.97351,0.00095
Kepler-231 c,Kepler-231,19.271566,2455019.76907,0.00327
Kepler-197 c,Kepler-197,10.349695,2455007.06421,0.00254
Kepler-151 b,Kepler-151,15.228958,2455009.55979,0.0011
Kepler-241 b,Kepler-241,12.718092,2455008.35418,0.00163
Kepler-232 b,Kepler-232,4.431222,2455004.01551,0.00139
Kepler-233 b,Kepler-233,8.472382,2455007.16212,0.0016
Kepler-143 b,Kepler-143,16.007583,2454975.63677,0.00321
Kepler-332 d,Kepler-332,34.21154,2454987.57732,0.00584
HIP 9618 b,HIP 9618,20.772858,2458767.4228,0.0013
Kepler-10 b,Kepler-10,0.8374907,2455034.08687,0.00018
Kepler-453 b,Kepler-453,240.503,,
TOI-1420 b,TOI-1420,6.9561063,2459517.43305,0.00012
TOI-6109 b,TOI-6109,5.690476,2458791.0538,0.0031
GJ 367 d,GJ 367,34.369,2459181.82,1.1
HD 24040 c,HD 24040,515.4,2454984.0,19.0
KIC 3558849 b,KIC 3558849,1322.3,2455112.92,0.44
HD 215152 c,HD 215152,7.28243,,
Kepler-440 b,Kepler-440,101.11141,2455756.2986,0.0028
WASP-154 b,WASP-154,3.811678,2459465.89195,0.00028
TOI-1221 b,TOI-1221,91.68278,2458404.1791,0.0035
Kepler-490 b,Kepler-490,3.268695154,2454970.4817067,5.71e-05
TOI-5205 b,TOI-5205,1.630757,2459443.47179,0.00019
TOI-1266 d,TOI-1266,32.509,2458729.03,1.97
TOI-1670 b,TOI-1670,10.98462,2458721.9423,0.0071
HATS-66 b,HATS-66,3.1414391,2457603.0514,0.0014
K2-13 b,K2-13,39.91488,2456812.525,0.0146
KIC 8540376 b,KOI-7892,31.8099,2456353.292,0.006
KIC 8540376 c,KOI-7892,75.2,2456349.911,0.02
Kepler-436 b,Kepler-436,64.00205,2455477.6307,0.0042
Kepler-186 f,Kepler-186,129.9441,2455789.494,0.0036
Kepler-441 b,Kepler-441,207.2482,2455667.7764,0.004
TOI-1224 c,TOI-1224,17.945466,2458329.859704,0.000828
K2-155 c,K2-155,13.85,2457994.66467,0.00056
TOI-712 d,TOI-712,84.8396,2458640.5457,0.0019
TOI-2088 b,TOI-2088,124.72997,2458769.6066,0.0027
WASP-1 b,WASP-1,2.5199454,2453912.5151,0.00027
KELT-3 b,KELT-3,2.70339,2458872.854373,9.5e-05
WASP-107 b,WASP-107,5.7214742,2459958.747244,8.2e-06
GJ 357 c,GJ 357,9.1247,,
Kepler-435 b,Kepler-435,8.6001536,2455010.64241,0.0004
Qatar-5 b,Qatar-5,2.8792319,2457336.758242,9.8e-05
TOI-5799 b,TOI-5799,4.164507,2460255.4185,0.00032
WASP-132 d,WASP-132,1816.6,2455051.5,95.0
HATS-56 b,HATS-56,4.324799,2457788.0029,0.0012
HD 97658 b,HD 97658,9.4897116,2458904.9366,0.0008
HAT-P-12 b,HAT-P-12,3.2130598,2454419.19556,0.0002
HAT-P-18 b,HAT-P-18,5.508023,2454715.02174,0.0002
HAT-P-33 b,HAT-P-33,3.47447,2458078.129918,8.8e-05
HD 149026 b,HD 149026,2.87589,2457217.64141,0.00011
TOI-6383 A b,TOI-6383 A,1.79058695,2459933.59545,0.0002
WASP-45 b,WASP-45,3.126089,2458339.143039,0.000312
WASP-117 b,WASP-117,10.02165,2458728.334175,6.8e-05
HATS-16 b,HATS-16,2.686502,2456824.79069,0.00076
NGTS-21 b,NGTS-21,1.5433897,2458228.77853,0.00067
HD 21520 b,HD 21520,25.1292,2459160.0157,0.0015
TOI-3353.01,TOI-3353,4.6657965,2460174.14998,0.0007765
K2-14 b,K2-14,8.36802,2456811.4513,0.0013
K2-15 b,K2-15,11.8104,2456811.8509,0.0076
K2-17 b,K2-17,17.96753,2456817.9462,0.0035
KIC 10525077 b,KIC 10525077,854.083,2455168.236,0.012
KIC 5437945 b,KIC 5437945,440.7813,2454972.355,0.003
Kepler-442 b,Kepler-442,112.3053,2455849.5578,0.0067
HD 67087 b,HD 67087,352.2,,
TOI-1411 b,TOI-1411,1.4520527,2458739.47404,0.00046
K2-285 c,K2-285,7.138048,2457744.53906,0.00039
Kepler-785 b,Kepler-785,1.973760926,2455011.6893717,3.99e-05
HATS-38 b,HATS-38,4.375021,2457725.16042,0.00072
HD 33844 c,HD 33844,916.0,,
HD 32963 b,HD 32963,2372.0,2455371.0,21.0
Kepler-437 b,Kepler-437,66.65062,2455670.6876,0.0023
HIP 78530 b,HIP 78530,,,
1RXS J160929.1-210524 b,1RXS J160929.1-210524,,,
OGLE-2012-BLG-0563L b,OGLE-2012-BLG-0563L,,,
Kepler-296 c,Kepler-296,5.8416366,2454968.9229,0.0013
OGLE-2016-BLG-1266L b,OGLE-2016-BLG-1266L,,,
TOI-4603 b,TOI-4603,7.24599,2459549.126,0.0014
Kepler-731 b,Kepler-731,3.855603551,2455003.6788861,6.07e-05
K2-265 b,K2-265,2.36902,2457017.18078,0.00055
KMT-2022-BLG-1818L b,KMT-2022-BLG-1818L,,,
WASP-2 b,WASP-2,2.152175,2458339.00342,0.00028
HD 106315 c,HD 106315,21.05704,2457569.0173,0.0014
WASP-28 b,WASP-28,3.40883495,2457642.502126,1.4e-05
NGTS-33 b,NGTS-33,2.827972,2459986.409,0.0003
Kepler-856 b,Kepler-856,8.027680595,2455193.171476,0.000179
HD 113538 b,HD 113538,663.2,,
Kepler-79 e,Kepler-79,81.0659,2455702.126,0.003
Kepler-79 c,Kepler-79,27.4029,2455706.475,0.004
Kepler-296 d,Kepler-296,19.850291,2454966.6496,0.0022
BD+15 2375 b,BD+15 2375,153.22,,
HD 5583 b,HD 5583,139.35,,
HD 113538 c,HD 113538,1818.0,,
HD 30669 b,HD 30669,1684.0,,
Kepler-79 b,Kepler-79,13.4845,2455684.307,0.002
Kepler-296 e,Kepler-296,34.14211,2454969.035,0.0064
Kepler-296 f,Kepler-296,63.33627,2454995.6069,0.0071
TOI-178 g,TOI-178,20.71663,2458748.0302,0.0023
WASP-180 A b,WASP-180 A,3.409264,2457763.315,0.0001
TOI-1201 b,TOI-1201,2.4919863,2459169.23222,0.00052
TOI-421 b,TOI-421,5.197576,2459189.7341,0.0005
HD 12484 b,HD 12484,58.83,,
HIP 65407 b,HIP 65407,28.125,,
HD 108341 b,HD 108341,1129.0,,
HD 103720 b,HD 103720,4.5557,,
HR 2562 b,HR 2562,,,
WASP-195 b,WASP-195,5.051928,2457357.23855,0.0022
TOI-1789 b,TOI-1789,3.208664,2458873.65374,0.00062
CoRoT-28 b,CoRoT-28,5.20851,2455755.8466,0.0029
WASP-98 b,WASP-98,2.96264036,2456333.392075,8.2e-05
Kepler-10 c,Kepler-10,45.294301,2455062.26648,0.00081
TOI-4087 b,TOI-4087,3.1774835,2459244.566414,9.3e-05
HD 62364 b,HD 62364,5138.0,,
TOI-2019 b,TOI-2019,15.3444,2458942.942,0.009
TOI-1798.02,TOI-1798,0.437811822,2459691.3135,0.00071
TOI-4600 b,TOI-4600,82.6869,2459750.1421,0.002
K2-140 b,K2-140,6.569188,2457588.28509,5e-05
Kepler-434 b,Kepler-434,12.8747099,2455003.02283,0.00042
Kepler-433 b,Kepler-433,5.33408384,2454964.98152,0.00015
HATS-43 b,HATS-43,4.3888497,2457636.08946,0.00025
K2-353 b,K2-353,15.466805,2458189.851818,0.000977
Kepler-685 b,Kepler-685,1.6255222,2455003.826671,7.42e-05
TOI-1806.01,TOI-1806,15.1454693,2458909.543414,0.00226335
HIP 41378 e,HIP 41378,369.0,2457142.0194,0.001
HD 207897 b,HD 207897,16.20166,2458796.49559,0.00067
HD 110067 b,HD 110067,9.113678,2459640.15797,0.00036
TOI-3474 b,TOI-3474,3.8795105,2459789.28867,0.00042
TOI-1333 b,TOI-1333,4.720219,2458913.37033,0.00045
HIP 109384 b,HIP 109384,499.48,,
HD 220842 b,HD 220842,218.47,,
Kepler-445 d,Kepler-445,8.15275,2454836.7512226,0.05
Kepler-445 c,Kepler-445,4.871229,2454966.6408,0.0019
Kepler-432 b,Kepler-432,52.501129,2455949.5374,0.0011
TOI-5181 A b,TOI-5181 A,3.8922295,2460100.73085,0.00033
HD 20329 b,HD 20329,0.926118,2459472.14321,0.00082
TOI-260 b,TOI-260,13.475853,2458392.2942,0.0015
WASP-87 b,WASP-87,1.682795,2457082.07656,0.00021
Kepler-1624 b,Kepler-1624,3.290304518,2454964.90925,0.00183
HAT-P-68 b,HAT-P-68,2.29840551,2456614.20355,0.00014
L 98-59 d,L 98-59,7.450729,2458362.74002,0.00025
TOI-2141 d,TOI-2141,60.45,2458940.5,5.2
TOI-2497 b,TOI-2497,10.655669,2459109.19818,0.0011
HD 158259 c,HD 158259,3.432,,
TOI-5795 b,TOI-5795,6.1406325,2459770.67397,0.0006
HR 858 b,HR 858,3.585287,2458409.19,0.0011
OGLE-2008-BLG-092L b,OGLE-2008-BLG-092L,,,
OGLE-2005-BLG-071L b,OGLE-2005-BLG-071L,,,
Kepler-445 b,Kepler-445,2.984151,2454966.1194,0.0033
Kepler-446 d,Kepler-446,5.148921,2454966.3196,0.0042
8 UMi b,8 UMi,93.31,,
TOI-1798.01,TOI-1798,8.021522331,2459688.1359,0.0021
K2-133 c,K2-133,4.86784,2457823.7686,0.0011
HIP 41378 f,HIP 41378,542.07975,2457186.91423,0.00039
OGLE-2006-BLG-109L b,OGLE-2006-BLG-109L,1788.5,,
HAT-P-16 b,HAT-P-16,2.77596727,2455027.60356,0.00035
HAT-P-13 b,HAT-P-13,2.91625,2454779.92976,0.00075
2MASS J02192210-3925225 b,2MASS J02192210-3925225,,,
AU Mic b,AU Mic,8.46308,2458525.04109,0.00052
WASP-32 b,WASP-32,2.71866,2456523.97994,0.00017
TOI-4201 b,TOI-4201,3.5819194,2458470.9619,0.0004
HD 118203 c,HD 118203,5103.0,2456825.0,68.0
TOI-1386 c,TOI-1386,232.0,2458750.9,34.0
NGTS-24 b,NGTS-24,3.4678796,2458100.6229,0.0011
WASP-66 b,WASP-66,4.08605,2457477.71072,0.00027
Qatar-8 b,Qatar-8,3.71495,2458210.8398,0.00085
TOI-1136 e,TOI-1136,18.801,2458697.755807,0.00257003
KELT-18 b,KELT-18,2.8717518,2457542.52504,0.00039
TOI-431 d,TOI-431,12.46103,2458627.5453,0.0003
HAT-P-22 b,HAT-P-22,3.21222,2458261.30598,6.9e-05
K2-287 b,K2-287,14.893291,2458001.72138,0.00016
GJ 341 b,GJ 341,7.57686,2459301.771,0.002
K2-138 b,K2-138,2.35309,2457773.31683,0.00091
K2-178 b,K2-178,8.747818,2457070.33656,0.001474
Kepler-449 c,Kepler-449,33.6727,2454995.04046,0.00145933
CoRoT-1 b,CoRoT-1,1.5089557,2454159.4532,0.0001
GJ 436 b,GJ 436,2.64388312,2454510.80162,7e-05
HIP 94235 b,HIP 94235,7.713057,2459037.8704,0.0011
TOI-6628 b,TOI-6628,18.18424,2458602.721,0.0009
TOI-1736 b,TOI-1736,7.073076,2458792.795,0.001
TOI-5174 b,TOI-5174,12.214286,2459527.296517,0.00232198
Kepler-318 c,Kepler-318,11.815007,2454966.08965,0.00091
K2-330 b,K2-330,13.774798,2457151.064162,0.001517
TOI-3235 b,TOI-3235,2.59261842,2459690.00173,4.5e-05
Kepler-431 d,Kepler-431,11.922,2454970.4719,0.0077
Kepler-431 c,Kepler-431,8.703,2454973.15531,0.00824
HATS-57 b,HATS-57,2.350621,2457778.49589,0.00025
WASP-34 b,WASP-34,4.31768,2458654.3645,0.00013
WASP-3 b,WASP-3,1.84683,2455554.83317,7e-05
Kepler-449 b,Kepler-449,12.58242,2455008.02384,0.00139279
HD 1461 b,HD 1461,5.77152,2455839.37,0.11
HD 1461 c,HD 1461,13.5052,2455200.11,0.52
GJ 3341 b,GJ 3341,14.207,,
Kepler-430 c,Kepler-430,110.979,2454979.98354,0.00571569
Kepler-444 b,Kepler-444,3.6001053,2454966.2599,0.0018
Kepler-444 c,Kepler-444,4.5458841,2454964.522,0.0013
TOI-4010 d,TOI-4010,14.70886,2458985.985,0.001
K2-275 c,K2-275,8.4388385,2457142.4867161,0.0004575
WASP-193 b,WASP-193,6.2463475,2459243.3108,0.00024
HD 135694 b,HD 135694,15.923475568,2459834.13926,0.00088
MOA-2011-BLG-262L b,MOA-2011-BLG-262L,,,
HD 40307 d,HD 40307,20.432,,
HD 87883 b,HD 87883,3006.0,2454589.0,38.0
TOI-815 c,TOI-815,34.976145,2459288.6331,0.0023
Kepler-25 d,Kepler-25,122.4,2455715.0,6.8
TOI-3331 A b,TOI-3331 A,2.0180231,2459371.653,0.0002
TOI-1438 b,TOI-1438,5.13967,2458683.6256,0.0007
K2-132 b,K2-132,9.1751,2457590.1491,0.008
TOI-1470 b,TOI-1470,2.527093,2458766.4702,0.0006
HD 40307 f,HD 40307,51.76,,
Kepler-444 e,Kepler-444,7.743493,2454968.0927,0.0018
Kepler-444 d,Kepler-444,6.189392,2454967.7869,0.0015
Kepler-444 f,Kepler-444,9.740486,2454967.8791,0.0011
HIP 107773 b,HIP 107773,144.3,,
TOI-1794 b,TOI-1794,8.765528,2458715.312,0.002
K2-174 b,K2-174,19.562307,2457083.77917,0.00095
TOI-615 b,TOI-615,4.6615983,2459259.49383,0.00017
HIP 41378 b,HIP 41378,15.57208,2457152.2818,0.0012
OGLE-2005-BLG-169L b,OGLE-2005-BLG-169L,,,
K2-133 d,K2-133,11.02454,2457826.1709,0.0012
K2-165 b,K2-165,2.354992,2457584.48273,0.004685
TOI-1694 c,TOI-1694,393.1,4932072.5,30000.0
TOI-2443 b,TOI-2443,15.66858,2459148.09939,0.00051
K2-87 b,K2-87,9.726618,2457072.30232,0.00171
TOI-3261 b,TOI-3261,0.8831331,2459112.40036,0.00063
TOI-4666 b,TOI-4666,2.9089168,2459168.4744,0.0002
WASP-60 b,WASP-60,4.305,2456952.43264,0.00017
Kepler-37 d,Kepler-37,39.7922622,2455008.24982,0.00013
TOI-776 b,TOI-776,8.24662,2459288.8713,0.001
TOI-512 b,TOI-512,7.18886,2458471.212,0.005
TOI-833 b,TOI-833,1.0418777,2458597.256,0.001
KELT-24 b,KELT-24,5.55149296,2459173.347426,3.4e-05
TOI-858 B b,TOI-858 B,3.2797178,2458386.45235,0.00028
WASP-13 b,WASP-13,4.35301,2458883.80332,0.00022
WASP-10 b,WASP-10,3.0927616,2454664.037295,8.2e-05
HAT-P-32 b,HAT-P-32,2.1500082,2455867.402743,4.9e-05
Kepler-1704 b,Kepler-1704,988.88112,2455072.22337,0.00063
Kepler-1693 b,Kepler-1693,12.0999,2454976.0375,0.0063
HD 199509 b,HD 199509,99.62167,,
Kepler-104 b,Kepler-104,11.427548,2454970.61305,0.00077
Kepler-945 b,Kepler-945,31.0033814,2454976.28914,0.00472
TOI-2416 b,TOI-2416,8.275479,2458359.4884,0.0009
HD 110113 c,HD 110113,6.744,2458576.159251,0.00189104
TOI-2295 c,TOI-2295,966.5,2459302.8,3.8
TOI-1450 A c,TOI-1450 A,5.0688,2459321.76,0.16
Kepler-20 e,Kepler-20,6.0984882,2454968.93956,0.00034
TOI-1136 f,TOI-1136,26.321,2458699.3777,0.0011
HATS-32 b,HATS-32,2.8126548,2456454.6252,0.0011
HAT-P-46 b,HAT-P-46,4.463129,2455701.33646,0.00047
TOI-1244 b,TOI-1244,6.400316483,2459913.8083,0.00073
Kepler-1130 b,Kepler-1130,5.45298175,2454967.15102,0.002
HIP 56640 b,HIP 56640,2675.57603,,
Kepler-1878 b,Kepler-1878,4.445879936,2454964.74309,0.00375
HD 21411 b,HD 21411,84.288,,
Kepler-239 c,Kepler-239,56.228098,2454965.28814,0.00575
WASP-197 b,WASP-197,5.167228,2456885.10428,0.00166
BEBOP-4 AB b,BEBOP-4 A,1823.5,,
WASP-132 c,WASP-132,1.01153624,2458597.57584,0.00068
WASP-192 b,WASP-192,2.8786765,2457271.3331,0.0017
K2-394 b,K2-394,5.095717,2457825.2859,0.001
HAT-P-5 b,HAT-P-5,2.78849,2455432.4551,0.0001
HAT-P-8 b,HAT-P-8,3.07634,2456052.75596,0.00024
TOI-5800 b,TOI-5800,2.6278838,2459771.7145,0.0013
Kepler-1849 b,Kepler-1849,57.29290009,2454979.23112,0.00626
DMPP-1 d,DMPP-1,2.882,,
Kepler-315 c,Kepler-315,265.469335,2454984.06838,0.01006
Qatar-10 b,Qatar-10,1.645321,2458247.90746,0.00036
AU Mic c,AU Mic,18.85969,2458342.224,0.0019
HD 209458 b,HD 209458,3.52474859,2451659.93742,2e-05
Qatar-2 b,Qatar-2,1.33711647,2455624.267096,8.7e-05
TOI-2015 c,TOI-2015,5.582796,,
Kepler-417 c,Kepler-417,15.943,2454979.33004,0.00297
KMT-2017-BLG-1146L b,KMT-2017-BLG-1146L,,,
Kepler-1213 b,Kepler-1213,5.34982412,2454966.88038,0.00435
Kepler-1020 b,Kepler-1020,96.9151496,2455020.08904,0.00286
Kepler-682 b,Kepler-682,12.611906672,2455013.892444,0.000398
K2-194 b,K2-194,39.721386,2457243.00697,0.004264
BD+05 4868 A b,BD+05 4868 A,1.271869,2460556.2892,0.0003
Kepler-579 b,Kepler-579,9.66857723,2455007.53475,0.00165
HD 216770 b,HD 216770,118.45,,
Kepler-1074 b,Kepler-1074,5.94566534,2454966.99298,0.00194
WASP-133 b,WASP-133,2.176423,2457116.9874,0.0002
TOI-2194 b,TOI-2194,15.337597,2459037.3678,0.0013
TOI-1224 b,TOI-1224,4.1782745,2458327.70236,0.00055
TOI-564 b,TOI-564,1.651144,2458549.57554,0.00045
Kepler-1656 c,Kepler-1656,1919.0,2459461.0,24.0
TOI-1410 c,TOI-1410,47.56,2458980.4,1.2
HATS-55 b,HATS-55,4.2042001,2457413.13042,0.00051
WASP-183 b,WASP-183,4.1117771,2457796.1845,0.0024
HD 45184 b,HD 45184,5.8854,2455946.53,0.28
Kepler-700 b,Kepler-700,80.8720639,2455036.89696,0.00146
WASP-170 b,WASP-170,2.34478022,2457802.3915,0.0002
TOI-1693 b,TOI-1693,1.7666957,2458817.6827,0.0014
OGLE-2018-BLG-0298L b,OGLE-2018-BLG-0298L,,,
OGLE-2013-BLG-0102L b,OGLE-2013-BLG-0102L,,,
Kepler-948 b,Kepler-948,7.76846622,2454971.0625,0.00437
TOI-1472 b,TOI-1472,6.36338574,2459694.66385,2e-05
TOI-5786 b,TOI-5786,12.779107,2460140.6139,0.0004
TOI-125 c,TOI-125,9.15059,2458361.9085,0.0013
TOI-5153 b,TOI-5153,20.33003,2458486.1239,0.0019
LP 714-47 b,LP 714-47,4.052037,2458774.70336,0.00024
TOI-1184 b,TOI-1184,5.748433803,2459960.5115,0.00035
Kepler-1278 b,Kepler-1278,3.23941344,2454966.98443,0.00408
HD 106270 b,HD 106270,1888.0,,
TOI-4406 b,TOI-4406,30.08364,2458372.194,0.001
HATS-10 b,HATS-10,3.312846,2456457.88193,0.00022
TOI-762 A b,TOI-762 A,3.4716826,2459850.25847,9.4e-05
Kepler-472 b,Kepler-472,4.176255514,2454966.090341,0.000361
Kepler-1129 b,Kepler-1129,24.3397804,2454969.05935,0.0046
Kepler-1275 b,Kepler-1275,3.65691115,2454967.95397,0.00372
Kepler-1983 b,Kepler-1983,7.32851947,2454965.12857,0.00248
HATS-61 b,HATS-61,7.817953,2457673.0611,0.0014
TOI-2266 b,TOI-2266,2.326318,2459255.6948195,0.00027
WASP-132 b,WASP-132,7.1335164,2459337.60808,0.00014
Kepler-60 c,Kepler-60,8.9187,2456466.5827,0.0032
TOI-6041 c,TOI-6041,88.0,,
WASP-49 b,WASP-49,2.78174,2457377.596934,8e-05
WASP-15 b,WASP-15,3.7521,2456036.76051,0.00015
HD 109833 c,HD 109833,13.900148,2456440.7567,0.0015
GJ 9827 d,GJ 9827,6.20183,2460265.10196,6e-05
Kepler-1870 b,Kepler-1870,3.606940031,2454956.953067,0.000608
K2-8 c,K2-8,5.06416,2456813.0707,0.0033
Kepler-1339 b,Kepler-1339,1.341555127,2454965.7388,0.00236
GJ 508.2 b,GJ 508.2,5300.0,,
Kepler-1905 b,Kepler-1905,3.42392993,2454965.88005,0.0041
Kepler-230 c,Kepler-230,91.773242,2455026.83073,0.00941
Kepler-1839 b,Kepler-1839,5.056759834,2454967.39648,0.00446
Kepler-694 b,Kepler-694,6.365841612,2455004.13543,0.00103
K2-32 e,K2-32,4.34934,2456898.87863,0.00392
TOI-5108 b,TOI-5108,6.753581,2459569.4778,0.0005
TOI-4914 b,TOI-4914,10.60057,2459317.2727,0.0006
Kepler-919 b,Kepler-919,11.04603384,2454969.44083,0.00558
EPIC 212297394 c,EPIC 212297394,5.213965,2457222.478879,0.003648
Kepler-1858 b,Kepler-1858,88.07160187,2455047.51724,0.00703
Kepler-949 c,Kepler-949,20.99757968,2454965.05689,0.0013
HD 95872 b,HD 95872,4375.0,,
Kepler-411 b,Kepler-411,3.005156,2455135.3874,0.0003
TOI-1416 b,TOI-1416,1.0697568,2458739.4621,0.0008
K2-31 b,K2-31,1.25785,2457191.70889,0.00024
K2-39 b,K2-39,4.60543,2456985.4268,0.0038
HIP 38594 c,HIP 38594,3477.768,,
Kepler-144 b,Kepler-144,5.885273,2455007.42565,0.00193
Kepler-1121 b,Kepler-1121,13.15141081,2454977.16108,0.00336
HD 10442 b,HD 10442,1032.3,,
Kepler-402 d,Kepler-402,8.921099,2454970.49095,0.00423
TOI-4515 b,TOI-4515,15.266446,2459451.62191,0.00022
HAT-P-41 b,HAT-P-41,2.69405,2458071.24389,0.00012
AU Mic e,AU Mic,33.11,2459118.5,1.4
AU Mic d,AU Mic,12.73596,,
WASP-63 b,WASP-63,4.37808,2458574.77102,0.00017
TOI-3540 A b,TOI-3540 A,3.119999,2459109.14114,0.00089
HATS-62 b,HATS-62,3.2768837,2455808.05158,0.00043
Kepler-1690 b,Kepler-1690,234.636,2455005.64606,0.00402
Kepler-1118 b,Kepler-1118,38.6715075,2454990.62071,0.00511
Kepler-150 b,Kepler-150,3.428054,2454965.36794,0.00416
Kepler-1841 b,Kepler-1841,25.88599968,2454990.0383,0.00696
Kepler-620 b,Kepler-620,12.91375431,2455010.28248,0.00306
HD 105618 b,HD 105618,10.02245,,
KMT-2016-BLG-1836L b,KMT-2016-BLG-1836L,,,
TOI-3160 A b,TOI-3160 A,3.971281,2459609.9851,0.00035
K2-312 c,HD 80653,921.2,2458968.8,0.41
TOI-262 b,TOI-262,11.14529,2459136.5766,0.001
TOI-4184 b,TOI-4184,4.9019804,2459483.65667,0.00023
TOI-5489 b,TOI-5489,3.15222,2458493.7071,0.0011
Kepler-405 b,Kepler-405,10.613839,2455196.73676,0.00454
Kepler-1471 b,Kepler-1471,3.63899398,2454964.78544,0.00452
Kepler-129 b,Kepler-129,15.79,2455009.82302,0.00130949
GJ 3082 b,GJ 3082,11.949,,
Kepler-1515 b,Kepler-1515,214.3114164,2455169.331329,0.000357
Kepler-1723 b,Kepler-1723,39.75289917,2455008.46244,0.0023
Kepler-1176 b,Kepler-1176,24.1738579,2454968.62444,0.00473
Kepler-1783 b,Kepler-1783,8.277440071,2454971.25508,0.00245
TOI-6255 b,TOI-6255,0.23818244,2458738.71248,0.00043
TOI-157 b,TOI-157,2.0845435,2458326.54771,0.00022
OGLE-2017-BLG-0640L b,OGLE-2017-BLG-0640L,,,
OGLE-2013-BLG-1761L b,OGLE-2013-BLG-1761L,,,
OGLE-2017-BLG-1099L b,OGLE-2017-BLG-1099L,,,
Kepler-1421 b,Kepler-1421,6.9131112,2454971.424,0.0145
Kepler-1442 b,Kepler-1442,81.4162941,2454993.86266,0.00203
Kepler-414 b,Kepler-414,4.7,2455010.61519,0.00136
HD 102888 b,HD 102888,252.06,,
Kepler-109 c,Kepler-109,21.22265,2454970.5722,0.001
K2-59 b,K2-59,20.6921,2456987.0603,0.0043
TOI-2458 c,TOI-2458,16.553,,
HAT-P-61 b,HAT-P-61,1.90231289,2457851.21119,0.00047
TOI-712 c,TOI-712,51.69906,2458946.39598,0.00093
Kepler-348 c,Kepler-348,17.265427,2454968.35658,0.00636
Kepler-1200 b,Kepler-1200,1.118549717,2454965.84717,0.00222
HD 204941 b,HD 204941,1733.0,,
TOI-1130 c,TOI-1130,8.3501898,2458841.6013,0.00013
TOI-1516 b,TOI-1516,2.056014,2458765.325,0.0001
HD 101581 b,HIP 56998,4.46569,2460014.8496,0.0028
OGLE-2017-BLG-0406L b,OGLE-2017-BLG-0406L,,,
KMT-2017-BLG-0428L b,KMT-2017-BLG-0428L,,,
Kepler-698 b,Kepler-698,16.32976218,2455010.29511,0.00174
WASP-121 b,WASP-121,1.27492504,2458661.563783,3e-05
GJ 536 c,GJ 536,32.761,2460547.35,0.96
TOI-663 b,TOI-663,2.598902,2458544.38918,0.00068
TOI-1259 A b,TOI-1259 A,3.477978,2458686.700531,9.7e-05
Qatar-4 b,Qatar-4,1.8053564,2457637.77361,0.00046
K2-113 b,K2-113,5.817685,2457398.70433,0.0003
TOI-150.01,TOI-150,5.857487,2458326.2773,0.00086
TOI-2107 b,TOI-2107,2.4545467,2459228.98176,0.00024
Kepler-1321 b,Kepler-1321,11.12830484,2454972.54167,0.00202
HD 10180 h,HD 10180,2205.0,,
HD 7924 b,HD 7924,5.39792,2456174.716,0.072
HIP 57274 d,HIP 57274,431.7,,
HD 215152 e,HD 215152,25.1967,,
KMT-2020-BLG-0414L c,KMT-2020-BLG-0414L,,,
GJ 328 b,GJ 328,3771.0,2456177.0,45.0
HD 16175 b,HD 16175,990.0,,
Kepler-1195 b,Kepler-1195,8.49642241,2454971.73517,0.00277
Kepler-739 b,Kepler-739,12.53248465,2455003.76497,0.00141
14 And b,14 And,186.76,,
K2-146 c,K2-146,4.00498,2458204.1316,0.0007
OGLE-2013-BLG-0341L B b,OGLE-2013-BLG-0341L B,,,
TOI-1248 b,TOI-1248,4.3601561,2458687.12116,0.00016
Qatar-7 b,Qatar-7,2.032046,2458043.32075,0.00016
HATS-22 b,HATS-22,4.7228124,2457078.5803,0.00022
TOI-4465 b,TOI-4465,101.94054,2459395.1256,0.0006
TOI-2345 b,TOI-2345,1.0528573,2459116.7208,0.0011
TOI-5788 c,TOI-5788,16.213362,2459608.591365,0.0008
TOI-5788 b,TOI-5788,6.340758,2459611.7425,0.002
HAT-P-38 b,HAT-P-38,4.640382,2455863.11957,0.00035
HD 106315 b,HD 106315,9.55237,2457586.5487,0.0029
TOI-1136 g,TOI-1136,39.545,2459423.6705,0.0033
TOI-5232 b,TOI-5232,4.0966692,2459857.92806,0.00052
TOI-912 b,TOI-912,4.6780691,2458628.4061,0.0004
TOI-813 b,TOI-813,83.8911,2458370.7836,0.0072
Kepler-1914 b,Kepler-1914,30.82789993,2454976.14483,0.00649
Kepler-224 c,Kepler-224,5.925003,2455002.71508,0.00098
HAT-P-64 b,HAT-P-64,4.007232,2457751.46354,0.00063
TOI-1768.01,TOI-1768,7.337703649,2459627.0224,0.0016
HATS-40 b,HATS-40,3.2642736,2456962.676,0.001
HD 28109 c,HD 28109,55.99712,2458337.2807,0.0055
BD+45 564 b,BD+45 564,307.88,,
Kepler-911 b,Kepler-911,20.310501,2454979.82308,0.00227
HD 102329 c,HD 102329,1123.0,,
TOI-5803 b,TOI-5803,5.38305,2459802.7103,0.0004
TOI-1749 c,TOI-1749,4.4929,2459763.323055,0.0027939
TOI-431 b,TOI-431,0.490047,2458627.538,0.003
Kepler-795 b,Kepler-795,29.6193421,2454966.68225,0.00308
TOI-270 c,TOI-270,5.66051,2458463.08056,0.0004
TOI-2158 b,TOI-2158,8.60077,2459018.9225,0.001
TOI-3288 b,TOI-3288,1.4338635,2459057.731,0.0002
WASP-80 b,WASP-80,3.06785234,2456487.425006,2.3e-05
Kepler-163 b,Kepler-163,7.810937,2454965.3043,0.00674
Kepler-1987 c,Kepler-1987,3.64830183,2455188.39128,0.00307
Kepler-668 b,Kepler-668,8.35390639,2455004.63264,0.00156
HD 219666 b,HD 219666,6.034468,2459083.5107,0.0001
TOI-283 b,TOI-283,17.61745,2459549.0822,0.0007
TOI-2046 b,TOI-2046,1.4971842,2457792.2767,0.0024
TOI-2459 b,TOI-2459,19.104718,2458452.3342,0.0007
Kepler-989 b,Kepler-989,7.964315352,2454969.81672,0.00102
HD 109833 b,HD 109833,9.188526,2456437.57374,0.00091
TOI-1758 b,TOI-1758,20.705074685,2459924.7718,0.0013
HATS-51 b,HATS-51,3.3488702,2457042.00405,0.00058
HR 858 d,HR 858,11.230511,2458409.7324,0.0028
Kepler-1446 b,Kepler-1446,0.689967832,2454964.635244,0.000609
Kepler-956 b,Kepler-956,5.248672631,2454968.516253,0.000525
Kepler-102 c,Kepler-102,7.071392,2454972.9746,0.0024
TOI-3493 b,TOI-3493,8.1594667,2459313.0467455,0.0012477
Wolf 327 b,Wolf 327,0.5734745,2459252.9811,0.0003
K2-414 b,K2-414,4.3696,2457742.0993,0.0013
HATS-74 A b,HATS-74 A,1.73185606,2458392.02654,0.00024
TOI-880 c,TOI-880,6.3872703,2459403.67511,0.0004
TOI-1278 b,TOI-1278,14.47567,2458711.9595,0.0013
WASP-95 b,WASP-95,2.18467,2458326.505803,7e-05
WASP-97 b,WASP-97,2.07276,2458355.490424,6.195e-05
TOI-2096 b,TOI-2096,3.1190633,2459146.45853,0.00037
Kepler-98 b,Kepler-98,1.54168,2455003.54328,
Kepler-238 b,Kepler-238,2.090876,2454967.1647,0.00553
Kepler-67 b,Kepler-67,15.7259,2454966.9855,0.0048
WASP-46 b,WASP-46,1.43036763,2455392.31659,0.00058
WASP-48 b,WASP-48,2.14363,2456176.98991,0.00012
WASP-6 b,WASP-6,3.3610026,2454596.4326,0.000762
WASP-4 b,WASP-4,1.338230994,2455804.516,1.49e-05
TOI-1442 b,TOI-1442,0.4090677,2458683.4523,0.0003
WASP-25 b,WASP-25,3.7648337,2455274.99649,0.001
TOI-700 c,TOI-700,16.051137,2458821.62181,0.00041
WASP-44 b,WASP-44,2.423804,2458338.102384,0.000364
Kepler-1542 d,Kepler-1542,5.99273738,2454964.74864,0.00285
K2-316 c,K2-316,5.26,2457994.123,
TOI-1295 b,TOI-1295,3.1968838,2459913.37999,0.0002
K2-115 b,K2-115,20.2729914,2457522.07014,0.00017
LP 890-9 b,LP 890-9,2.7299025,2459447.82637,0.00014
TOI-261.02,TOI-261,13.03935862135,2458389.727185,0.00303718
TOI-1203 e,TOI-1203,204.59,2458915.45,2.0
Kepler-1764 b,Kepler-1764,70.46829987,2455022.16092,0.00308
Kepler-1269 b,Kepler-1269,37.3331536,2454995.90448,0.00662
Kepler-681 b,Kepler-681,26.39435646,2455009.05359,0.00183
TOI-4641 b,TOI-4641,22.09341,2459510.82759,0.00091
XO-1 b,XO-1,3.94153,2455385.51978,5e-05
WASP-190 b,WASP-190,5.367753,2457799.1256,0.0007
TOI-480 b,TOI-480,6.866196,2458469.5659,0.0015
K2-196 b,K2-196,48.324222,2457227.89072,0.005077
HD 200964 c,HD 200964,852.5,,
Kepler-1315 b,Kepler-1315,0.84338011,2454964.966211,0.000802
K2-239 d,K2-239,10.115,2457908.381,
HD 39194 b,HD 39194,5.6368,,
Kepler-880 c,Kepler-880,11.8061737,2454971.2641,0.0107
K2-192 b,K2-192,4.162817,2457220.444,0.0045
TRAPPIST-1 d,TRAPPIST-1,4.049219,2457670.1463014,1.84e-05
TOI-4602.01,TOI-4602,3.9812091,2460655.201888,0.0018169
HATS-26 b,HATS-26,3.3023881,2456867.4232,0.0012
K2-190 b,K2-190,10.098858,2457224.76792,0.002603
TOI-270 b,TOI-270,3.35992,2458461.01464,0.00084
WASP-186 b,WASP-186,5.026799,2456237.1195,0.0009
LP 791-18 c,LP 791-18,4.9899093,2458771.055182,9.1e-05
TOI-2076 c,TOI-2076,21.015327,2458748.68944,0.00063
TOI-261.01,TOI-261,3.3639254,2458383.915624,0.00176224
TOI-1054.01,TOI-1054,15.5077855,2460122.700139,0.0199476
HIP 29442 c,TOI-469,3.5379559,2458471.36,0.0033
K2-117 c,K2-117,5.444017,2457143.5663,0.00358
HD 18742 b,HD 18742,766.0,,
Kepler-873 b,Kepler-873,20.5533844,2454972.55817,0.00288
TOI-3837 b,TOI-3837,11.88865,2458876.2853,0.0014
K2-136 b,K2-136,7.9752,2457817.7563,0.0046
HAT-P-51 b,HAT-P-51,4.21802091,2458349.53123,0.00013
Kepler-1297 b,Kepler-1297,1.68189002,2454966.08175,0.0048
Kepler-80 f,Kepler-80,0.9867873,2454966.17036,0.00025
Kepler-113 c,Kepler-113,8.92507,2454972.71374,
WASP-8 c,WASP-8,4323.0,,
Wendelstein-1 b,Wendelstein-1,2.663416,2455367.738464,1.4e-05
HATS-17 b,HATS-17,16.254611,2457139.1672,0.0014
TOI-3894 b,TOI-3894,4.33454,2459250.50777,0.00037
Kepler-1016 b,Kepler-1016,1.954524342,2454965.29717,0.00137
WASP-68 b,WASP-68,5.0843,2456802.08922,0.0003
HAT-P-56 b,HAT-P-56,2.79083,2456774.09164,0.00011
TOI-6716 b,TOI-6716,4.7185898,2459632.34484,0.00062
HD 191939 f,HD 191939,2898.0,2460449.0,43.0
HD 235088 b,HD 235088,7.4341325,2458705.64614,0.00062
HIP 55507 b,HIP 55507,5138.43727,,
WASP-79 b,WASP-79,3.662392,2458160.186968,3.9e-05
HD 77946 b,HD 77946,6.527363,2458875.9989,0.0021
TOI-1136 d,TOI-1136,12.5199,2458686.0628,0.00043
OGLE-2019-BLG-0299L b,OGLE-2019-BLG-0299L,,,
TOI-199 c,TOI-199,273.69,,
TOI-500 e,TOI-500,61.3,2458865.82,1.16
Kepler-1651 b,Kepler-1651,9.87863917,2454961.53395,0.00126
Kepler-1354 b,Kepler-1354,76.613377,2454986.7999,0.0103
HD 100546 b,HD 100546,,,
HD 158996 b,HD 158996,820.2,,
Kepler-610 b,Kepler-610,6.996926554,2455008.914244,0.000629
Kepler-1053 b,Kepler-1053,2.414351654,2454965.428855,0.000881
Kepler-1932 b,Kepler-1932,0.524177015,2454964.6014,0.00115
Kepler-340 c,Kepler-340,22.824669,2454977.46616,0.00945
Kepler-940 b,Kepler-940,59.6225257,2454971.13385,0.00436
Kepler-524 c,Kepler-524,1.88897906,2454965.0974,0.00543
Kepler-534 c,Kepler-534,7.378689766,2454968.8196,0.0038
Kepler-647 b,Kepler-647,16.2254649,2454977.02782,0.00788
GJ 317 c,GJ 317,6500.0,2462735.0,179.0
Kepler-130 b,Kepler-130,8.457458,2454972.06666,0.00269
Kepler-1955 b,Kepler-1955,14.26519966,2454976.22024,0.00528
K2-154 b,K2-154,3.67626,2457585.0533,0.0037
Kepler-1869 c,Kepler-1869,1.716828304,2454965.03204,0.00439
Kepler-537 b,Kepler-537,3.247555219,2455004.27746,0.00127
Kepler-1546 b,Kepler-1546,19.5974971,2454968.2547,0.00732
HD 106515 A b,HD 106515 A,3626.0,,
Kepler-1030 b,Kepler-1030,19.32952416,2454966.26821,0.0028
TOI-125 d,TOI-125,19.98,2458342.8516,0.0039
HATS-13 b,HATS-13,3.0440499,2456340.31705,0.00026
WASP-47 e,WASP-47,0.78961,2457012.13666,3e-05
TOI-4379 b,TOI-4379,3.25352,2459734.269,0.048
TOI-198 b,TOI-198,10.2152,2459480.048,0.0004
K2-28 b,K2-28,2.260455,2456977.99012,0.00075
L 98-59 c,L 98-59,3.6906764,2458367.27303,0.00015
TOI-500 d,TOI-500,26.233,2458587.22,0.22
HD 155918 b,HD 155918,1.87567,,
Kepler-1866 b,Kepler-1866,11.66009998,2454973.62517,0.00696
TOI-4582 b,TOI-4582,31.034,2458712.177,0.004
TOI-2274 b,TOI-2274,2.67963,2458685.3661,0.0009
TOI-1751 b,TOI-1751,37.46852,2458733.635,0.002
HATS-67 b,HATS-67,1.6091788,2457796.88127,0.00043
TOI-4145 A b,TOI-4145 A,4.0664428,2458925.88211,0.00017
TOI-1180 b,TOI-1180,9.686760378,2459950.32735,0.00047
WASP-178 b,WASP-178,3.3448285,2456927.06839,0.00047
HD 25463 b,HD 25463,7.0491423,2458442.61823,0.00084
Kepler-1990 b,Kepler-1990,1.73513619,2454968.060047,0.000136
Kepler-633 c,Kepler-633,23.78319931,2455012.75013,0.00388
KMT-2021-BLG-0240L b,KMT-2021-BLG-0240L,,,
Kepler-397 c,Kepler-397,135.498527,2455066.69038,0.00246
Kepler-781 b,Kepler-781,13.2140732,2454973.58725,0.00229
Kepler-1021 b,Kepler-1021,13.47469571,2454966.49237,0.00209
TOI-5592 b,TOI-5592,2.6085846,2459794.01216,0.00032
TOI-1338 c,TOI-1338 A,215.79,2459208.7,29.1
K2-232 b,K2-232,11.168454,2457825.34978227,9.3e-05
TRAPPIST-1 c,TRAPPIST-1,2.421937,2457282.8113871,3.8e-06
Kepler-1952 b,Kepler-1952,27.21080017,2454965.3697,0.0142
Kepler-216 c,Kepler-216,17.406669,2455004.00607,0.00172
HD 153950 b,HD 153950,499.39999,,
Kepler-1431 b,Kepler-1431,5.86601526,2454969.35597,0.00603
GJ 806 c,GJ 806,6.64064,2459422.182,0.05
WASP-42 b,WASP-42,4.9816819,2455650.56728,0.00015
TOI-1775 b,TOI-1775,10.2405549,2458877.5645,0.00047
TOI-2796 b,TOI-2796,4.8084983,2459026.48882,0.00045
HD 28109 b,HD 28109,22.891054,2458344.815,0.0039
GJ 849 b,GJ 849,1925.31,2453906.0,12.0
Kepler-347 b,Kepler-347,12.79836,2454966.64816,0.00481
HATS-31 b,HATS-31,3.37796,2456960.1476,0.0011
TOI-2427 b,TOI-2427,1.3060011,2459169.6202,0.0004
HD 110067 d,HD 110067,20.519617,2459708.20282,0.0008
Kepler-1514 c,Kepler-1514,10.514181,2454957.0546,0.0034
Kepler-68 e,Kepler-68,3455.0,2457791.0,134.0
TOI-332 b,TOI-332,0.777038,2459062.4447,0.0006
TOI-880.02,TOI-880,2.57571,2459400.6128,0.02
WASP-123 b,WASP-123,2.97764359,2456845.1735,0.0004
EPIC 246851721 b,EPIC 246851721,6.180235,2457865.11032,0.0001
HD 80653 b,HD 80653,0.719573,2458134.4244,0.0007
TOI-6130 b,TOI-6130,2.392679,2459849.63919,0.00016
WASP-166 b,WASP-166,5.44354,2457664.3289,0.0006
HD 23472 b,HD 23472,17.667087,2458360.6641,0.0012
Kepler-396 b,Kepler-396,42.994,2454995.498417,0.00079
K2-338 b,K2-338,3.850614,2457141.526349,0.001912
KMT-2019-BLG-1367L b,KMT-2019-BLG-1367L,,,
CoRoT-7 b,CoRoT-7,0.85359163,2454398.07756,0.00045
K2-34 b,K2-34,2.9956348,2457141.3514834,6.89e-05
K2-43 c,K2-43,2.198884,2456810.4059,0.0099
TOI-1422 c,TOI-1422,34.5633,2458756.3525,0.0062
TOI-1683.01,TOI-1683,3.0575356,2458816.411524,0.00050749
TOI-5143 c,TOI-5143,5.2097118,2459527.24264,0.0003
NGTS-25 b,NGTS-25,2.823093,2458204.26373,0.0005
HD 34445 f,HD 34445,676.8,,
TOI-5726.01,TOI-5726,5.491125215,2458843.5951,0.0023
TOI-1260 b,TOI-1260,3.127463,2459065.564269,0.000396
WASP-184 b,WASP-184,5.1817,2457630.008,0.001
TOI-3976 A b,TOI-3976 A,6.607662,2459011.15791,0.00077
HD 156846 b,HD 156846,359.51001,,
Kepler-399 c,Kepler-399,26.67569,2454982.99908,0.0043
Kepler-1802 b,Kepler-1802,15.45020008,2455009.80202,0.00501
TOI-4155 b,TOI-4155,3.320729,2459803.9384,0.0022
TOI-431 c,TOI-431,4.8494,2458625.9,0.1
TOI-5716 b,TOI-5716,6.7663,2458683.61514,0.00164
WASP-171 b,WASP-171,3.8186244,2458059.8295,0.0011
TOI-4342 c,TOI-4342,10.688716,2458659.34623,0.00096
HATS-42 b,HATS-42,2.292102,2456768.60734,0.00069
WASP-151 b,WASP-151,4.5334775,2457763.676241,4e-05
HD 63433 d,HD 63433,4.209075,2459373.82345,0.00113
HD 35843 b,HD 35843,9.8991,2459889.691,0.3094
WASP-130 b,WASP-130,11.55098,2456921.14307,0.00025
Kepler-1099 b,Kepler-1099,2.168452593,2454965.14076,0.00106
Kepler-289 b,Kepler-289,34.5383,2454965.6879,0.0006
TOI-277 b,TOI-277,3.994,2459119.8264,0.0017
KOI-94 c,KOI-94,10.423648,2454971.0087,0.00103
TOI-2986 b,TOI-2986,3.2783662,2459537.62548,0.00072
mu2 Sco b,mu2 Sco,,,
Kepler-1863 b,Kepler-1863,44.99760056,2454993.2298,0.0101
KOINTREAU-1 b,XEST 17-036,,,
TOI-2411 b,TOI-2411,0.7826942,2459116.0139,0.001
TOI-3082 b,TOI-3082,1.926907,2459309.1199,0.001
XO-2 S b,XO-2 S,18.157,,
Kepler-475 b,Kepler-475,3.105508189,2454966.210436,0.000275
Kepler-1836 b,Kepler-1836,5.254169941,2454966.72952,0.00335
Kepler-896 c,Kepler-896,29.5422566,2454970.57837,0.00871
Barnard e,Barnard's star,6.7392,,
Kepler-385 b,Kepler-385,10.043686,2455186.62503,0.00531
EPIC 201238110 b,EPIC 201238110,28.1656,2456852.6572,0.0023
Kepler-691 b,Kepler-691,8.114379,2455009.33925,0.00109
Kepler-20 g,Kepler-20,34.94,,
Kepler-332 b,Kepler-332,7.626324,2454969.01672,0.00221
Kepler-1041 b,Kepler-1041,24.7576421,2454975.06892,0.00396
Kepler-1578 b,Kepler-1578,1.450886907,2454965.23033,0.00368
Kepler-1966 b,Kepler-1966,8.617429733,2454966.51693,0.00647
Kepler-1987 d,Kepler-1987,5.644914154,2455189.73699,0.0011
Kepler-819 b,Kepler-819,33.1995648,2454986.66308,0.0031
Kepler-887 c,Kepler-887,7.63846023,2454971.24467,0.00535
Kepler-306 d,Kepler-306,17.326644,2455193.50885,0.00396
Kepler-177 c,Kepler-177,49.40926,2455031.238871,0.000888
Kepler-635 b,Kepler-635,23.44971004,2455015.92292,0.00252
Kepler-1083 b,Kepler-1083,33.4177993,2454988.58942,0.00477
Kepler-79 d,Kepler-79,52.0902,2455721.011,0.002
Kepler-195 c,Kepler-195,34.096863,2454986.81712,0.00551
Kepler-1661 b,Kepler-1661,175.06,2456007.1,0.4
HATS-25 b,HATS-25,4.2986432,2456870.36872,0.00051
TOI-836 b,TOI-836,3.81673,2458599.9953,0.0019
Proxima Cen b,Proxima Cen,11.18465,2457897.9,0.3
K2-413 b,K2-413,0.8094,2457738.6924,0.0017
Kepler-212 b,Kepler-212,16.257582,2454972.64774,0.01064
Kepler-195 b,Kepler-195,8.307872,2455004.1712,0.00133
K2-83 c,K2-83,9.99767,2457066.2703,0.0029
Kepler-24 d,Kepler-24,4.244384,2454970.06411,0.0068
Kepler-15 b,Kepler-15,4.942782,2454969.328651,8.4e-05
Kepler-83 d,Kepler-83,5.169796,2455005.631,0.0017
Kepler-143 c,Kepler-143,27.082511,2455024.80613,0.00333
Kepler-1116 b,Kepler-1116,41.6977827,2454967.24364,0.00386
HD 141399 d,HD 141399,1069.8,2454755.6,6.8
NGTS-17 b,NGTS-17,3.24253,2458442.5219,0.0009
Kepler-159 c,Kepler-159,43.595792,2455027.54523,0.00135
HIP 67851 b,HIP 67851,89.23,,
Kepler-54 d,Kepler-54,20.995694,2454985.31995,0.0039
YZ Cet d,YZ Cet,4.65626,,
Kepler-1608 b,Kepler-1608,16.4735686,2454975.68505,0.00747
Kepler-152 b,Kepler-152,18.207973,2455018.84202,0.00069
HD 125612 b,HD 125612,557.69994,,
Kepler-1641 c,Kepler-1641,32.657212,2454985.875,0.117
K2-45 b,K2-45,1.7292684,2456809.52604,0.00018
WASP-114 b,WASP-114,1.5487743,2456667.73582,0.00021
Kepler-968 c,Kepler-968,5.709404918,2454970.1221,0.00134
HD 165131 b,HD 165131,2342.6,,
WASP-105 b,WASP-105,7.87288,2456600.0765,0.0002
WASP-91 b,WASP-91,2.798581,2456297.719,0.0002
G 268-110 b,G 268-110,1.43263,2457613.435,0.094
Kepler-1463 b,Kepler-1463,25.15864,2454986.0506,0.0133
Kepler-712 c,Kepler-712,226.89047,2455040.36031,0.00474
Kepler-1948 b,Kepler-1948,15.57129955,2454969.58514,0.00487
Kepler-146 c,Kepler-146,76.732171,2455033.67082,0.00387
Kepler-711 b,Kepler-711,23.58914398,2455006.82112,0.00217
Kepler-1080 b,Kepler-1080,77.2548396,2454992.32241,0.00314
WASP-113 b,WASP-113,4.54216874538,2457197.097459,4e-05
Kepler-248 c,Kepler-248,16.239494,2455008.56901,0.00079
HD 133131 A c,HD 133131 A,3568.0,,
Kepler-1319 b,Kepler-1319,2.886762645,2454964.66581,0.00114
Kepler-678 b,Kepler-678,7.27503724,2455002.994868,0.000456
Kepler-1535 b,Kepler-1535,138.9442,2454986.90997,0.00632
Kepler-39 b,Kepler-39,21.08721,2455942.60708,0.00024
Kepler-1532 b,Kepler-1532,1.093663559,2454965.47329,0.00167
Kepler-808 b,Kepler-808,0.631332353,2454966.944034,0.000442
KELT-10 b,KELT-10,4.1662739,2457066.72045,0.00027
WASP-119 b,WASP-119,2.49979,2456537.547,0.002
WASP-69 b,WASP-69,3.86813881,2455748.83428,0.00013
WASP-94 A b,WASP-94 A,3.95019,2458300.64763,0.00013
TOI-682.01,TOI-682,6.8392388,2460037.259934,0.0016046
TOI-7384 b,TOI-7384,6.2340258,2459565.10114,0.00018
Kepler-335 c,Kepler-335,67.844469,2454982.49928,0.01285
TOI-1453 b,TOI-1453,4.3135225,2459392.90013,0.00083
TOI-2141 b,TOI-2141,18.261608,2458992.502,0.0014
TOI-763 b,TOI-763,5.6057,2458572.102,0.0031
Kepler-94 c,Kepler-94,820.3,,
GJ 1132 b,GJ 1132,1.62892911,2459280.98988,0.00013
Kepler-966 b,Kepler-966,99.747622,2455041.39537,0.00292
EPIC 220492298 b,EPIC 220492298,0.762406,2457431.67734,0.0037
HATS-28 b,HATS-28,3.1810781,2457034.283,0.00046
HATS-29 b,HATS-29,4.6058749,2457031.95618,0.00038
Kepler-1517 b,Kepler-1517,5.546083665,2454966.50335,0.00105
WASP-54 b,WASP-54,3.69364,2459163.93328,0.00018
HD 63935 b,HD 63935,9.058807,2458494.44674,0.00094
WASP-149 b,WASP-149,1.332813,2457757.6245,8e-05
K2-403 b,K2-403,33.589979,2457908.9613,0.0014
Kepler-260 c,Kepler-260,76.050178,2454994.71209,0.00705
Kepler-140 c,Kepler-140,91.353282,2455022.60562,0.00874
HATS-15 b,HATS-15,1.74748753,2456387.21161,0.00015
TOI-2128 b,TOI-2128,16.34136,2458987.2663,0.0017
MASCARA-1 b,MASCARA-1,2.14877381,2458833.488151,9.1e-05
Kepler-14 b,Kepler-14,6.790123,2454971.08737,0.00018
K2-24 c,K2-24,42.3391,2456915.4485,0.0078
WASP-129 b,WASP-129,5.748145,2457027.4373,0.0002
WASP-124 b,WASP-124,3.37265,2457028.5834,0.0001
HATS-23 b,HATS-23,2.1605156,2457072.85266,0.0007
Kepler-941 b,Kepler-941,17.42395198,2454981.82645,0.00454
Kepler-85 c,Kepler-85,12.51,2454972.41628,0.00372
Kepler-734 b,Kepler-734,6.104852856,2455002.573341,0.000347
GJ 2030 b,GJ 2030,2.38129,,
KELT-9 b,KELT-9,1.4811235,2457095.68572,0.00014
NGTS-1 b,NGTS-1,2.647298,2457720.6593965,0.00062
K2-157 d,K2-157,66.5,2458589.3,1.7
Kepler-599 b,Kepler-599,15.65562652,2455003.78357,0.00153
HATS-52 b,HATS-52,1.36665436,2456929.03039,0.00033
HATS-53 b,HATS-53,3.8537768,2457236.75653,0.00049
WASP-139 b,WASP-139,5.924262,2457196.7933,0.0003
WASP-142 b,WASP-142,2.052868,2457007.7779,0.0004
Kepler-1203 b,Kepler-1203,0.588000765,2454965.059132,0.000817
Kepler-1720 b,Kepler-1720,12.70639992,2455013.63164,0.0011
HD 4732 c,HD 4732,3184.2,,
Kepler-549 b,Kepler-549,42.9495649,2454986.73762,0.00267
Kepler-19 c,Kepler-19,28.731,,
Kepler-1727 b,Kepler-1727,9.029299736,2455010.20422,0.00142
ITG 15 b,ITG 15 A,,,
Kepler-531 b,Kepler-531,29.88485741,2455006.194425,0.000896
Kepler-1182 b,Kepler-1182,11.17394617,2454967.70408,0.00473
KELT-19 A b,KELT-19 A,4.6117093,2457281.249537,0.000361
KELT-21 b,KELT-21,3.6127647,2457295.93434,0.00041
HD 37124 b,HD 37124,154.378,2454920.13,0.97
Kepler-513 b,Kepler-513,28.86235584,2455011.48474,0.00177
HD 330075 b,HD 330075,3.38773,,
Kepler-1329 b,Kepler-1329,9.33646594,2454973.68079,0.0028
K2-61 b,K2-61,2.57336,2456983.214,0.0022
Kepler-825 c,Kepler-825,8.1818246,2454967.81479,0.00206
Kepler-382 b,Kepler-382,5.262155,2454969.36774,0.00573
K2-165 c,K2-165,4.382745,2457584.21311,0.004817
WASP-138 b,WASP-138,3.634433,2457326.62183,0.000319
XO-6 b,XO-6,3.7650007,2456652.71245,0.00055
Qatar-3 b,Qatar-3,2.5079204,2457302.453004,0.0001
Kepler-19 d,Kepler-19,62.95,,
Kepler-1191 b,Kepler-1191,5.60014851,2454968.96163,0.00302
Kepler-1891 b,Kepler-1891,4.02229023,2454968.17317,0.00191
WASP-53 b,WASP-53,3.3098443,2455943.56695,0.00011
WASP-53 c,WASP-53,2840.0,,
K2-198 b,K2-198,17.0428683,2457204.5687,0.00014
Kepler-1456 b,Kepler-1456,18.1373829,2454969.80802,0.00949
Kepler-529 b,Kepler-529,1.980357663,2455003.139026,0.000879
11 UMi b,11 UMi,516.21997,,
Kepler-835 b,Kepler-835,11.41909375,2455019.30972,0.00422
Kepler-1666 c,Kepler-1666,40.7157,2454979.36407,0.00337
Kepler-690 b,Kepler-690,7.748094374,2455007.997431,0.000787
Kepler-136 b,Kepler-136,11.5789,2455008.58649,0.00139
Kepler-775 b,Kepler-775,0.974868926,2454966.076177,0.000693
KIC 10068024 b,KIC 10068024,2.073549,,
HATS-34 b,HATS-34,2.1061607,2456634.85732,0.00075
HATS-35 b,HATS-35,1.8209993,2456981.80199,0.00041
WASP-81 b,WASP-81,2.7164762,2456195.57462,0.00023
Kepler-357 b,Kepler-357,6.475434,2454970.57941,0.00323
Kepler-23 d,Kepler-23,15.27,2454980.58105,0.00205
Kepler-1510 b,Kepler-1510,84.703921,2454985.1859,0.0203
Kepler-1324 b,Kepler-1324,4.115844679,2454967.11946,0.00177
HIP 67851 c,HIP 67851,3128.41,,
Kepler-110 b,Kepler-110,12.691112,2454970.12296,0.00166
K2-325 b,K2-325,6.93,2457743.818,
Kepler-716 c,Kepler-716,3.96999,2454970.75741,0.00283
Kepler-1850 b,Kepler-1850,1.385800004,2454968.4886,0.0027
HD 163607 b,HD 163607,75.2203,,
HD 44219 b,HD 44219,472.0,,
KELT-1 b,KELT-1,1.217514,2455914.1628,0.0023
HATS-50 b,HATS-50,3.8297015,2456870.34792,0.00068
WASP-153 b,WASP-153,3.332609,2453142.542,0.003
Kepler-1365 b,Kepler-1365,7.69993485,2454967.39328,0.0057
HD 170469 b,HD 170469,1145.0,2453003.0,71.0
Kepler-341 d,Kepler-341,27.666313,2454976.86829,0.0071
Kepler-977 b,Kepler-977,26.85328322,2454976.31116,0.00194
HD 98219 b,HD 98219,433.8,,
HAT-P-31 b,HAT-P-31,5.00542,2458940.75332,0.00034
WASP-131 b,WASP-131,5.3220125,2458282.2588,0.00019
WASP-103 b,WASP-103,0.925542,2456459.59957,0.00075
KELT-16 b,KELT-16,0.9689951,2457247.24791,0.00019
GJ 393 b,GJ 393,7.02679,,
Kepler-879 b,Kepler-879,33.3855938,2454981.92796,0.00332
Kepler-1933 b,Kepler-1933,4.943290234,2454968.57568,0.00241
Kepler-1641 b,Kepler-1641,19.672266,2454967.3056,0.0688
GJ 687 b,GJ 687,38.142,2454481.07,0.81
Kepler-23 b,Kepler-23,7.1,2454971.32271,0.00206
Kepler-554 b,Kepler-554,1.902208556,2455003.44979,0.000174
HD 159868 c,HD 159868,351.0,,
XO-2 S c,XO-2 S,120.8,,
TOI-5388.01,TOI-5388,2.5946748,2459348.07817,0.00052
TOI-1238 c,TOI-1238,3.294736,2458707.352,0.002
Kepler-1331 b,Kepler-1331,0.789161653,2454964.5051,0.00134
Kepler-1246 b,Kepler-1246,11.32271513,2454969.05664,0.00543
Kepler-287 b,Kepler-287,20.342199,2454970.69875,0.00254
Kepler-432 c,Kepler-432,406.2,,
HD 102843 b,HD 102843,3090.942,,
K2-155 b,K2-155,6.342,2457818.7153,0.0021
Kepler-162 c,Kepler-162,19.446355,2455003.10194,0.00131
Kepler-603 d,Kepler-603,6.2171292,2454964.72164,0.00566
Kepler-139 b,Kepler-139,15.771044,2455017.90582,0.0013
K2-155 d,K2-155,40.718,2457782.8324,0.0048
Kepler-1443 b,Kepler-1443,2.41811321,2454965.38281,0.00474
Kepler-48 c,Kepler-48,9.67395,2454958.33925,
47 UMa b,47 UMa,1078.0,2454415.6,3.0
47 UMa c,47 UMa,2391.0,2455651.0,59.0
47 UMa d,47 UMa,14002.0,2451820.0,170.0
55 Cnc b,55 Cnc,14.651552,2455495.595,0.012
55 Cnc c,55 Cnc,44.3936,2455491.23,0.34
55 Cnc d,55 Cnc,4799.0,2451517.8,20.0
55 Cnc e,55 Cnc,0.7365474,2457063.2096,0.0006
55 Cnc f,55 Cnc,260.58,2455236.4,2.6
61 Vir b,61 Vir,4.215,2455200.597,0.05
61 Vir c,61 Vir,38.021,2455036.24,0.3
61 Vir d,61 Vir,123.01,2455245.8,2.9
eps Eri b,eps Eri,2671.0,2460017.0,76.0
HD 102365 b,HD 102365,122.1,,
HD 10647 b,HD 10647,989.2,2452357.0,25.0
HD 136352 b,HD 136352,11.57797,2458944.3726,0.0015
HD 136352 c,HD 136352,27.59221,2458954.4099,0.00052
HD 136352 d,HD 136352,107.245,2459009.7759,0.0101
HD 147513 b,HD 147513,528.4,,
HD 160691 b,HD 160691,645.0,2453765.6,2.3
HD 160691 c,HD 160691,3947.0,2453237.0,19.0
HD 160691 d,HD 160691,9.6392,2455205.15,0.27
HD 160691 e,HD 160691,307.9,2454483.8,1.7
HD 190360 b,HD 190360,2854.0,2456762.4,6.9
HD 190360 c,HD 190360,17.111,2455198.61,0.19
HD 192310 b,HD 192310,74.72,2455767.85,0.68
HD 192310 c,HD 192310,525.8,2455256.0,12.0
HD 20794 b,HD 20794,18.314,2460383.26,0.54
HD 20794 d,HD 20794,89.68,2460356.2,5.2
HD 3651 b,HD 3651,62.25,2454414.1,0.78
HD 39091 b,HD 39091,2088.8,2458632.6,1.1
HD 69830 b,HD 69830,8.667,2455995.87,0.13
HD 69830 c,HD 69830,31.56,2455197.28,0.65
HD 69830 d,HD 69830,197.0,2455304.1,10.0
HR 810 b,HR 810,302.79999,2451908.6,3.7
rho CrB b,rho CrB,39.8438,2455479.62,0.29
ups And b,ups And,4.617033,2453335.89,0.01
ups And c,ups And,241.258,2454652.2,1.2
ups And d,ups And,1276.46,2455937.3,7.2
HD 219134 b,HD 219134,3.092926,2457126.69913,0.00087
HD 219134 c,HD 219134,6.76458,2457474.04591,0.00088
HD 219134 d,HD 219134,46.859,2455207.93,0.7
HD 219134 f,HD 219134,22.717,2455210.72,0.66
HD 219134 g,HD 219134,94.2,,
HD 219134 h,HD 219134,2247.0,2456761.0,20.0
rho CrB c,rho CrB,102.19,2455629.3,8.6
HAT-P-67 b,HAT-P-67,4.8101069,2459010.99174,0.00017
HD 20794 e,HD 20794,147.02,,
tau Cet g,tau Cet,20.0,,
tau Cet h,tau Cet,49.41,,
tau Cet e,tau Cet,162.87,,
tau Cet f,tau Cet,636.13,,
pi Men c,HD 39091,6.2678399,2458425.789204,0.000279
GJ 411 b,GJ 411,12.9394,2456305.38,0.3
GJ 887 b,GJ 887,9.262,2455197.14,0.25
GJ 887 c,GJ 887,21.789,2456177.42,0.61
HD 141004 b,HD 141004,15.5083,2456704.33,0.55
HD 95735 c,GJ 411,2946.0,2457205.0,98.0
TOI-1518 b,TOI-1518,1.90261131,2459983.791942,6.6e-05
HD 189567 b,HD 189567,14.288,2455477.54,0.42
HD 189567 c,HD 189567,33.688,2455187.3,1.7
pi Men d,HD 39091,124.64,2455218.6,4.1
GJ 3090 b,GJ 3090,2.85310198,2458356.15322,0.00023
TOI-1774.01,TOI-1774,16.70988,2459674.4131,0.0005
TOI-2145 b,TOI-2145,10.261128,2458982.49662,0.00055
HD 140901 b,HD 140901,9.02378,,
HD 140901 c,HD 140901,14386.0,,
AF Lep b,AF Lep,8905.0,2456700.0,800.0
rho CrB d,rho CrB,282.2,2455583.0,54.0
rho CrB e,rho CrB,12.949,2455498.5,4.6
HD 20794 f,HD 20794,647.6,2459933.0,22.0
55 Cnc B b,55 Cnc B,6.7994,2455495.7,0.84
55 Cnc B c,55 Cnc B,33.747,2455491.8,4.1
GJ 3090 c,GJ 3090,15.9407,2458350.83,0.61
HD 85426 c,TOI-1774,35.73,2459608.0,1.0
GJ 4274 b,GJ 4274,1.6339,2460115.047,0.035
GJ 4274 c,GJ 4274,69.57,2460097.87,4.58
Kepler-1369 b,Kepler-1369,25.873148,2454976.27938,0.00562
XO-3 b,XO-3,3.19154,2459936.098,0.000109
Kepler-1644 b,Kepler-1644,21.0907758,2454966.96197,0.00442
Kepler-1249 b,Kepler-1249,24.3347127,2454980.4084,0.01
WASP-78 b,WASP-78,2.17518,2457966.18625,0.00017
WASP-39 b,WASP-39,4.0552941,2455342.96913,0.00063
WASP-36 b,WASP-36,1.53736596,2455569.83771,0.00046
WASP-43 b,WASP-43,0.813475,2455528.86774,0.00014
GJ 1132 c,GJ 1132,8.929,,
KIC 9663113 b,KIC 9663113,572.3847,2455139.506,0.004
Kepler-12 b,Kepler-12,4.4379629,2455004.00915,1e-05
HAT-P-24 b,HAT-P-24,3.35524,2458491.695717,0.00013807
Kepler-792 b,Kepler-792,11.30119217,2454967.92026,0.00448
Kepler-539 b,Kepler-539,125.63243,2455588.871,0.003
K2-165 d,K2-165,14.101361,2457586.7581,0.002225
Kepler-1254 c,Kepler-1254,3.60084276,2454967.03446,0.00388
Kepler-1674 b,Kepler-1674,62.5611,2455011.40719,0.00382
WASP-189 b,WASP-189,2.724033,2458926.541696,6.5e-05
WASP-41 b,WASP-41,3.0524,2457077.229441,7.1e-05
Kepler-255 c,Kepler-255,9.946047,2455004.70016,0.0021
Kepler-1238 b,Kepler-1238,4.14787559,2454968.53534,0.00684
Ross 176 b,Ross 176,5.0066338,2459829.7627,0.0008
TOI-5422 b,TOI-5422,5.377219,2459961.67611,0.00072
Kepler-5 b,Kepler-5,3.5484657,2454955.90144,2e-05
WASP-107 c,WASP-107,1088.0,2458521.0,65.0
WASP-18 c,WASP-18,2.1558,,
TOI-1743 b,TOI-1743,4.266046,2459575.1723,0.00027
Proxima Cen d,Proxima Cen,5.12338,,
HAT-P-2 c,HAT-P-2,8500.0,,
HATS-41 b,HATS-41,4.193649,2456795.724,0.0014
Kepler-933 b,Kepler-933,14.20443009,2454975.73343,0.00341
Kepler-1240 b,Kepler-1240,4.8663815,2454967.01713,0.00406
K2-80 c,K2-80,5.605,2457066.4842,0.0071
Kepler-891 b,Kepler-891,53.44945593,2454982.201815,0.000985
Kepler-1605 b,Kepler-1605,85.7565495,2454995.71867,0.00674
HD 80913 b,HD 80913,10839.83341,,
Kepler-1984 b,Kepler-1984,1.992812339,2454964.70565,0.00307
Kepler-598 c,Kepler-598,86.4945,2455014.88967,0.00464
HAT-P-29 b,HAT-P-29,5.72319,2456210.61536,5e-05
Kepler-288 d,Kepler-288,56.633742,2454968.55296,0.01046
Kepler-264 c,Kepler-264,140.101261,2455049.22078,0.01187
Kepler-1786 b,Kepler-1786,78.5460968,2454977.06962,0.0037
Kepler-1119 b,Kepler-1119,8.3265153,2454968.58682,0.00465
Kepler-49 d,Kepler-49,2.576549,2455005.12932,0.00066
GJ 687 c,GJ 687,727.562,,
Kepler-1465 b,Kepler-1465,31.8277111,2454967.59821,0.00332
Kepler-1844 b,Kepler-1844,3.924510002,2454965.40179,0.00398
Kepler-1036 b,Kepler-1036,122.8808058,2454998.45701,0.00516
Kepler-358 b,Kepler-358,34.060467,2454974.36327,0.00332
HD 206893 c,HD 206893,2090.0,,
HD 202772 A b,HD 202772 A,3.308958,2458338.61047,0.00024
Kepler-1179 b,Kepler-1179,2.685057492,2454965.60411,0.00129
Kepler-1544 b,Kepler-1544,168.811174,2455044.44085,0.00531
G 192-15 c,G 192-15,1219.0,2458813.0,10.0
Kepler-457 d,KOI-7892,10.6906004,2454974.116,0.433
Kepler-868 b,Kepler-868,5.03251791,2454970.33295,0.00346
TOI-7510 b,TOI-7510,11.530869,2458656.213656,
Kepler-355 c,Kepler-355,25.762294,2454980.70457,0.00714
Kepler-1299 b,Kepler-1299,19.9400874,2454975.34994,0.00603
Kepler-381 d,Kepler-381,8.256299973,2454970.92536,0.00305
Kepler-1806 b,Kepler-1806,9.033320427,2454970.1703,0.0037
Kepler-1570 b,Kepler-1570,26.548955,2454970.23871,0.00838
Kepler-232 c,Kepler-232,11.379349,2454966.85018,0.00219
KIC 5479689 b,KIC 5479689,1.701531,,
Kepler-1759 b,Kepler-1759,3.720230103,2454966.4183,0.00333
Kepler-225 c,Kepler-225,18.794234,2455010.7935,0.00216
Kepler-833 b,Kepler-833,18.7546998,2454974.71563,0.00222
Kepler-321 b,Kepler-321,4.915379,2454965.69543,0.00128
Kepler-973 b,Kepler-973,49.6077331,2454971.41415,0.00191
Kepler-243 b,Kepler-243,5.715442,2455007.87832,0.00109
Kepler-308 b,Kepler-308,9.694928,2455015.45617,0.00558
HD 97037 b,HD 97037,6449.08337,,
Kepler-776 b,Kepler-776,4.89718784,2454966.40218,0.00309
DMPP-2 b,DMPP-2,5.2072,,
Kepler-1226 b,Kepler-1226,17.2923453,2454968.74985,0.00556
Kepler-1048 b,Kepler-1048,6.92101021,2454968.64481,0.0031
WASP-73 b,WASP-73,4.08722,2458462.55487,0.00022
HATS-44 b,HATS-44,2.7439004,2456931.11384,0.00061
HATS-45 b,HATS-45,4.1876244,2456731.19533,0.00073
Kepler-1260 b,Kepler-1260,19.1187753,2454971.42568,0.00598
K2-343 b,K2-343,2.787174,2457141.32497,0.001208
Kepler-367 c,Kepler-367,53.578637,2455004.18362,0.00434
Kepler-176 e,Kepler-176,51.16579,2455005.3084,0.0106
Kepler-194 c,Kepler-194,17.308032,2455009.94169,0.00253
WASP-61 b,WASP-61,3.8559,2457128.11889,0.00019
HD 80606 b,HD 80606,111.436765,2458888.07466,0.00204
HAT-P-6 b,HAT-P-6,3.85298,2456100.88331,0.0002
Kepler-465 b,Kepler-465,9.940672466,2454968.215073,0.000544
Kepler-1475 b,Kepler-1475,82.177374,2455030.19323,0.00934
HATS-46 b,HATS-46,4.7423729,2457376.68539,0.0006
HATS-7 b,HATS-7,3.185315,2456528.29697,0.00058
Kepler-1756 b,Kepler-1756,2.355750084,2455010.88996,0.00292
K2-366 b,K2-366,15.937039,2456906.4351,0.0028
Kepler-1960 b,Kepler-1960,2.297940016,2454964.50475,0.00685
Kepler-1007 b,Kepler-1007,5.185002073,2454964.87942,0.00155
Kepler-659 b,Kepler-659,17.671796,2455019.3686,0.00262
Kepler-1290 b,Kepler-1290,4.69500134,2454966.93999,0.0063
HD 40956 b,HD 40956,578.6,,
Kepler-1244 b,Kepler-1244,3.70428172,2454965.2159,0.00396
HD 50499 b,HD 50499,2447.1,2455005.0,74.0
Kepler-374 b,Kepler-374,1.897806,2454965.67854,0.00407
2MASS J22501512+2325342 b,2MASS J22501512+2325342,,,
WASP-99 b,WASP-99,5.75251,2459135.796,0.000101
HAT-P-15 b,HAT-P-15,10.8635,2456159.44417,0.00017
HD 169142 b,HD 169142,,,
Kepler-1420 b,Kepler-1420,6.69960006,2454967.14722,0.00528
WASP-58 b,WASP-58,5.01718,2458986.98151,0.00015
HAT-P-1 b,HAT-P-1,4.46529976,2453979.93202,0.00024
HAT-P-23 b,HAT-P-23,1.212884,2454852.26464,0.00018
HAT-P-57 b,HAT-P-57,2.4653,2457598.49926,0.00037
KELT-15 b,KELT-15,3.32944,2458973.57814,0.00012
HAT-P-17 b,HAT-P-17,10.33852,2456703.460703,5e-05
CoRoT-2 b,CoRoT-2,1.7429935,2454237.53556,0.0002
HAT-P-17 c,HAT-P-17,5584.0,,
HAT-P-4 b,HAT-P-4,3.056536,2455584.57238,0.00018
HAT-P-30 b,HAT-P-30,2.8106,2457775.212778,7.7e-05
WASP-71 b,WASP-71,2.90367,2458720.93288,0.00017
HAT-P-49 b,HAT-P-49,2.69155,2458684.75534,0.00019
HD 147873 c,HD 147873,491.54,,
Kepler-857 b,Kepler-857,85.35129427,2454994.009326,0.000882
HATS-12 b,HATS-12,3.142702,2457311.23876,0.00068
EPIC 211945201 b,EPIC 211945201,19.49221,2457158.82477,0.00086
K2-188 c,K2-188,7.810253,2457144.85447,0.00397
K2-108 b,K2-108,4.733999,2457145.09609,0.00172
Kepler-1025 b,Kepler-1025,37.3229493,2454985.83536,0.00318
Kepler-1666 b,Kepler-1666,25.8476,2455021.874,0.00462
Kepler-1924 b,Kepler-1924,15.33170033,2454975.525,0.00963
K2-127 b,K2-127,3.588163,2457223.92588,0.00034
WASP-144 b,WASP-144,2.2783152,2457157.27493,0.00015
K2-409 b,K2-409,1.908084,2457990.2841,0.0011
Kepler-997 b,Kepler-997,2.707306716,2454965.43096,0.00163
HD 99109 b,HD 99109,439.29999,2451991.0,12.0
WASP-158 b,WASP-158,3.656333,2457619.9195,0.001
WASP-145 A b,WASP-145 A,1.7690381,2456844.16526,0.00026
WASP-159 b,WASP-159,3.840401,2457668.0849,0.0009
HD 89345 b,HD 89345,11.8143,2457913.8052,0.0011
CoRoT-20 c,CoRoT-20,1675.0,,
NGTS-2 b,NGTS-2,4.511164,2457759.1261,0.0014
Kepler-1562 b,Kepler-1562,64.2737752,2455019.71003,0.00801
K2-117 b,K2-117,1.2916,2457142.77452,0.00162
DMPP-1 b,DMPP-1,18.57,,
Kepler-1110 b,Kepler-1110,9.69312032,2454967.52964,0.00285
HD 153557 b,HD 153557,7.29903,,
Kepler-1170 b,Kepler-1170,9.98969327,2454966.76149,0.00348
WASP-162 b,WASP-162,9.62468,2457701.3816,0.0006
WASP-172 b,WASP-172,5.477433,2457032.2617,0.0005
Kepler-392 b,Kepler-392,5.341853,2454969.30141,0.00756
K2-188 b,K2-188,1.742169,2457140.47617,0.00719
Kepler-324 e,Kepler-324,13.97939968,2454975.3383,0.0022
Kepler-194 b,Kepler-194,2.092281,2454966.05964,0.00232
Kepler-157 d,Kepler-157,7.02573474,2454966.62972,0.00275
Kepler-763 c,Kepler-763,4.09667624,2454966.09833,0.00376
Kepler-236 c,Kepler-236,23.968127,2455019.2169,0.00362
LHS 3154 b,LHS 3154,3.71778,2458874.0,0.14
Kepler-664 b,Kepler-664,2.525593315,2455004.59513,0.0011
HATS-9 b,HATS-9,1.915291,2457311.7514,0.00039
DMPP-1 c,DMPP-1,6.584,,
Kepler-157 c,Kepler-157,13.5405,2455004.68032,0.00219
Kepler-947 b,Kepler-947,26.9644317,2454978.34343,0.00493
Kepler-758 e,Kepler-758,8.1934719,2454971.9921,0.0106
Kepler-679 b,Kepler-679,12.39358604,2455011.74572,0.00244
WASP-147 b,WASP-147,4.60273,2456562.595,0.0013
Kepler-1907 c,Kepler-1907,14.86390018,2454975.9516,0.0052
Kepler-934 b,Kepler-934,55.6738309,2454969.54348,0.0041
Kepler-1986 b,Kepler-1986,19.5489666,2454982.78882,0.00432
Kepler-1521 b,Kepler-1521,47.14840805,2455008.26845,0.00135
Kepler-189 c,Kepler-189,20.134866,2455004.36552,0.00159
HD 135344 A b,HD 135344 A,,,
HD 66428 b,HD 66428,2269.81726,2456562.0,13.0
Kepler-1468 c,Kepler-1468,3.54553021,2454965.37696,0.00453
K2-266 b,K2-266,0.658524,2457949.6747,0.0032
Kepler-1371 b,Kepler-1371,3.4462039,2454965.23052,0.00391
HD 196067 b,HD 196067,3413.7,,
Kepler-202 c,Kepler-202,16.282493,2455013.79623,0.0014
K2-266 d,K2-266,14.697,2457944.8393,0.0012
K2-266 e,K2-266,19.482,2457938.541,0.0013
Kepler-271 b,Kepler-271,10.43547805,2454967.82334,0.00232
Kepler-1834 b,Kepler-1834,4.603010178,2454966.22313,0.00287
Kepler-122 e,Kepler-122,37.993273,2454996.01553,0.00579
Kepler-974 b,Kepler-974,4.194496514,2454967.13429,0.00101
GJ 676 A d,GJ 676 A,3.60076,,
Kepler-218 b,Kepler-218,3.619337,2454968.43801,0.00183
NGTS-3 A b,NGTS-3 A,1.6753728,2457620.1679,0.00095
K2-238 b,K2-238,3.20466,2457740.5036,0.0004
WASP-106 b,WASP-106,9.28969,2457977.9796,0.0014
TrES-1 b,TrES-1,3.03007,2453186.806341,5.1e-05
Qatar-1 b,Qatar-1,1.4200242,2456234.103218,6.071e-05
Kepler-1387 b,Kepler-1387,2.279526656,2454966.35773,0.0034
Kepler-234 b,Kepler-234,2.711506,2455003.03513,0.0013
Kepler-525 b,Kepler-525,18.68404933,2455003.83222,0.00236
CoRoT-20 b,CoRoT-20,9.24285,2455266.0001,0.0014
HD 18438 b,HD 18438,803.0,,
Kepler-1205 b,Kepler-1205,1.078390352,2454966.24975,0.00125
Kepler-1067 c,Kepler-1067,5.425839901,2454968.86518,0.00211
EPIC 201841433 b,EPIC 201841433,4.1698,2456811.6359,0.0011
HATS-64 b,HATS-64,4.908897,2457769.82287,0.00082
HATS-65 b,HATS-65,3.105161,2457520.9613,0.00041
K2-80 b,K2-80,19.0918,2457077.61,0.01
Kepler-1222 b,Kepler-1222,1.916944254,2454965.46704,0.00248
K2-285 d,K2-285,10.45582,2457745.201,0.00076
K2-285 e,K2-285,14.76289,2457741.8969,0.002
HATS-60 b,HATS-60,3.560829,2458015.72358,0.00085
Kepler-359 b,Kepler-359,25.563222,2455208.28439,0.00369
K2-369 b,K2-369,5.761612,2456979.8716,0.0052
WASP-165 b,WASP-165,3.465509,2457649.71142,0.00093
HD 4313 b,HD 4313,356.21,,
Kepler-1056 b,Kepler-1056,27.495606,2454966.28365,0.00359
Kepler-1554 b,Kepler-1554,198.088774,2455152.73061,0.00827
HATS-59 b,HATS-59,5.416081,2456620.66527,0.00052
K2-284 b,K2-284,4.795069,2457859.11316,0.00043
Kepler-1107 b,Kepler-1107,0.571038518,2454964.653538,0.000589
HD 457 b,HD 457,20324.58153,,
HD 112640 b,HD 112640,613.2,,
Kepler-1969 b,Kepler-1969,6.647520065,2454970.13371,0.00517
Kepler-996 b,Kepler-996,3.770590584,2454966.39097,0.00168
TOI-172 b,TOI-172,9.47725,2458345.8734,0.0013
K2-85 b,K2-85,0.68453862616,2457065.36778,0.00056
Kepler-48 f,Kepler-48,5219.681854,,
Kepler-1385 b,Kepler-1385,2.88879862,2454965.33156,0.00484
Kepler-8 b,Kepler-8,3.5224991,2454954.11931,2e-05
K2-291 b,K2-291,2.225177,2457830.06163,0.00099
HAT-P-25 b,HAT-P-25,3.65281514,2457759.39314,0.00015
GJ 328 c,GJ 328,241.8,2458478.8,5.4
K2-181 b,K2-181,6.8941,2457143.7948,0.0025
Kepler-1039 b,Kepler-1039,0.934884242,2454964.581851,0.000821
HATS-69 b,HATS-69,2.2252577,2457755.3939,0.00052
HATS-68 b,HATS-68,3.5862202,2457410.4086,0.0011
Kepler-1383 b,Kepler-1383,13.9093583,2454975.8819,0.0105
Kepler-800 b,Kepler-800,14.13176026,2454975.26113,0.00256
GJ 4276 b,GJ 4276,13.352,,
Kepler-1484 b,Kepler-1484,30.4549136,2454973.76313,0.00826
WASP-161 b,WASP-161,5.4060425,2457416.5289,0.0011
Kepler-172 e,Kepler-172,35.118736,2454985.11935,0.00408
Kepler-1864 b,Kepler-1864,3.881510019,2454968.1178,0.0026
HATS-70 b,HATS-70,1.8882378,2456911.87486,0.0008
WISPIT 1 b,WISPIT 1,,,
Kepler-281 d,Kepler-281,148.2720032,2454971.00557,0.00469
HD 1397 b,HD 1397,11.53533,2458332.08261,0.0006
Kepler-988 b,Kepler-988,17.76080053,2454970.50628,0.00128
K2-285 b,K2-285,3.471745,2457743.37545,0.00051
Kepler-1694 b,Kepler-1694,3.89526,2454964.8589,0.0026
Kepler-526 b,Kepler-526,5.458498316,2455005.0888,0.00125
HD 47366 c,HD 47366,677.53,,
K2-245 b,K2-245,11.89307,2457587.5524,0.0018
Kepler-159 b,Kepler-159,10.139623,2455011.44948,0.00119
Kepler-859 b,Kepler-859,20.38177573,2454975.31445,0.00215
WASP-140 b,WASP-140,2.23598448,2456912.35261,0.00016
KMT-2022-BLG-1818L c,KMT-2022-BLG-1818L,,,
K2-18 b,K2-18,32.939623,2457264.39144,0.00065
HAT-P-35 b,HAT-P-35,3.646706,2455578.66158,0.0005
Kepler-208 d,Kepler-208,11.131786,2454956.29541,0.0074
Kepler-1129 c,Kepler-1129,76.5369586,2454997.15492,0.00866
HD 12235 b,HD 12235,4.36305,,
Kepler-364 b,Kepler-364,25.745718,2454968.95058,0.01321
Kepler-524 b,Kepler-524,7.97419807,2455007.52833,0.00196
Kepler-221 e,Kepler-221,18.369917,2454964.86048,0.00087
HD 10180 g,HD 10180,604.67,,
HD 181433 c,HD 181433,962.0,,
HD 87816 b,HD 87816,484.17,,
Kepler-1189 b,Kepler-1189,3.78858982,2454967.6227,0.00476
Kepler-401 d,Kepler-401,184.256405,2455088.2581,0.0133
GJ 422 b,GJ 422,20.129,,
24 Boo b,24 Boo,30.33,,
WASP-164 b,WASP-164,1.7771255,2457203.85378,0.0002
K2-376 b,K2-376,5.776475,2458096.7426,0.0025
Kepler-563 b,Kepler-563,22.18432708,2455007.597478,0.000892
HD 173416 b,HD 173416,322.03,,
Kepler-1042 b,Kepler-1042,10.13202575,2454965.9102,0.00275
V1298 Tau d,V1298 Tau,12.4032,2457072.3913,0.003
HD 2685 b,HD 2685,4.12688,2458325.78297,0.0002
Kepler-25 b,Kepler-25,6.238297,2455703.42004,0.00012
KELT-23 A b,KELT-23 A,2.255251,2458140.3792,0.0027
Kepler-1491 b,Kepler-1491,16.5861762,2454966.2787,0.0103
Kepler-1528 b,Kepler-1528,1.791110205,2454964.95809,0.00357
Kepler-1436 b,Kepler-1436,9.705716,2454973.3731,0.0139
GJ 180 c,GJ 180,24.329,,
HATS-24 b,HATS-24,1.3484978,2457948.709321,3.9e-05
HAT-P-9 b,HAT-P-9,3.92281072,2455484.913088,0.000386
HAT-P-36 b,HAT-P-36,1.32734683,2457885.383994,9.4e-05
HD 21749 c,GJ 143,7.78993,2458371.2287,0.0016
Kepler-1621 b,Kepler-1621,92.263714,2454979.424,0.0236
Kepler-1478 b,Kepler-1478,26.0840594,2454982.4478,0.0163
Kepler-203 c,Kepler-203,5.370647,2455005.23697,0.00091
Kepler-221 b,Kepler-221,2.795906,2454965.72929,0.00084
NGTS-5 b,NGTS-5,3.3569866,2457740.35262,0.00026
NGTS-4 b,NGTS-4,1.3373508,2457607.9975,0.0034
Kepler-386 b,Kepler-386,12.31043,2454974.86305,0.01048
Kepler-1502 b,Kepler-1502,41.7083629,2454986.53949,0.00705
Qatar-9 b,Qatar-9,1.540731,2458227.75643,0.00027
Kepler-1591 b,Kepler-1591,8.18504949,2454967.55375,0.00969
Kepler-160 c,Kepler-160,13.699429,2455004.4805,0.0011
Kepler-1057 b,Kepler-1057,14.08827448,2454970.34424,0.0024
Kepler-115 b,Kepler-115,2.403679,2454967.72847,0.00305
Kepler-527 b,Kepler-527,13.28535633,2455002.8621,0.00143
Kepler-1011 b,Kepler-1011,5.753221974,2454969.75619,0.00124
TrES-3 b,TrES-3,1.30618581,2454185.9104,
Kepler-1600 b,Kepler-1600,386.370548,2455285.8748,0.01
Kepler-49 c,Kepler-49,10.91,2455002.8525,0.001
KMT-2020-BLG-0414L b,KMT-2020-BLG-0414L,,,
Kepler-717 b,Kepler-717,4.40840023,2455005.1893,0.00289
Kepler-1566 b,Kepler-1566,0.539915238,2454964.55175,0.00212
Kepler-1022 b,Kepler-1022,10.99469878,2454970.35766,0.00144
HD 75784 b,HD 75784,341.2,,
Kepler-1321 d,Kepler-1321,5.720920086,2454967.66282,0.00501
Kepler-1340 b,Kepler-1340,0.665026916,2454964.65768,0.00206
Kepler-411 d,Kepler-411,58.02035,2454984.8484,0.0061
Kepler-411 c,Kepler-411,7.834435,2454968.2224,0.0002
Kepler-742 b,Kepler-742,8.360868238,2455008.644892,0.00059
Kepler-936 b,Kepler-936,10.56134221,2454966.76417,0.00354
K2-295 b,K2-295,4.024867,2457395.4140498,1.2e-06
Kepler-748 b,Kepler-748,7.40742793,2455188.49521,0.0032
WASP-5 b,WASP-5,1.6284279,2454373.99598,0.00025
HATS-18 b,HATS-18,0.83784,2458217.64374,0.00016
Kepler-1349 b,Kepler-1349,2.12823928,2454965.47062,0.00438
Kepler-1627 b,Kepler-1627,7.20283653,2454968.19376,0.00886
Kepler-394 d,Kepler-394,5.613580227,2454964.81669,0.0054
Kepler-1601 b,Kepler-1601,2.20921951,2454964.90843,0.00548
Kepler-1751 b,Kepler-1751,7.017310143,2454966.90592,0.00577
K2-133 e,K2-133,26.5841,2457837.8657,0.0022
K2-308 b,K2-308,3.38628,2457823.2233,0.0006
DS Tuc A b,DS Tuc A,8.138268,2458332.30997,0.00026
Kepler-283 c,Kepler-283,92.743711,2455006.31145,0.0073
Kepler-1086 b,Kepler-1086,18.78425728,2454970.88324,0.00232
Kepler-25 c,Kepler-25,12.7207,2455711.15013,0.00014
Kepler-1023 b,Kepler-1023,62.1387714,2454994.1476,0.00269
Kepler-1497 b,Kepler-1497,8.74199772,2454968.4222,0.00869
Kepler-981 b,Kepler-981,4.469757736,2454964.84366,0.00112
K2-111 b,K2-111,5.3518,2457100.0768,0.0019
Kepler-436 c,Kepler-436,16.79713874,2454967.04221,0.00404
HD 175167 b,HD 175167,1175.0,,
Kepler-139 c,Kepler-139,157.072878,2455314.26266,0.0044
Kepler-1743 b,Kepler-1743,7.649710178,2454971.33113,0.00477
K2-173 b,K2-173,5.868699,2457067.14113,0.002928
WASP-181 b,WASP-181,4.5195064,2457747.66681,0.00035
Kepler-583 b,Kepler-583,6.5100253,2455005.91594,0.00159
Kepler-1770 b,Kepler-1770,16.84189987,2454970.99231,0.00181
Kepler-987 b,Kepler-987,105.3033148,2455040.17343,0.00396
Kepler-385 d,Kepler-385,56.4159,2454996.128,0.0118
Gl 410 b,Gl 410,6.02,,
Kepler-1201 b,Kepler-1201,15.18725932,2454967.05581,0.0046
Kepler-1540 b,Kepler-1540,125.4131177,2455028.62717,0.00264
HAT-P-70 b,HAT-P-70,2.74432452,2458439.57519,0.00045
Kepler-176 c,Kepler-176,12.759712,2455003.31062,0.00146
HD 96700 c,HD 96700,19.88,,
Kepler-1568 b,Kepler-1568,20.925392,2454967.895,0.0105
HATS-58 A b,HATS-58 A,4.2180896,2457463.2999,0.0017
WASP-169 b,WASP-169,5.6114118,2457697.0176,0.0014
K2-147 b,K2-147,0.961939,2457343.30907,0.001
Kepler-247 d,Kepler-247,20.477912,2455011.66798,0.00068
Kepler-1552 b,Kepler-1552,184.771853,2455050.36155,0.00652
K2-398 b,K2-398,6.393025,2457909.0449,0.0042
K2-268 b,K2-268,2.151676,2457143.654276,0.002437
LkCa 15 c,LkCa 15,,,
Kepler-1542 c,Kepler-1542,2.89223021,2454965.86465,0.00386
HD 30856 b,HD 30856,847.0,,
Kepler-173 c,Kepler-173,8.005777,2455003.5034,0.00116
TOI-163 b,TOI-163,4.231306,2458328.8797,0.00062
Kepler-1445 b,Kepler-1445,10.60052251,2454965.98457,0.00696
Kepler-1095 b,Kepler-1095,4.27103091,2454966.1404,0.00258
Kepler-1123 b,Kepler-1123,4.33946454,2454965.80245,0.00218
NGTS-8 b,NGTS-8,2.4997,2457500.1783,0.00072
Kepler-2000 b,Kepler-2000,6.383159135,2455003.604622,0.000744
Kepler-1371 c,Kepler-1371,2.00541269,2454966.2455,0.00393
Kepler-538 b,Kepler-538,81.73778,2455044.6789,0.0011
Kepler-1877 b,Kepler-1877,2.377569914,2454966.3975,0.0025
Kepler-331 c,Kepler-331,17.28111,2454969.00798,0.00216
Kepler-543 b,Kepler-543,13.89961966,2455015.865271,0.000626
HD 150010 b,HD 150010,562.0,,
Kepler-1105 b,Kepler-1105,4.421572182,2454965.18354,0.00186
Kepler-1311 b,Kepler-1311,11.1726994,2454973.00554,0.00899
K2-58 c,K2-58,2.53726,2456982.12,0.0023
Kepler-1449 b,Kepler-1449,13.2274528,2454970.72197,0.00886
HD 38801 b,HD 38801,685.25,,
Kepler-389 c,Kepler-389,14.51143,2454976.86026,0.01341
Kepler-147 c,Kepler-147,33.416423,2455004.33383,0.0072
GJ 1265 b,GJ 1265,3.6511,,
Kepler-604 b,Kepler-604,25.85501786,2455025.57518,0.00293
K2-12 b,K2-12,8.28246,2456815.3701,0.0029
GJ 514 b,GJ 514,140.43,,
Kepler-92 c,Kepler-92,26.723,2454980.95119,0.00072714
Kepler-1635 b,Kepler-1635,469.63111,2455255.4954,0.0137
Kepler-667 b,Kepler-667,41.43962808,2455041.93112,0.00161
Kepler-1709 b,Kepler-1709,65.70459747,2454970.4421,0.0011
K2-158 c,K2-158,5.90279,2457583.8828,0.0131
EPIC 220674823 b,EPIC 220674823,0.5713127,2457394.00907,0.00067
Kepler-167 b,Kepler-167,4.3931539,2455831.78065,0.00039
Kepler-127 c,Kepler-127,29.393195,2455042.06708,0.00121
Kepler-111 c,Kepler-111,224.77833,2454975.09611,0.00088
Kepler-890 b,Kepler-890,52.75875577,2454989.30675,0.000534
GJ 357 d,GJ 357,55.661,,
Kepler-175 b,Kepler-175,11.903515,2455011.34082,0.002
WASP-175 b,WASP-175,3.0652907,2457143.78886,0.00034
WASP-182 b,WASP-182,3.3769848,2458018.66018,0.00067
Kepler-374 c,Kepler-374,3.282807,2454964.89972,0.00375
K2-43 b,K2-43,3.471149,2456809.8843,0.00071
Kepler-557 b,Kepler-557,3.705989551,2455002.94342,0.00107
Kepler-1904 b,Kepler-1904,4.577020168,2454965.09921,0.00177
HATS-47 b,HATS-47,3.9228038,2457365.35804,0.00029
Kepler-186 e,Kepler-186,22.407704,2454986.8006,0.0024
Kepler-1902 b,Kepler-1902,3.822220087,2454965.15233,0.0049
Kepler-747 b,Kepler-747,35.61760587,2455030.03542,0.00111
DH Tau b,DH Tau,,,
HD 134606 f,HD 134606,26.915,,
GJ 3998 d,GJ 3998,41.78,2460170.55,3.29
HIP 5763 b,HIP 5763,30.014,,
Kepler-1044 b,Kepler-1044,6.77408868,2454968.95514,0.00244
HATS-48 A b,HATS-48 A,3.1316666,2457100.55022,0.00045
HATS-49 b,HATS-49,4.1480467,2457105.1648,0.00054
HATS-72 b,HATS-72,7.3279474,2458087.64782,7.5e-05
Kepler-316 b,Kepler-316,2.240508,2454970.82156,0.00164
Kepler-1085 c,Kepler-1085,56.7771,2455014.09789,0.00413
Kepler-1585 b,Kepler-1585,3.5827463,2454967.94912,0.00441
Kepler-1856 b,Kepler-1856,1.302000046,2454964.93624,0.00202
Kepler-116 b,Kepler-116,5.968734,2454970.15762,0.00092
Kepler-1958 b,Kepler-1958,9.328619957,2454968.87513,0.00352
TOI-169 b,TOI-169,2.2554477,2458327.44174,0.00065
HD 12648 b,HD 12648,133.60001,,
Kepler-1301 b,Kepler-1301,9.08237046,2454972.65023,0.0045
Kepler-879 c,Kepler-879,0.646716,2454833.206,0.003
HD 33142 d,HD 33142,89.9,,
Kepler-1695 b,Kepler-1695,4.7329,2454964.5783,0.0029
NGTS-9 b,NGTS-9,4.43527,2457671.81086,0.00265
Qatar-6 b,Qatar-6,3.506195,2457784.0327,0.00049
HD 213885 b,HD 213885,1.008035,2458379.97043,0.0012
Kepler-1103 b,Kepler-1103,19.79191978,2454982.30853,0.00356
NGTS-11 b,NGTS-11,35.45533,2458390.7043,0.0016
CoRoT-10 b,CoRoT-10,13.2406,2454273.3436,0.0012
TOI-1728 b,TOI-1728,3.49151,2458843.27427,0.00043
HIP 114933 b,HIP 114933,1481.6,,
11 Com b,11 Com,323.21,,
Kepler-1162 c,Kepler-1162,59.284064,2454981.75407,0.00818
HD 86226 c,HD 86226,3.98442,2458543.2539,0.0007
HD 158259 b,HD 158259,2.178,2460338.523071,0.0013773
HD 158259 d,HD 158259,5.1980814,,
Kepler-184 b,Kepler-184,10.687576,2455002.93154,0.0012
GJ 3512 b,GJ 3512,203.109,2457739.51,0.22
HD 158259 e,HD 158259,7.951,,
HD 158259 f,HD 158259,12.028,,
Kepler-1112 b,Kepler-1112,14.36267939,2454974.43634,0.00344
Kepler-345 c,Kepler-345,9.387427,2454970.38084,0.00171
COCONUTS-2 b,COCONUTS-2 A,402000000.0,,
HIP 65 A b,HIP 65 A,0.9809734,2458326.10418,0.00011
LTT 9779 b,LTT 9779,0.792052,2458354.2143,0.00025
WD 1856+534 b,WD 1856+534,1.4079405,2458779.3750828,3.4e-06
Kepler-1820 b,Kepler-1820,31.03249931,2454985.2694,0.00525
Kepler-993 b,Kepler-993,22.08557563,2454968.23132,0.00187
Kepler-261 c,Kepler-261,24.570858,2454968.87408,0.00159
Kepler-1560 b,Kepler-1560,3.03195744,2454966.98988,0.00362
HD 213885 c,HD 213885,4.78503,,
WASP-126 b,WASP-126,3.28883,2458827.416215,5.7e-05
XO-7 b,XO-7,2.8641424,2457917.47503,0.00045
WASP-176 b,WASP-176,3.899052,2458234.1771,0.0007
Kepler-233 c,Kepler-233,60.418955,2455014.16152,0.00573
Kepler-218 d,Kepler-218,124.5244647,2455087.1801,0.00358
TOI-125 b,TOI-125,4.65382,2458355.35529,0.001
Kepler-1360 b,Kepler-1360,40.5286413,2455001.02881,0.00651
EPIC 220554210 c,K2-282,0.70531,2457466.1131,0.0019
Kepler-270 b,Kepler-270,11.476094,2454968.3951,0.00368
Kepler-215 d,Kepler-215,30.864423,2455005.93309,0.00154
Kepler-1867 b,Kepler-1867,9.887359619,2454972.52781,0.00695
HD 20782 b,HD 20782,597.0643,,
Kepler-48 b,Kepler-48,4.778,2454957.06113,
Kepler-1380 b,Kepler-1380,10.3108245,2454974.51174,0.00769
Kepler-693 b,Kepler-693,15.37563332,2455006.613288,0.00065
K2-54 b,K2-54,9.7833,2457012.2875,0.0028
Kepler-1834 c,Kepler-1834,0.766691517,2454965.19667,0.00138
Kepler-1416 b,Kepler-1416,1.49514952,2454965.66209,0.00578
Kepler-292 e,Kepler-292,11.97901,2455011.9664,0.00523
Kepler-653 b,Kepler-653,14.70748976,2455008.79285,0.0019
WASP-187 b,WASP-187,5.147878,2455197.3529,0.002
TOI-451 c,TOI-451,9.192522,2458411.7956,0.0048
TOI-451 b,TOI-451,1.858703,2458410.99,0.0056
TOI-451 d,TOI-451,16.364988,2458416.63478,0.00088
GJ 433 d,GJ 433,36.059,,
TOI-540 b,TOI-540,1.2391491,2458411.82601,0.00046
K2-268 c,K2-268,9.327527,2457140.84665,0.002133
Kepler-1485 b,Kepler-1485,19.9157725,2454972.37298,0.00472
Kepler-1134 b,Kepler-1134,17.13263989,2454980.1548,0.004
Kepler-416 c,Kepler-416,12.209,2455193.32274,0.00195
HD 202206 c,HD 202206,1260.0,,
Kepler-769 c,Kepler-769,15.9870174,2454970.5914,0.0114
Kepler-1900 b,Kepler-1900,2.986229897,2454966.4782,0.006
Kepler-1466 b,Kepler-1466,31.1750448,2454992.09527,0.00597
TOI-251 b,TOI-251,4.93777,2458357.30548,0.0013
K2-124 b,K2-124,6.413651,2457142.18106,0.00105
Kepler-322 b,Kepler-322,1.653888,2454965.19171,0.00236
Kepler-1317 b,Kepler-1317,0.568874427,2454965.048841,0.000854
Kepler-1673 b,Kepler-1673,33.7888,2454986.65495,0.00204
Kepler-740 b,Kepler-740,3.584101216,2455003.427911,0.000444
EPIC 201754305 d,K2-16,2.71578,2456850.4963,0.0029
GJ 3473 c,GJ 3473,15.509,,
GJ 3473 b,GJ 3473,1.1980035,2458492.20408,0.00043
TOI-954 b,TOI-954,3.6849729,2458411.90651,0.00084
Kepler-567 b,Kepler-567,16.54297375,2455002.64888,0.00183
LP 791-18 d,LP 791-18,2.753436,2458772.16211,0.0005
Kepler-888 b,Kepler-888,70.6979061,2455021.57029,0.00361
Kepler-1972 b,Kepler-1972,7.54425,2454944.8999,0.0078
HIP 19976 b,HIP 19976,50.65905,,
HD 89744 b,HD 89744,256.78,,
Kepler-648 b,Kepler-648,17.4211749,2455017.246184,0.00096
Kepler-1744 b,Kepler-1744,37.10110092,2455203.4803,0.00202
HIP 12961 b,HIP 12961,57.435,,
BD+37 3172 b,BD+37 3172,1887.76,2456191.534,0.01
Kepler-95 b,Kepler-95,11.5231,2454964.96841,
Kepler-1670 b,Kepler-1670,20.4998,2454964.82068,0.00664
Kepler-1308 b,Kepler-1308,2.104338119,2454966.31479,0.00168
Kepler-404 c,Kepler-404,14.751166,2454970.1376,0.01059
K2-329 b,K2-329,12.4551225,2457773.157267,7.3e-05
Kepler-1400 b,Kepler-1400,9.06689421,2454967.75212,0.00737
HD 96992 b,HD 96992,514.0,,
Kepler-326 d,Kepler-326,6.766888,2454969.61605,0.00219
TOI-481 b,TOI-481,10.33111,2458511.6418,0.0002
Kepler-1514 b,Kepler-1514,217.83184,2455071.81411,0.00046
V2376 Ori b,V2376 Ori,,,
Kepler-129 c,Kepler-129,82.2,2455041.78688,0.00257202
TOI-905 b,TOI-905,3.739494,2458643.30898,0.0002
K2-73 c,K2-73,1000.0,2456905.0,62.0
Kepler-1795 b,Kepler-1795,13.36019993,2454964.81294,0.00329
TIC 237913194 b,TIC 237913194,15.168865,2458319.15055,0.00077
Kepler-512 b,Kepler-512,34.43587975,2455026.03913,0.00165
NGTS-13 b,NGTS-13,4.119027,2458572.8247,0.0018
HD 72490 b,HD 72490,858.0,,
Kepler-1468 d,Kepler-1468,19.59059906,2454977.65869,0.00487
HD 75898 b,HD 75898,422.82,2453303.0,6.0
Kepler-1459 b,Kepler-1459,62.8691611,2454999.0209,0.011
Kepler-1769 b,Kepler-1769,89.1934967,2455050.82346,0.00104
Kepler-1987 e,Kepler-1987,8.74292005,2455191.59286,0.00266
KOI-351 f,KOI-351,124.9144,2455087.704,0.014
Kepler-1615 b,Kepler-1615,47.3126192,2454979.3247,0.0162
TOI-763 c,TOI-763,12.2737,2458572.9661,0.0071
HATS-71 b,HATS-71,3.7955202,2457858.80134,0.00023
TOI-824 b,TOI-824,1.392978,2458639.60354,0.00035
Kepler-880 b,Kepler-880,7.71468975,2454966.55478,0.00225
Kepler-351 d,Kepler-351,142.544247,2455035.8852,0.01
Kepler-324 b,Kepler-324,4.385315,2454972.22656,0.00313
GJ 251 b,GJ 251,14.237,2458626.81,0.13
Kepler-1931 b,Kepler-1931,38.5760994,2455000.85725,0.0044
HAT-P-62 b,HAT-P-62,2.6453235,2457118.38979,0.00044
HAT-P-63 b,HAT-P-63,3.377728,2456382.94256,0.00053
Kepler-570 b,Kepler-570,4.301662003,2455005.310292,0.000572
Kepler-1396 b,Kepler-1396,18.2206421,2454974.37434,0.00575
Kepler-1165 c,Kepler-1165,29.96870041,2454980.8605,0.00354
Kepler-640 b,Kepler-640,22.24813967,2455007.13664,0.00124
Kepler-893 b,Kepler-893,6.33855761,2455187.8511,0.00159
K2-138 d,K2-138,5.40479,2457743.15989,0.00091
HD 103949 b,HD 103949,120.878,,
Kepler-1487 c,Kepler-1487,35.8007112,2454977.92169,0.00935
Kepler-722 c,Kepler-722,105.144749,2455011.3666,0.0104
K2-138 e,K2-138,8.26146,2457740.64558,0.00085
K2-138 f,K2-138,12.75758,2457738.70235,0.00093
Kepler-170 b,Kepler-170,7.930592,2455002.51582,0.00106
Kepler-1542 e,Kepler-1542,5.10115756,2454965.42378,0.0033
Kepler-789 b,Kepler-789,8.63847725,2454972.94642,0.00273
Kepler-328 c,Kepler-328,71.312,2454965.3924,0.0039
K2-32 d,K2-32,31.71701,2456903.78707,0.00124
K2-32 b,K2-32,8.992,2456900.92676,0.00031
Kepler-299 b,Kepler-299,2.927128,2454966.82858,0.0065
K2-154 c,K2-154,7.95486,2457584.3376,0.0048
K2-32 c,K2-32,20.66093,2456899.42344,0.00167
Kepler-1821 b,Kepler-1821,16.45809937,2454967.01856,0.0026
K2-348 b,K2-348,4.688418,2458096.716772,0.000995
HD 164922 b,HD 164922,1207.0,2456743.0,10.0
K2-100 b,K2-100,1.6739035,2457140.71941,0.00027
HIP 71135 b,HIP 71135,87.19,,
Kepler-55 f,Kepler-55,10.198545,2454970.91714,0.00265
Kepler-1073 d,Kepler-1073,2.504760027,2454966.63543,0.0037
Kepler-804 c,Kepler-804,9.65185017,2454965.15945,0.00456
GJ 15 A b,GJ 15 A,11.4407,2455783.63,0.31
Kepler-135 c,Kepler-135,11.448708,2454974.38697,0.00693
K2-138 g,K2-138,41.96797,2457773.86156,0.01863
TOI-1231 b,TOI-1231,24.245586,2458685.1163,0.00048
HD 73526 b,HD 73526,188.3,,
Kepler-959 b,Kepler-959,14.80074836,2454965.82305,0.00263
TOI-1062 b,TOI-1062,4.11296,2459082.59,0.09
Kepler-1304 b,Kepler-1304,16.1288853,2454976.7543,0.00607
PH2 b,PH2,282.52542,2455196.0677,0.00036
Kepler-1043 b,Kepler-1043,38.5053398,2454991.30219,0.0033
Kepler-156 c,Kepler-156,15.906801,2455010.93315,0.00154
TOI-257 b,TOI-257,18.38818,2458385.7601,0.0013
Kepler-168 b,Kepler-168,4.425391,2454967.56055,0.00371
TOI-532 b,TOI-532,2.3266508,2458470.576777,0.00086
K2-344 b,K2-344,3.35585,2458095.747731,0.001269
Kepler-1708 b,Kepler-1708,737.1131,,
TOI-1749 d,TOI-1749,9.0497,2459647.515197,0.0033828
TOI-674 b,TOI-674,1.977143,2458641.404552,0.000102
Kepler-1310 b,Kepler-1310,0.679336272,2454965.857331,0.000883
TOI-1062 c,TOI-1062,7.972,,
HD 5278 b,HD 5278,14.339156,2458680.69932,0.00083
HD 154857 b,HD 154857,408.60001,,
Kepler-1404 b,Kepler-1404,15.9314739,2454974.81135,0.00564
K2-99 c,K2-99,522.2,2458104.2,1.5
TOI-269 b,TOI-269,3.6977104,2458381.84668,0.00033
Kepler-902 b,Kepler-902,40.1099547,2454975.07826,0.00329
Kepler-894 b,Kepler-894,9.803224,2455196.9859,0.00227
TOI-628 b,TOI-628,3.4095675,2458629.47972,0.00039
HD 64121 b,HD 64121,623.0,,
HAT-P-58 b,HAT-P-58,4.0138379,2457369.03094,0.00056
HAT-P-59 b,HAT-P-59,4.1419771,2458618.54088,0.00021
Kepler-213 c,Kepler-213,4.822962,2454967.43649,0.00097
Kepler-1561 b,Kepler-1561,1.005207007,2454965.45528,0.00385
Kepler-1338 b,Kepler-1338,0.935118057,2454965.19931,0.00254
Kepler-53 d,Kepler-53,9.751962,2454971.7852,0.0043
TOI-2202 c,TOI-2202,24.6744,,
K2-333 b,K2-333,14.759287,2458097.395983,0.000766
Kepler-542 b,Kepler-542,13.14497566,2455007.84561,0.00232
Kepler-394 c,Kepler-394,12.130686,2454972.89729,0.00918
HD 213240 b,HD 213240,882.70001,,
Kepler-1640 b,Kepler-1640,7.5844126,2454970.8486,0.0673
Kepler-1423 b,Kepler-1423,23.955378,2454979.66357,0.00549
HAT-P-43 b,HAT-P-43,3.3326414,2458253.5965728,0.000128
Kepler-1894 c,Kepler-1894,5.05368985,2454968.11296,0.00864
Kepler-1512 b,Kepler-1512,20.35972599,2454967.29096,0.0024
Kepler-825 b,Kepler-825,3.77360059,2454967.06939,0.00266
Kepler-245 c,Kepler-245,17.460812,2454970.26441,0.00256
Kepler-1233 b,Kepler-1233,45.1263042,2454998.4167,0.0101
K2-331 b,K2-331,9.398977,2458100.920192,0.005312
Kepler-1398 b,Kepler-1398,2.78815679,2454964.85216,0.00602
TOI-2184 b,TOI-2184,6.90683,2458332.126,0.002
K2-19 d,K2-19,2.5081,2456854.0726,0.0018
USco1621 b,USco1621 A,,,
Kepler-607 b,Kepler-607,0.638163204,2454964.74909,0.00235
Kepler-1981 b,Kepler-1981,453.54212,2455193.0617,0.00473
Kepler-1784 b,Kepler-1784,13.59049988,2454966.06939,0.0032
TRAPPIST-1 f,TRAPPIST-1,9.20754,2457671.3737299,1.57e-05
TRAPPIST-1 e,TRAPPIST-1,6.101013,2457660.3676621,1.43e-05
TRAPPIST-1 g,TRAPPIST-1,12.352446,2457665.3628439,2.06e-05
Kepler-1019 b,Kepler-1019,1.411229847,2454965.642284,0.00046
Kepler-1894 b,Kepler-1894,2.762660027,2454965.9951,0.0039
TOI-2257 b,TOI-2257,35.189346,2459007.97949,0.00108
Kepler-97 b,Kepler-97,2.58664,2455004.84121,
Kepler-1230 b,Kepler-1230,9.95661537,2454969.59034,0.00463
Kepler-300 b,Kepler-300,10.446347,2454966.27803,0.00225
LTT 1445 A c,LTT 1445 A,3.1239035,2458412.58159,0.00059
K2-75 c,K2-75,18.311,2456992.715,0.027
K2-337 b,K2-337,16.273563,2457145.963531,0.002514
K2-275 b,K2-275,3.2809626,2457142.1339592,0.0003369
HD 47186 b,HD 47186,4.0845,,
Kepler-1024 b,Kepler-1024,66.4162133,2455021.13427,0.00461
Kepler-1559 b,Kepler-1559,0.971915428,2454965.16475,0.00326
Kepler-1725 b,Kepler-1725,16.71990013,2455004.40104,0.00112
Kepler-155 c,Kepler-155,52.661793,2455016.51681,0.00237
Kepler-307 b,Kepler-307,10.4208,2456464.3157,0.0006
Kepler-755 c,Kepler-755,2.853133644,2454966.79662,0.00121
HATS-75 b,HATS-75,2.7886556,2458611.05487,0.00027
Kepler-1991 b,Kepler-1991,13.26079792,2454972.0988,0.00554
Kepler-1637 b,Kepler-1637,6.10960324,2454966.80963,0.00863
Kepler-708 b,Kepler-708,3.167891938,2455005.148586,0.000981
TIC 172900988 b,TIC 172900988 Aa,200.452,2458937.5,0.5
BD-08 2823 b,BD-08 2823,5.6,,
HD 10180 c,HD 10180,5.75969,,
HD 72659 b,HD 72659,3549.0,2457164.0,38.0
K2-19 c,K2-19,11.8993,2456853.0007,0.0004
Kepler-836 b,Kepler-836,11.36112327,2454969.92653,0.0017
Kepler-178 b,Kepler-178,9.576694,2455009.68127,0.00124
TOI-3362 b,TOI-3362,18.09547,2458529.325,0.001
Kepler-1348 b,Kepler-1348,27.5722742,2454978.39277,0.00782
Kepler-984 b,Kepler-984,43.0342272,2454970.69021,0.00258
TRAPPIST-1 h,TRAPPIST-1,18.772866,2457662.5741486,9.13e-05
GPX-1 b,GPX-1,1.744579,2458770.23823,0.0004
TOI-559 b,TOI-559,6.9839095,2458893.81305,0.00023
TOI-530 b,TOI-530,6.387597,2458470.1998,0.0016
Kepler-907 b,Kepler-907,15.86621821,2454974.08805,0.00316
Kepler-823 b,Kepler-823,4.16809082,2454967.89991,0.00307
HD 75302 b,HD 75302,4356.0,,
Kepler-647 c,Kepler-647,29.6663,2455022.37019,0.00156
K2-153 b,K2-153,7.51574,2457588.427,0.0134
Kepler-1082 b,Kepler-1082,1.543206604,2454964.55588,0.00241
TOI-1431 b,TOI-1431,2.650237,2458739.17737,7e-05
HD 195019 b,HD 195019,18.20132,2453356.428,0.022
Kepler-334 b,Kepler-334,5.470319,2454964.49467,0.00211
K2-346 b,K2-346,26.201446,2457164.390197,0.002081
Kepler-1196 b,Kepler-1196,66.1849031,2454974.61516,0.00661
Kepler-333 b,Kepler-333,12.551158,2454970.26142,0.00226
Kepler-562 b,Kepler-562,18.009314436,2455015.441383,0.000446
Kepler-1671 b,Kepler-1671,4.16787,2454968.28061,0.00184
Kepler-1158 b,Kepler-1158,13.5396293,2454976.15164,0.00517
Kepler-311 b,Kepler-311,9.176092,2454971.7174,0.00374
Kepler-57 b,Kepler-57,5.72,2454971.559971,0.000641
Kepler-461 b,Kepler-461,8.313783059,2455008.991576,0.000754
HD 24085 b,HD 24085,2.0455,,
Kepler-1843 b,Kepler-1843,25.54339981,2454973.58705,0.00709
Kepler-1184 b,Kepler-1184,53.5991044,2454980.42885,0.00524
TOI-1860 b,TOI-1860,1.0662107,2458683.6041,0.0003
TOI-2260 b,TOI-2260,0.3524728,2458928.239,0.0007
Kepler-1018 b,Kepler-1018,49.1013514,2454969.46989,0.00299
K2-250 b,K2-250,4.01392,2457620.2535,0.0015
Kepler-1852 b,Kepler-1852,7.970940113,2454967.0507,0.00232
Kepler-881 b,Kepler-881,4.44448017,2454966.46263,0.00434
Kepler-1294 b,Kepler-1294,115.6862258,2455079.98767,0.0059
HD 153557 c,HD 153557,15.27018,,
Kepler-1255 b,Kepler-1255,36.2919336,2454965.17812,0.00733
Kepler-107 d,Kepler-107,7.95839,2455702.9547,0.006
Kepler-127 b,Kepler-127,14.435889,2454974.5114,0.00246
Kepler-1736 b,Kepler-1736,37.81029892,2454991.35799,0.00479
HD 184010 c,HD 184010,484.3,2454781.9,22.9
Kepler-532 b,Kepler-532,12.92491623,2455003.785885,0.000701
Kepler-1871 b,Kepler-1871,1.952700019,2454966.160948,0.000956
Kepler-1457 b,Kepler-1457,51.1110243,2454976.77173,0.00608
GJ 3512 c,GJ 3512,2354.0,2457339.0,32.0
Kepler-30 c,Kepler-30,60.323105,2455357.887042,0.0052
HD 4732 b,HD 4732,371.74,,
TOI-2337 b,TOI-2337,2.99432,2458793.828,0.003
TOI-4329 b,TOI-4329,2.9223,2458765.068,0.002
TOI-2445 b,TOI-2445,0.3711281,2459144.5697,0.0004
HIP 109600 b,HIP 109600,232.08,,
Kepler-1923 b,Kepler-1923,52.60969925,2454991.6253,0.0108
Kepler-896 b,Kepler-896,144.547396,2455098.95281,0.00923
Kepler-467 b,Kepler-467,24.99324193,2454971.68238,0.00212
Kepler-302 c,Kepler-302,127.282184,2454996.88937,0.00213
TOI-2180 b,TOI-2180,260.79,2458830.7652,0.001
Kepler-683 b,Kepler-683,2.539183179,2455002.67414,0.00156
Kepler-120 b,Kepler-120,6.312501,2454965.65419,0.00084
TOI-836.01,TOI-836,8.59545,2458599.7623,0.0008
Kepler-1326 b,Kepler-1326,42.3514267,2454964.6238,0.00271
Kepler-9 b,Kepler-9,19.23891,2454977.512,0.065
Kepler-406 c,Kepler-406,4.62332,2454965.37438,
Kepler-315 b,Kepler-315,96.101141,2455020.73232,0.00518
Kepler-1078 b,Kepler-1078,3.00725242,2454964.90272,0.00367
TOI-206 b,TOI-206,0.7363104,2458325.5431,0.0004
TOI-2669 b,TOI-2669,6.2034,2458521.598,0.009
Kepler-1038 b,Kepler-1038,148.4603382,2454984.38572,0.00321
Kepler-1802 c,Kepler-1802,33.13610077,2455002.50405,0.00563
TOI-1064 b,TOI-1064,6.443868,2459036.8534,0.0006
TOI-1064 c,TOI-1064,12.226574,2459043.51289,0.00069
Kepler-1887 b,Kepler-1887,19.94750023,2454977.2469,0.00351
Kepler-1181 c,Kepler-1181,8.93484887,2454966.39108,0.00932
Kepler-1632 b,Kepler-1632,448.303558,2455398.17593,0.00535
Kepler-1306 b,Kepler-1306,16.29595382,2454966.90933,0.00351
Kepler-1925 b,Kepler-1925,46.71640015,2454978.4922,0.0146
K2-390 b,K2-390,3.312792,2457739.9029,0.0013
K2-370 b,K2-370,2.14084,2457822.184,0.0008
HD 220773 b,HD 220773,3724.7,,
Kepler-60 d,Kepler-60,11.8981,2456460.2779,0.0038
Kepler-1452 b,Kepler-1452,42.913751,2454972.88854,0.00785
K2-405 b,K2-405,3.435471,2457908.9959,0.0004
Kepler-1686 b,Kepler-1686,9.30987,2454969.39785,0.00518
HD 130322 b,HD 130322,10.70871,2455631.777,0.057
Kepler-1138 b,Kepler-1138,3.17060005,2454965.67726,0.0024
TOI-1246 b,TOI-1246,4.30744,2458686.5658,0.001
PDS 70 b,PDS 70,43500.0,,
Kepler-584 b,Kepler-584,35.1810304,2455003.09976,0.00208
Kepler-1961 b,Kepler-1961,5.604710102,2454964.62861,0.00763
Kepler-270 c,Kepler-270,25.262887,2454967.21176,0.01785
Kepler-1610 b,Kepler-1610,8.70181574,2454971.24368,0.00834
Kepler-1157 b,Kepler-1157,4.45743164,2454965.16009,0.00342
Kepler-1746 b,Kepler-1746,321.2120056,2455039.930079,0.00095
K2-243 c,K2-243,24.94598,2457584.505,0.0077
Kepler-403 d,Kepler-403,13.61159129,2454977.17209,0.00448
Kepler-725 c,Kepler-725,207.541,,
Kepler-378 b,Kepler-378,16.092361,2454975.51349,0.00296
TOI-216.01,TOI-216,34.525528,2458331.411,
HD 102272 b,HD 102272,127.58,,
GJ 2056 b,GJ 2056,69.971,,
Kepler-256 e,Kepler-256,10.681572,2454964.55493,0.00381
Kepler-1408 b,Kepler-1408,2.99793191,2454964.76683,0.00719
TOI-2081 b,TOI-2081,10.50534,2458685.8996,0.0029
TOI-4479 b,TOI-4479,1.1589,2459420.7578,0.0013
BD-13 2130 b,BD-13 2130,714.29999,,
TOI-500 c,TOI-500,6.6356,2458561.96,0.2
Kepler-826 b,Kepler-826,4.48758907,2454966.36175,0.00324
K2-157 c,K2-157,25.942,2458557.02,0.3
TOI-1670 c,TOI-1670,40.74976,2458750.88286,0.00085
Kepler-1929 b,Kepler-1929,59.36249924,2455017.14993,0.00424
Kepler-1284 b,Kepler-1284,0.664073806,2454966.40327,0.00175
TOI-1107 b,TOI-1107,4.0782387,2459385.0123,0.0002
TOI-2136 b,TOI-2136,7.851928,2459017.7043,0.0009
Gaia-2 b,Gaia-2,3.6915224,2458843.98875,0.00019
TOI-1759 b,TOI-1759,18.85019,2458745.4654,0.0011
Kepler-1587 b,Kepler-1587,9.4060467,2454970.7175,0.014
K2-336 b,K2-336,21.194733,2457146.585567,0.004276
Kepler-482 b,Kepler-482,56.35418576,2454977.83637,0.00133
TOI-1268 b,TOI-1268,8.1577094,2458711.7477,0.00021
Kepler-1070 b,Kepler-1070,6.2216147,2454964.99143,0.00238
HD 68402 b,HD 68402,1103.0,,
Kepler-736 b,Kepler-736,3.60147201,2455004.99099,0.00118
K2-69 b,K2-69,7.06599,2456982.7825,0.0023
omi CrB b,omi CrB,187.01,,
Kepler-649 b,Kepler-649,29.90722674,2455008.29327,0.00133
K2-25 b,K2-25,3.48456408,2458515.64206,0.0001
TOI-500 b,TOI-500,0.548177,2458468.3905,0.0017
Kepler-1237 b,Kepler-1237,84.5733226,2454983.15332,0.00706
GJ 3929 b,GJ 3929,2.616235,2458956.3962,0.0005
GJ 3929 c,GJ 3929,15.04,2459070.9,0.4
HD 260655 c,HD 260655,5.70588,2459490.3646,0.0004
HD 260655 b,HD 260655,2.76953,2459497.9102,0.0003
TOI-3714 b,TOI-3714,2.154849,2458840.5093,0.0004
HD 564 b,HD 564,492.3,,
Kepler-111 b,Kepler-111,3.341815,2454974.35574,0.00106
K2-368 b,K2-368,5.025598,2456978.7672,0.0025
Kepler-466 b,Kepler-466,51.07926307,2455018.180649,0.000987
Kepler-1401 b,Kepler-1401,11.20066445,2454970.5046,0.00605
Kepler-928 b,Kepler-928,3.932461302,2454965.55465,0.00217
Kepler-1361 b,Kepler-1361,3.57554956,2454965.85828,0.0046
K2-58 b,K2-58,7.05254,2456986.9763,0.0015
TAP 26 b,TAP 26,10.79,,
TOI-620 b,TOI-620,5.0988179,2458992.19724,0.00078
Kepler-192 d,Kepler-192,6.47027579,2454969.50662,0.00541
Kepler-939 b,Kepler-939,14.878296,2454975.96864,0.00634
Kepler-1873 b,Kepler-1873,0.558842003,2454964.57988,0.00098
Kepler-282 e,Kepler-282,44.347,2454994.31425,0.00280961
Kepler-1357 b,Kepler-1357,3.0091324,2454964.62411,0.00465
HD 73583 b,HD 73583,6.398042,2458517.69013,0.00056
Kepler-1320 b,Kepler-1320,0.868386528,2454965.06728,0.00113
Kepler-1807 b,Kepler-1807,10.86060047,2454969.65957,0.00301
NGTS-20 b,NGTS-20,54.18915,2458432.9798,0.0025
Gaia-1 b,Gaia-1,3.052524,2458468.68524,0.00057
HD 73583 c,HD 73583,18.87974,2459232.1682,0.0019
Kepler-1845 b,Kepler-1845,11.60649967,2454967.41458,0.00352
Kepler-90 i,KOI-351,14.44912,2455644.3488,0.0048
HD 194490 b,HD 194490,13092.18348,,
HD 56414 b,HD 56414,29.04992,2458348.324,0.005
WASP-148 b,WASP-148,8.803809,2457957.4876,0.006
K2-99 b,K2-99,18.24783,2458182.7133,0.0005
K2-398 c,K2-398,18.787839,2457911.6845,0.0015
Kepler-992 b,Kepler-992,20.16034462,2454977.3439,0.00205
TOI-2048 b,TOI-2048,13.79019,2458739.1174,0.012
Kepler-1273 b,Kepler-1273,28.625653,2454991.11317,0.00574
TOI-3757 b,TOI-3757,3.438753,2458838.77148,0.00062
TOI-1820 b,TOI-1820,4.860674,2458903.0638,0.0006
Kepler-1899 b,Kepler-1899,4.095779896,2454964.61992,0.00429
Kepler-613 b,Kepler-613,15.77979614,2455008.97014,0.00215
Kepler-393 b,Kepler-393,9.182417,2454967.04813,0.0056
Kepler-51 b,Kepler-51,45.154,2455714.5977,0.0004
HD 23472 f,HD 23472,12.1621839,2458360.0754,0.0049
HD 23472 d,HD 23472,3.97664,2458357.8398,0.0059
Kepler-713 b,Kepler-713,7.411141,2455008.34658,0.00149
TOI-2570 b,TOI-2570,2.9887615,2459393.14532,0.00021
K2-150 b,K2-150,10.59357,2457391.96158,0.00392
HD 20868 b,HD 20868,380.85001,,
TOI-1452 b,TOI-1452,11.06201,2458691.5321,0.0015
K2-212 b,K2-212,9.795647,2457399.64109,0.00039
EPIC 228836835 b,EPIC 228836835,0.728113,2457585.45061,0.0014
Kepler-183 c,Kepler-183,11.637071,2455011.84301,0.00236
Kepler-131 b,Kepler-131,16.092,2455003.59795,
Kepler-62 f,Kepler-62,267.291,2455422.71,0.006
Kepler-951 b,Kepler-951,71.52530845,2455024.692545,0.000907
HD 161178 b,HD 161178,279.3,,
TOI-2545 b,TOI-2545,7.994037,2458522.513973,0.00265988
Kepler-1860 b,Kepler-1860,12.73719978,2454969.01625,0.00676
TOI-3693 b,TOI-3693,9.088516,2458806.68164,0.00032
Kepler-732 b,Kepler-732,9.467814048,2455011.416463,0.000529
HD 18599 b,HD 18599,4.1374354,2459111.73946,0.00068
TOI-1075 b,TOI-1075,0.6047328,2458654.251,0.0004
TOI-2193 A b,TOI-2193 A,2.1225735,2459052.42122,0.00021
TOI-2207 b,TOI-2207,8.001968,2459283.82747,0.00046
Kepler-1040 b,Kepler-1040,201.1214,2455020.56107,0.00596
TOI-969 b,TOI-969,1.8237305,2459248.37709,0.00036
Kepler-901 b,Kepler-901,3.517494394,2454968.54657,0.000849
Kepler-1487 b,Kepler-1487,7.31946363,2454970.21851,0.00567
K2-396 c,K2-396,25.76051,2457829.418,0.0018
HD 23472 c,HD 23472,29.79749,2458370.1037,0.0019
Kepler-597 b,Kepler-597,13.02365861,2455011.52409,0.00148
HD 100655 b,HD 100655,157.57001,,
Kepler-203 b,Kepler-203,3.162697,2455002.64158,0.00073
Kepler-520 c,Kepler-520,5.21104261,2454964.53958,0.00199
Kepler-51 e,Kepler-51,264.284,2455095.508,11.445
Kepler-138 e,Kepler-138,38.23,,
Kepler-330 b,Kepler-330,8.25978,2454986.98309,0.0066
HD 114082 b,HD 114082,109.75,2459339.03854,0.00053
Kepler-167 c,Kepler-167,7.406106,2455552.15797,0.0007
HD 180902 b,HD 180902,510.9,,
Kepler-1137 b,Kepler-1137,23.9210791,2454972.07583,0.00449
Kepler-267 c,Kepler-267,6.87745,2454965.08303,0.00123
HD 216520 b,HD 216520,35.45,2455216.8,1.3
TOI-2421 b,TOI-2421,4.3474032,2458957.02765,0.00064
Kepler-242 b,Kepler-242,8.20395,2455002.69117,0.00139
TOI-5542 b,TOI-5542,75.12375,2458679.3476,0.0015
TOI-5238 b,TOI-5238,4.872171,2459661.51574,0.0013815
Kepler-62 d,Kepler-62,18.16406,2455013.8117,0.0008
K2-380 b,K2-380,9.401312,2457302.9354,0.002
TOI-4137 b,TOI-4137,3.8016122,2458990.46651,0.00033
K2-213 b,K2-213,8.13087,2457399.00256,0.006595
TOI-3629 b,TOI-3629,3.936551,2458784.256,0.001
DMPP-1 e,DMPP-1,5.516,,
75 Cet c,75 Cet,2051.62,,
Kepler-1577 b,Kepler-1577,6.30560247,2454964.53113,0.00481
Kepler-656 b,Kepler-656,1.260259094,2455003.408854,0.000417
KOI-4978 b,KOI-4978,0.941967,2454833.099,0.003
Kepler-751 b,Kepler-751,17.44490636,2454974.67788,0.00204
Kepler-606 b,Kepler-606,24.31575992,2455016.40799,0.00276
Kepler-1575 b,Kepler-1575,2.55314213,2454965.45164,0.005
TOI-1695 b,TOI-1695,3.1342791,2458791.52056,0.00098
HD 207832 b,HD 207832,160.07,,
HD 102956 b,HD 102956,6.4947,,
TOI-700 b,TOI-700,9.977219,2458880.0993,0.0015
Kepler-1490 b,Kepler-1490,92.4362973,2454996.5883,0.00916
TOI-2364 b,TOI-2364,4.0197517,2459058.21396,0.00033
TOI-1260 c,TOI-1260,7.493134,2459068.270505,0.000577
TOI-1260 d,TOI-1260,16.608164,2459062.017406,0.001309
NN Ser c,NN Ser,6987.0,,
Kepler-377 b,Kepler-377,12.509529,2454970.00758,0.01348
EPIC 212499991 b,EPIC 212499991,34.885,2457280.6254,0.0081
Kepler-227 c,Kepler-227,54.418694,2454995.51038,0.00535
Kepler-887 b,Kepler-887,20.42228798,2454979.98328,0.00373
GJ 3138 c,GJ 3138,5.974,,
TOI-2842 b,TOI-2842,3.5514058,2459172.17909,0.00077
TOI-2977 b,TOI-2977,2.3505614,2459373.83677,0.00029
TOI-2583 A b,TOI-2583 A,4.5207265,2459216.01039,0.00036
Kepler-1503 b,Kepler-1503,96.16987,2455003.25681,0.00974
Kepler-1781 b,Kepler-1781,4.88752985,2454965.70708,0.00188
TOI-3023 b,TOI-3023,3.9014971,2459071.1922,0.0003
Kepler-198 d,Kepler-198,1.31184443,2454966.10921,0.000857
LP 791-18 b,LP 791-18,0.9479981,2458774.86973,0.00018
HD 191939 b,HD 191939,8.8803256,2459443.54236,0.00025
HIP 948 b,HIP 948,24955.45756,,
Kepler-1204 b,Kepler-1204,85.7350285,2455003.98553,0.00629
TOI-2587 A b,TOI-2587 A,5.45664,2458950.09242,0.00076
Kepler-251 e,Kepler-251,99.640161,2455031.69312,0.00519
Kepler-547 b,Kepler-547,6.010384289,2455007.084771,0.000207
Kepler-1828 b,Kepler-1828,10.2737999,2454967.65926,0.00489
Kepler-1328 b,Kepler-1328,4.52158888,2454966.21655,0.00389
Kepler-874 b,Kepler-874,40.0686727,2454984.80829,0.00209
Kepler-164 d,Kepler-164,28.986769,2454967.78268,0.00338
Kepler-32 b,Kepler-32,5.90124,2454974.902,0.008
Kepler-1150 b,Kepler-1150,2.787868386,2454966.90434,0.00269
ZTF J1230-2655 b,ZTF J1230-2655,0.23597766,2460432.5478805,3.2e-06
TOI-3912 b,TOI-3912,3.4936264,2459442.81871,0.00037
K2-104 b,K2-104,1.9741954,2457140.379979,0.000978
HD 65216 b,HD 65216,577.6,,
HD 65216 c,HD 65216,5370.0,,
Kepler-1151 b,Kepler-1151,65.6478424,2455006.30517,0.00487
TOI-2818 b,TOI-2818,4.039709,2459023.44641,0.00025
HIP 65407 c,HIP 65407,67.3,,
Kepler-124 c,Kepler-124,13.821375,2454964.79391,0.0014
TOI-700 e,TOI-700,27.80978,2458964.8112,0.0058
Kepler-999 b,Kepler-999,5.991857017,2454969.88214,0.00117
Oph 11 b,Oph 11,7300000.0,,
K2-11 b,K2-11,39.93767,2456829.829,0.1156
HD 38283 b,HD 38283,363.20001,,
Kepler-518 b,Kepler-518,8.512035877,2455007.909799,0.000424
Kepler-265 d,Kepler-265,43.130617,2454999.27537,0.0098
HD 188015 b,HD 188015,461.2,2452094.4,5.4
TOI-4342 b,TOI-4342,5.5382498,2458654.53559,0.00059
Kepler-24 e,Kepler-24,18.998355,2454977.74357,0.00555
TOI-3807 b,TOI-3807,2.8989727,2459218.13454,0.00055
HATS-54 b,HATS-54,2.5441765,2457780.01023,0.00061
TOI-2525 b,TOI-2525,23.2856,2458333.5289,0.002
TOI-4463 A b,TOI-4463 A,2.8807198,2459291.64004,0.00032
Kepler-797 b,Kepler-797,27.07237711,2454972.11225,0.00291
HD 11755 b,HD 11755,433.70001,,
KOI-351 b,KOI-351,7.008151,2454970.6906,0.0017
Kepler-1793 b,Kepler-1793,8.779999733,2454971.48383,0.00315
Kepler-309 c,Kepler-309,105.356383,2454971.68392,0.00345
HD 40307 c,HD 40307,9.6184,,
HD 7199 b,HD 7199,615.0,,
K2-136 d,K2-136,25.575,2457780.8117,0.0065
GJ 251 c,GJ 251,53.647,2458922.0,1.4
K2-200 b,K2-200,2.849883,2457218.56088,0.002936
Kepler-922 b,Kepler-922,0.938466832,2454968.601201,0.000827
Kepler-1780 b,Kepler-1780,109.4449997,2455030.98421,0.00264
Kepler-509 b,Kepler-509,41.74600392,2455043.399304,0.000834
GJ 649 b,GJ 649,600.1,2459045.4,10.8
Kepler-813 b,Kepler-813,19.12947337,2454972.43468,0.00342
HD 222582 b,HD 222582,572.38,2453054.2,1.0
Kepler-1551 b,Kepler-1551,24.4973698,2454966.92307,0.00615
Kepler-1352 b,Kepler-1352,1.877882748,2454965.26191,0.0033
Kepler-1422 b,Kepler-1422,18.6051942,2454982.0326,0.0135
GJ 849 c,GJ 849,5990.0,2453120.0,74.0
EPIC 206042996 b,EPIC 206042996,5.2986,2456989.0462,0.0053
HD 49674 b,HD 49674,4.94737,2454625.614,0.078
Kepler-26 d,Kepler-26,3.543919,2454969.25903,0.00253
Kepler-229 d,Kepler-229,41.194912,2454998.02365,0.00316
HIP 70849 b,HIP 70849,3649.0,,
Kepler-320 c,Kepler-320,17.934937,2454971.2182,0.00801
TOI-2338 b,TOI-2338,22.65398,2458458.7545,0.0008
Kepler-926 b,Kepler-926,52.0688601,2455011.15605,0.00279
Kepler-106 e,Kepler-106,43.8445,2454984.9336,
Kepler-402 b,Kepler-402,4.028751,2454966.76902,0.0031
TOI-2589 b,TOI-2589,61.6277,2458494.579,0.002
TOI-2096 c,TOI-2096,6.38784,2459147.45983,0.00034
Kepler-1202 b,Kepler-1202,28.6851324,2454992.87673,0.00528
TOI-942 c,TOI-942,10.156272,2458447.0563,0.0019
TOI-733 b,TOI-733,4.884765,2458545.7767,0.0031
Kepler-1474 b,Kepler-1474,36.4333452,2454965.91104,0.00665
Kepler-128 c,Kepler-128,22.8,2454986.37812,0.0039
Kepler-1734 b,Kepler-1734,6.796850204,2454971.11324,0.00297
Kepler-671 b,Kepler-671,4.280958588,2455004.89742,0.00121
Kepler-186 c,Kepler-186,7.267302,2455007.3142,0.0012
Kepler-339 b,Kepler-339,4.977656,2454967.67151,0.00227
Kepler-102 d,Kepler-102,10.311767,2454967.09128,0.0
TOI-942 b,TOI-942,4.32421,2458441.579,0.0021
HD 80883 b,HD 80883,6383.78352,,
Kepler-777 b,Kepler-777,5.72812599,2454968.18079,0.00303
Kepler-83 c,Kepler-83,20.09,2454980.97109,0.00231797
CoRoT-27 b,CoRoT-27,3.57532,2455748.684,0.001
K2-131 b,K2-131,0.3693038,2457582.936,0.0011
K2-141 b,K2-141,0.2803244,2457744.0716,0.00022
K2-141 c,K2-141,7.7485,2457751.1546,0.0
Kepler-1206 b,Kepler-1206,1.216997663,2454965.03255,0.00173
HD 125595 b,HD 125595,9.6737,,
HD 179079 b,HD 179079,14.479,,
Kepler-102 e,Kepler-102,16.1456994,2454967.7537,0.00012
Kepler-68 b,Kepler-68,5.39875259,2455006.85878,7.6e-05
TOI-2152 A b,TOI-2152,3.3773512,2458927.6498,0.00023
TOI-2154 b,TOI-2154,3.8240801,2459148.60166,0.0011
K2-136 c,K2-136,17.30713,2457812.7177,0.00086
Kepler-1602 b,Kepler-1602,11.17931605,2454964.6405,0.00596
OGLE-TR-56 b,OGLE-TR-56,1.2119189,2454995.81093,0.00031
Kepler-78 b,Kepler-78,0.35500745,2454953.95984,0.00015
K2-169 b,K2-169,6.380803,2456982.00971,0.003631
Kepler-370 b,Kepler-370,4.57953,2454968.09728,0.00564
Kepler-1762 b,Kepler-1762,29.53910065,2454976.91607,0.00497
Kepler-511 c,Kepler-511,26.62949944,2455024.99627,0.00137
KOI-1843.03,Kepler-974,0.1768913,2454964.5523,0.0009
K2-416 b,K2-416,13.102,2458371.8384,0.0018
TOI-4791 b,TOI-4791,4.28088,2459237.59508,0.00036
Kepler-369 b,Kepler-369,2.732756,2455187.09555,0.00151
Kepler-778 b,Kepler-778,3.75574426,2454966.43288,0.0024
Kepler-68 d,Kepler-68,632.62,2455892.0,5.4
K2-222 b,K2-222,15.38857,2457399.0595,0.0016
TOI-2025 b,TOI-2025,8.8720982,2459089.53337,0.00025
CoRoT-35 b,CoRoT-35,3.22748,2456074.2415,0.0018
Kepler-878 b,Kepler-878,25.9422033,2454989.18603,0.00297
K2-72 e,K2-72,24.158868,2456987.054,0.005
HD 25171 b,HD 25171,1802.29,,
GJ 1061 b,GJ 1061,3.204,,
TOI-913 b,TOI-913,11.098644,2458625.2133,0.0024
TOI-2498 b,TOI-2498,3.738252,2459204.4167,0.0001
HD 155918 c,HD 155918,17202.19446,,
Kepler-1508 b,Kepler-1508,20.7056504,2454972.9846,0.019
Kepler-156 b,Kepler-156,4.973456,2455003.88529,0.00089
HD 15906 b,HD 15906,10.924709,2458416.3453,0.0034
HD 28185 b,HD 28185,385.52775,2455438.7,1.0
Kepler-1356 b,Kepler-1356,0.634002937,2454964.89483,0.00161
Kepler-1012 b,Kepler-1012,5.50860439,2454965.29848,0.00166
TOI-2000 c,TOI-2000,9.127055,2459110.06588,0.00027
Kepler-154 f,Kepler-154,9.91935684,2454969.87656,0.00593
Kepler-1234 b,Kepler-1234,11.94014029,2454969.55927,0.0059
TOI-4308 b,TOI-4308,9.151201,2458333.4284,0.0026
TOI-5704 b,TOI-5704,3.771116,2459610.7568,0.0008
TOI-2000 b,TOI-2000,3.09833,2458855.2442,0.0022
HD 34445 e,HD 34445,49.175,,
Kepler-384 c,Kepler-384,45.348269,2454975.2508,0.00907
Kepler-1153 b,Kepler-1153,1.755835327,2454966.15727,0.00195
GJ 680 b,GJ 680,17281.66514,,
Kepler-37 c,Kepler-37,21.301848,2455024.83997,0.00087
Kepler-37 b,Kepler-37,13.36702,2455017.0473,0.0037
TOI-778 b,TOI-778,4.633611,2458578.7161,0.0001
TOI-715 b,TOI-715,19.288004,2459002.63051,0.0007
Kepler-1271 b,Kepler-1271,3.0255955,2454967.3645,0.00351
Kepler-182 c,Kepler-182,20.684342,2455003.18819,0.00232
HIP 48714 b,HIP 48714,17.818,,
Kepler-416 b,Kepler-416,6.319,2454965.23059,0.00161
K2-152 b,K2-152,32.6479,2457608.6222,0.0135
Kepler-1626 b,Kepler-1626,4.13962966,2454967.04165,0.0054
HD 97048 b,HD 97048,,,
HD 4308 b,HD 4308,15.56,,
GJ 1252 b,GJ 1252,0.5182331,2458668.09744,0.00091
Kepler-19 b,Kepler-19,9.28699,2454959.7074,0.0014
Kepler-68 c,Kepler-68,9.605027,2454969.3821,0.0011
Kepler-580 b,Kepler-580,8.222419656,2455005.955999,0.000939
HD 217786 c,HD 217786,2.52221,,
Kepler-219 b,Kepler-219,4.585512,2455002.8568,0.001
Kepler-1941 b,Kepler-1941,31.33510017,2454969.97538,0.00808
K2-254 b,K2-254,4.09639,2457582.9757,0.0096
TOI-4127 b,TOI-4127,56.39879,2458862.72816,0.00096
Kepler-294 b,Kepler-294,3.701212,2455013.27593,0.00355
TOI-244 b,TOI-244,7.397225,2458357.3627,0.002
Kepler-296 b,Kepler-296,10.864384,2454964.1285,0.003
HD 64114 b,HD 64114,45.791,,
Kepler-1947 b,Kepler-1947,6.963630199,2454966.01421,0.00388
HD 191939 c,HD 191939,28.579743,2459440.5491,0.0011
TOI-1243 b,TOI-1243,4.6594779,2459369.83103,0.00028
HD 191939 d,HD 191939,38.353037,2459433.906,0.0005
HD 108236 c,HD 108236,6.203449,2458770.90586,0.00078
HD 151450 b,HD 151450,21.89288,,
Kepler-546 b,Kepler-546,4.147020258,2455003.326066,0.000171
NGTS-16 b,NGTS-16,4.84532,2458435.6054,0.0013
K2-6 b,K2-6,30.94191,2456827.5014,0.009
Kepler-497 b,Kepler-497,3.573203671,2454967.934257,0.000211
Kepler-971 b,Kepler-971,9.59070716,2454965.68117,0.00202
Kepler-452 b,Kepler-452,384.843,2455147.985,0.015
Kepler-553 b,Kepler-553,4.030467,2455004.09212,0.00038
Kepler-1791 b,Kepler-1791,7.720860004,2454969.5637,0.00176
Kepler-399 d,Kepler-399,58.034616,2454971.73323,0.00419
Kepler-1355 b,Kepler-1355,1.289588112,2454964.89161,0.00226
Kepler-83 b,Kepler-83,9.77,2455008.71348,0.00114
Kepler-1827 b,Kepler-1827,3.700619936,2454966.16065,0.00406
Kepler-1886 b,Kepler-1886,24.2758007,2454985.43133,0.00897
Kepler-102 f,Kepler-102,27.453592,2454978.0276,0.0016
Kepler-102 b,Kepler-102,5.286965,2454968.8696,0.0011
Kepler-1467 b,Kepler-1467,47.0569043,2454994.0591,0.00279
TOI-139 b,TOI-139,11.07085,2458334.8906,0.001
TOI-672 b,TOI-672,3.633575,2458546.4799,0.0002
Kepler-204 b,Kepler-204,14.400974,2455007.98593,0.00213
HIP 5158 b,HIP 5158,345.72,,
Kepler-1311 c,Kepler-1311,2.53573424,2454966.0141,0.00351
TOI-908 b,TOI-908,3.183792,2459384.292,0.002
Kepler-366 c,Kepler-366,12.51616,2454968.0286,0.0055
HD 136118 b,HD 136118,1187.59765,,
Kepler-283 b,Kepler-283,11.008151,2454976.22626,0.00142
TOI-411 b,HD 22946,4.040295,2458385.7321,0.0022
GJ 357 b,GJ 357,3.9306,2459272.6757,0.0004
TOI-1052 c,TOI-1052,35.806,2459425.13,1.63
Kepler-185 c,Kepler-185,20.729042,2455018.43642,0.00293
Kepler-1999 b,Kepler-1999,8.7396758,2454969.5829,0.0463
Kepler-1285 b,Kepler-1285,14.7967458,2454975.73773,0.00571
TOI-470 b,TOI-470,12.19148,2459205.9825,0.0011
Kepler-1003 b,Kepler-1003,3.554856915,2454964.80397,0.00163
Kepler-213 b,Kepler-213,2.46236,2455004.83986,0.00142
Kepler-112 b,Kepler-112,8.408878,2454967.0062,0.00069
TOI-2095 b,TOI-2095,17.66484,2459240.4115,0.0016
TOI-1470 c,TOI-1470,18.08816,2458772.176,0.003
Kepler-1038 c,Kepler-1038,7.127659798,2454969.00586,0.0049
HD 109271 c,HD 109271,30.93,,
TOI-5293 A b,TOI-5293 A,2.930289,2459448.9148,0.0004
Kepler-26 e,Kepler-26,46.827915,2454969.74318,0.00224
Kepler-1731 b,Kepler-1731,21.76129913,2454999.540531,0.00041
TOI-622 b,TOI-622,6.402513,2458520.69176,0.00031
Kepler-169 b,Kepler-169,3.250619,2454966.69209,0.00232
Kepler-239 b,Kepler-239,11.763051,2455013.93614,0.00143
Kepler-1812 b,Kepler-1812,7.165219784,2454965.96954,0.00287
Kepler-738 b,Kepler-738,24.58721573,2455006.70385,0.00293
Kepler-1778 b,Kepler-1778,10.08740044,2454968.13582,0.00218
Kepler-1005 b,Kepler-1005,6.49801525,2454969.00125,0.00169
Kepler-617 b,Kepler-617,1.682696148,2455003.452972,0.000534
Kepler-371 c,Kepler-371,67.968015,2454996.5629,0.00949
Kepler-211 b,Kepler-211,4.138575,2454965.01632,0.00138
HD 25912 b,HD 25912,41.83156,,
TOI-4010 b,TOI-4010,1.348335,2459007.549,0.001
GJ 367 b,GJ 367,0.3219225,2458544.13635,0.0004
TOI-2641 b,TOI-2641,4.880974,2459332.21332,0.00064
GJ 367 c,GJ 367,11.5301,2459153.94,0.3
HD 284149 AB b,HD 284149 A,,,
Kepler-925 b,Kepler-925,33.8678531,2454970.51356,0.00428
Kepler-54 c,Kepler-54,12.0717249,2454976.44842,0.0091
HD 210193 b,HD 210193,649.918,,
HIP 54597 b,HIP 54597,3274.0,,
TOI-1235 b,TOI-1235,3.444714,2458683.6145,0.0045
TOI-4010 e,TOI-4010,762.0,2460218.0,86.0
TOI-1680 b,TOI-1680,4.8026345,2459013.84254,0.00037
WASP-84 b,WASP-84,8.52349648,2457956.71194,0.00011
Kepler-801 b,Kepler-801,11.41928253,2454970.6677,0.00167
Kepler-750 c,Kepler-750,4.08899022,2454968.76116,0.00423
TOI-2018 b,TOI-2018,7.435583,2458958.258,0.0013
TOI-1634 c,TOI-1634,103.0,2458905.0,5.8
Kepler-117 b,Kepler-117,18.7959228,2454978.82204,0.00035
Kepler-1724 b,Kepler-1724,6.45442009,2455006.21478,0.00146
GJ 180 d,GJ 180,106.3,,
Kepler-139 f,Kepler-139,355.0,,
Kepler-34 b,Kepler-34,288.822,2454969.2,
MOA-2011-BLG-291L b,MOA-2011-BLG-291L,,,
OGLE-2019-BLG-0468L b,OGLE-2019-BLG-0468L,,,
OGLE-2019-BLG-0960L b,OGLE-2019-BLG-0960L,,,
KMT-2024-BLG-0404L c,KMT-2024-BLG-0404L,,,
OGLE-2017-BLG-1375L b,OGLE-2017-BLG-1375L,,,
Kepler-126 c,Kepler-126,21.869741,2454973.29159,0.00223
TOI-1052 b,TOI-1052,9.139703,2458332.9442,0.0057
Kepler-1455 b,Kepler-1455,49.276764,2454990.02543,0.00625
Kepler-998 b,Kepler-998,5.65377733,2454964.71214,0.00155
WASP-84 c,WASP-84,1.4468849,2457952.4543,0.0018
eps CrB b,eps CrB,417.9,,
GJ 685 b,GJ 685,24.16,,
TOI-4010 c,TOI-4010,5.414654,2459000.0523,0.0008
K2-3 c,K2-3,24.646729,2457329.85688,0.00055
K2-3 d,K2-3,44.55603,2457271.78796,0.00076
Kepler-733 b,Kepler-733,20.83424726,2455009.58569,0.00215
KMT-2017-BLG-1057L b,KMT-2017-BLG-1057L,,,
OGLE-2019-BLG-0362L b,OGLE-2019-BLG-0362L,,,
Kepler-1451 b,Kepler-1451,35.622233,2454974.45791,0.00537
Kepler-108 c,Kepler-108,190.323494,2455145.67323,0.00255
KMT-2019-BLG-1339L b,KMT-2019-BLG-1339L,,,
Kepler-397 b,Kepler-397,22.250949,2454982.43067,0.00524
OGLE-2003-BLG-235L b,OGLE-2003-BLG-235L,,,
OGLE-2012-BLG-0358L b,OGLE-2012-BLG-0358L,,,
OGLE-2015-BLG-1609L b,OGLE-2015-BLG-1609L,,,
KMT-2021-BLG-1077L c,KMT-2021-BLG-1077L,,,
TOI-5344 b,TOI-5344,3.792622,2459848.9903,0.00019
HD 11964 b,HD 11964,1945.0,2455803.0,31.0
HD 132406 b,HD 132406,908.0,,
HD 28471 c,HD 28471,6.1245,2452945.806,
TOI-1801 b,TOI-1801,10.64387,2458903.54351,0.00325
Kepler-52 d,Kepler-52,36.445171,2454984.60115,0.00388
TOI-1853 b,TOI-1853,1.2436258,2459690.742,0.0006
LHS 475 b,LHS 475,2.029088,2459822.3762593,2.62e-05
Kepler-756 b,Kepler-756,1.224866322,2454966.20815,0.00232
EPIC 229004835 b,EPIC 229004835,16.141132,2457920.44584,0.0008
Kepler-1286 b,Kepler-1286,11.25402929,2454969.88902,0.00555
OGLE-2019-BLG-1492L b,OGLE-2019-BLG-1492L,,,
Kepler-132 c,Kepler-132,6.414914,2455002.63908,0.00185
OGLE-2016-BLG-0263L b,OGLE-2016-BLG-0263L,,,
OGLE-2017-BLG-0364L b,OGLE-2017-BLG-0364L,,,
UKIRT-2017-BLG-001L b,UKIRT-2017-BLG-001L,,,
OGLE-2018-BLG-1126L b,OGLE-2018-BLG-1126L,,,
KMT-2019-BLG-0298L b,KMT-2019-BLG-0298L,,,
Kepler-1430 b,Kepler-1430,2.46050993,2454966.61249,0.00464
Kepler-924 b,Kepler-924,61.0370117,2455008.18003,0.00475
K2-73 b,K2-73,7.49556,2456987.6726,0.0012
HIP 38594 b,HIP 38594,60.722,,
Kepler-1903 b,Kepler-1903,17.0678997,2454978.57344,0.00781
TOI-5126 c,TOI-5126,17.8999,2459613.7443,0.0049
TOI-5126 b,TOI-5126,5.4588385,2459627.03862,0.00043
Kepler-1453 b,Kepler-1453,47.1611696,2454983.25323,0.00609
G 264-012 c,G 264-012,8.0518,,
HD 128311 b,HD 128311,453.019,2455211.3,4.5
MOA-2016-BLG-526L b,MOA-2016-BLG-526L,,,
OGLE-2018-BLG-1269L b,OGLE-2018-BLG-1269L,,,
KMT-2018-BLG-0087L b,KMT-2018-BLG-0087L,,,
Kepler-535 b,Kepler-535,4.903321551,2455005.900713,0.000768
OGLE-2007-BLG-368L b,OGLE-2007-BLG-368L,,,
OGLE-2018-BLG-0799L b,OGLE-2018-BLG-0799L,,,
MOA-2010-BLG-328L b,MOA-2010-BLG-328L,,,
MOA-2012-BLG-006L b,MOA-2012-BLG-006L,,,
OGLE-2018-BLG-1011L b,OGLE-2018-BLG-1011L,,,
KMT-2018-BLG-0748L b,KMT-2018-BLG-0748L,,,
Kepler-1763 b,Kepler-1763,1.480280042,2454967.37254,0.00325
BD+20 594 b,BD+20 594,41.6855,2457068.52877,0.002801
HD 147873 b,HD 147873,116.596,,
HIP 113103 c,HIP 113103,14.245648,2458337.0559,0.0019
Kepler-1061 b,Kepler-1061,2.757982666,2454964.87883,0.00119
Kepler-1539 b,Kepler-1539,133.3036741,2455000.7559,0.00566
Kepler-1995 b,Kepler-1995,73.7578875,2455016.72348,0.00488
TOI-199 b,TOI-199,104.854,2458256.1286,0.0006
TOI-5398 b,TOI-5398,10.590547,2459616.49232,0.00022
GJ 3942 b,GJ 3942,6.905,,
HD 110067 f,HD 110067,41.05854,2459641.5763,0.001
HD 11506 b,HD 11506,1617.7,2453398.0,7.0
Kepler-235 d,Kepler-235,20.060548,2454980.46149,0.00276
OGLE-2017-BLG-1806L b,OGLE-2017-BLG-1806L,,,
Kepler-1530 d,Kepler-1530,9.20761013,2454968.801,0.0317
Kepler-661 b,Kepler-661,6.029301321,2455004.60329,0.000702
MOA-2011-BLG-028L b,MOA-2011-BLG-028L,,,
MOA-2013-BLG-605L b,MOA-2013-BLG-605L,,,
OGLE-2012-BLG-0406L b,OGLE-2012-BLG-0406L,,,
KMT-2022-BLG-0440L b,KMT-2022-BLG-0440L,,,
Kepler-1076 b,Kepler-1076,6.14727918,2454967.87409,0.00269
OGLE-2018-BLG-0383L b,OGLE-2018-BLG-0383L,,,
Kepler-1258 b,Kepler-1258,0.984940167,2454966.31962,0.00253
Kepler-87 c,Kepler-87,191.2318,2455119.22034,0.00721
HD 110067 e,HD 110067,30.793091,2459646.0919,0.0011
HD 110067 c,HD 110067,13.673694,2459657.45704,0.0007
HD 147018 c,HD 147018,1008.0,,
Kepler-1896 b,Kepler-1896,44.87020111,2454974.12303,0.00909
K2-401 b,K2-401,6.293099,2457906.9531,0.0067
Kepler-1681 b,Kepler-1681,69.8956,2454993.6681,0.00591
GJ 2126 b,GJ 2126,272.7,,
HD 1605 b,HD 1605,577.2,,
Kepler-139 d,Kepler-139,7.305699922,2454964.77905,0.000945
Kepler-1171 b,Kepler-1171,1.44259224,2454967.0722,0.00121
Kepler-336 d,Kepler-336,20.678772,2454984.69139,0.00286
CoRoT-16 b,CoRoT-16,5.35227,2454923.9138,0.0021
KMT-2018-BLG-0030L b,KMT-2018-BLG-0030L,,,
KMT-2022-BLG-1013L b,KMT-2022-BLG-1013L,,,
alf Tau b,alf Tau,628.96,,
Kepler-1031 b,Kepler-1031,1.22621732,2454965.68683,0.00332
mu Leo b,mu Leo,357.8,,
HD 60292 b,HD 60292,495.4,,
HD 208487 b,HD 208487,130.08,,
TOI-4377 b,TOI-4377,4.378081,2458602.1245,0.0023
Kepler-1533 b,Kepler-1533,308.5471,2455129.0682,0.0065
TOI-2373 b,TOI-2373,13.33668,2458448.326,0.001
Kepler-61 b,Kepler-61,59.87756,2454984.188,0.0029
Kepler-120 c,Kepler-120,12.794585,2454963.76464,0.00209
Kepler-1403 b,Kepler-1403,5.19492202,2454964.6228,0.0044
TOI-1994 b,TOI-1994,4.0337142,2458854.37263,0.00056
TOI-2524 b,TOI-2524,7.18585,2458550.155,0.002
KMT-2022-BLG-1790L b,KMT-2022-BLG-1790L,,,
HD 108874 c,HD 108874,1624.0,2454785.0,18.0
HD 41004 A b,HD 41004 A,963.0,,
Kepler-118 c,Kepler-118,20.17202,2454974.2084,0.00041
Kepler-822 b,Kepler-822,3.222969273,2455011.07208,0.00232
TOI-238 c,TOI-238,8.465651,2460204.9675,0.005
Kepler-608 b,Kepler-608,6.412515037,2455002.87959,0.00067
HD 181720 b,HD 181720,956.0,,
Kepler-388 c,Kepler-388,13.297004,2454973.94788,0.00559
Kepler-900 b,Kepler-900,6.9913086,2454968.46263,0.00151
Kepler-666 b,Kepler-666,4.49876092,2455004.3511,0.00301
HIP 91258 b,HIP 91258,5.0505,,
K2-22 b,K2-22,0.381073,2456846.94318,0.00031
Kepler-1606 b,Kepler-1606,196.435224,2455006.7051,0.0166
HD 4917 b,HD 4917,400.5,,
MOA-2012-BLG-505L b,MOA-2012-BLG-505L,,,
KMT-2019-BLG-1715L b,KMT-2019-BLG-1715L,,,
KMT-2021-BLG-2609L b,KMT-2021-BLG-2609L,,,
Kepler-1946 b,Kepler-1946,3.035190105,2454965.3291,0.00134
HD 142022 A b,HD 142022 A,1928.0,,
2MASS J03590986+2009361 b,2MASS J03590986+2009361,,,
GJ 896 A b,GJ 896 A,284.39,,
Kepler-1461 b,Kepler-1461,29.3494775,2454981.46456,0.00477
HD 168009 b,HD 168009,15.1479,2455201.56,0.82
Kepler-361 c,Kepler-361,55.188023,2455013.75018,0.00573
Kepler-763 b,Kepler-763,1.19655156,2454965.53082,0.0026
HD 98736 b,HD 98736,968.8,,
HD 34445 b,HD 34445,1049.0,2454809.0,11.0
GJ 3222 b,GJ 3222,10.66669,,
KMT-2021-BLG-0322L b,KMT-2021-BLG-0322L,,,
OGLE-2014-BLG-0221L b,OGLE-2014-BLG-0221L,,,
KMT-2016-BLG-2142L b,KMT-2016-BLG-2142L,,,
KMT-2024-BLG-1044L b,KMT-2024-BLG-1044L,,,
Kepler-340 b,Kepler-340,14.844387,2454976.58289,0.01595
TOI-544 c,TOI-544,50.089,2459212.0,1.8
Kepler-311 d,Kepler-311,232.040326,2455095.2531,0.0265
BD+48 738 b,BD+48 738,392.6,,
Kepler-1307 b,Kepler-1307,18.01621096,2454978.23823,0.00495
HAT-P-55 b,HAT-P-55,3.5852313,2458311.92255,0.00013
HAT-P-65 b,HAT-P-65,2.60544751,2458139.35067,0.00021
Kepler-326 c,Kepler-326,4.580358,2454967.07605,0.00134
TOI-2134 b,TOI-2134,9.2292005,2459407.54493,0.00027
OGLE-2014-BLG-0319L b,OGLE-2014-BLG-0319L,,,
KMT-2019-BLG-0371L b,KMT-2019-BLG-0371L,,,
Kepler-132 b,Kepler-132,6.178196,2455001.86198,0.0019
OGLE-2017-BLG-1237L b,OGLE-2017-BLG-1237L,,,
MOA-bin-29 b,MOA-bin-29,,,
2MASS J21252752-8138278 b,2MASS J21252752-8138278,,,
Kepler-707 b,Kepler-707,2.237492751,2455003.81745,0.00161
Kepler-262 b,Kepler-262,13.060855,2454970.63086,0.00866
Kepler-265 c,Kepler-265,17.028937,2454976.33642,0.00479
HD 18143 b,HD 18143,10.2851,,
Kepler-1572 b,Kepler-1572,5.49548621,2454966.63773,0.00503
Kepler-352 c,Kepler-352,16.332995,2454969.90648,0.00512
Kepler-278 c,Kepler-278,51.111,2455700.4118,0.0052
WASP-157 b,WASP-157,3.951623,2457222.23863,0.00019
KMT-2023-BLG-0469L b,KMT-2023-BLG-0469L,,,
KMT-2021-BLG-0192L b,KMT-2021-BLG-0192L,,,
KMT-2016-BLG-2364L b,KMT-2016-BLG-2364L,,,
KMT-2018-BLG-1988L b,KMT-2018-BLG-1988L,,,
Kepler-400 c,Kepler-400,17.340824,2454971.96655,0.00419
HATS-2 b,HATS-2,1.35413379,2458591.084931,9.6e-05
K2-391 b,K2-391,4.622654,2457741.5165,0.0017
Kepler-1683 b,Kepler-1683,15.0337,2454977.98055,0.00349
Kepler-1634 b,Kepler-1634,374.876239,2455324.06305,0.00969
Kepler-122 b,Kepler-122,5.766193,2454967.01488,0.00173
BD+60 1417 b,BD+60 1417,,,
GJ 9827 c,GJ 9827,3.648103,2457742.2,0.0014
LTT 3780 b,LTT 3780,0.76837931,2459606.58098,0.00032
TOI-1273 b,TOI-1273,4.631296,2458712.3468,0.0004
TOI-1347 c,TOI-1347,4.841962,2458678.5059,0.0021
Kepler-271 d,Kepler-271,5.24972541,2454968.46512,0.00611
OGLE-2017-BLG-1275L b,OGLE-2017-BLG-1275L,,,
GJ 273 c,GJ 273,4.7234,,
KMT-2021-BLG-0748L b,KMT-2021-BLG-0748L,,,
Kepler-446 c,Kepler-446,3.036179,2454967.069573,0.000945
KMT-2023-BLG-1642L b,KMT-2023-BLG-1642L,,,
MOA-2010-BLG-117L b,MOA-2010-BLG-117L,,,
HD 22532 b,HD 22532,872.6,,
Kepler-235 c,Kepler-235,7.824904,2454969.55567,0.00455
HD 2039 b,HD 2039,1120.0,,
Kepler-20 d,Kepler-20,77.611455,2454997.7296,0.0011
Kepler-697 b,Kepler-697,3.709870645,2455004.987861,0.000629
Kepler-99 b,Kepler-99,4.60358,2455004.83893,
Kepler-1835 b,Kepler-1835,11.96409988,2454966.15804,0.00512
Kepler-1555 b,Kepler-1555,8.10501635,2454968.88523,0.00701
Kepler-783 c,Kepler-783,7.05395,2454969.357253,0.000874
HD 38529 c,HD 38529,2127.60566,2454612.6,3.3
HD 219139 b,HD 219139,275.5,,
KMT-2018-BLG-1990L b,KMT-2018-BLG-1990L,,,
K2-247 c,K2-247,6.49424,2457588.1369,0.0176
TOI-904 b,TOI-904,10.8772,2459366.621,0.001
TOI-904 c,TOI-904,83.9997,2459386.349,0.003
TOI-4860 b,TOI-4860,1.5227591,2460036.69124,0.0001
OGLE-2014-BLG-1722L b,OGLE-2014-BLG-1722L,,,
KMT-2016-BLG-1820L b,KMT-2016-BLG-1820L,,,
PSR B1620-26 b,PSR B1620-26,,,
OGLE-2007-BLG-349L AB c,OGLE-2007-BLG-349L A,2557.0,,
Kepler-1851 b,Kepler-1851,12.02289963,2454969.20687,0.0021
Kepler-1104 b,Kepler-1104,5.03728015,2454967.1094,0.00223
LHS 1678 c,LHS 1678,3.694284,2458998.45607,0.00064
Kepler-1901 b,Kepler-1901,3.484129906,2454967.5491,0.0029
Kepler-860 b,Kepler-860,5.101379454,2455190.4825,0.0012
LHS 1140 b,LHS 1140,24.73723,2458399.93,0.0003
LHS 1140 c,LHS 1140,3.77794,2458389.2939,0.0002
Kepler-1604 b,Kepler-1604,0.683684256,2454964.660402,0.000738
Kepler-804 b,Kepler-804,14.37457351,2454971.20222,0.0019
HD 28471 d,HD 28471,11.681,2452945.806,
HD 104067 b,HD 104067,55.851,2454167.3,0.94
TOI-4438 b,TOI-4438,7.44628,2459396.41168,0.00065
HD 104067 c,HD 104067,13.8992,2455192.9,0.59
LHS 1678 d,LHS 1678,4.9652229,2459000.45806,0.0009
KMT-2021-BLG-1554L b,KMT-2021-BLG-1554L,,,
Kepler-203 d,Kepler-203,11.32972,2454966.96882,0.00445
KMT-2021-BLG-1303L b,KMT-2021-BLG-1303L,,,
KMT-2021-BLG-0736L b,KMT-2021-BLG-0736L,,,
Kepler-1221 b,Kepler-1221,12.00096042,2454975.04145,0.00354
Kepler-1985 b,Kepler-1985,3.42064689,2454965.30629,0.00487
TOI-1347 b,TOI-1347,0.84742346,2458682.71214,0.0006
HD 93083 b,HD 93083,143.58,,
Kepler-920 c,Kepler-920,100.8274113,2455049.38988,0.00627
HD 88986 b,HD 88986,146.05,2458891.69,0.003
Kepler-1921 b,Kepler-1921,20.03479958,2454978.44178,0.00663
Kepler-750 b,Kepler-750,9.42887179,2454973.10594,0.00196
Kepler-955 b,Kepler-955,14.53244172,2454973.724798,0.000974
TOI-2529 b,TOI-2529,64.5949,2458538.5151,0.0046
Kepler-1943 b,Kepler-1943,4.850180149,2454968.31157,0.00862
TOI-1136 c,TOI-1136,6.2574,2460366.026514,0.0017986
KMT-2021-BLG-1770L b,KMT-2021-BLG-1770L,,,
OGLE-2011-BLG-0265L b,OGLE-2011-BLG-0265L,,,
OGLE-2018-BLG-0740L b,OGLE-2018-BLG-0740L,5480.0,,
KMT-2017-BLG-2509L b,KMT-2017-BLG-2509L,,,
Kepler-651 b,Kepler-651,21.38521506,2455011.78117,0.00141
OGLE-2018-BLG-0932L b,OGLE-2018-BLG-0932L,,,
OGLE-2014-BLG-0124L b,OGLE-2014-BLG-0124L,,,
HD 331093 b,HD 331093,621.62,,
Kepler-1879 b,Kepler-1879,10.61340046,2454968.6898,0.00193
TOI-815 b,TOI-815,11.197259,2459287.6028,0.0009
OGLE-TR-182 b,OGLE-TR-182,3.9791,2454270.572,0.002
Kepler-364 c,Kepler-364,59.980627,2455009.15025,0.00697
Kepler-828 b,Kepler-828,0.567857136,2454967.062486,0.000631
Kepler-229 b,Kepler-229,6.252972,2455004.29884,0.0018
Kepler-1689 b,Kepler-1689,8.483,2454965.9684,0.0029
K2-375 b,K2-375,14.453895,2457147.3436,0.0105
OGLE-2018-BLG-0567L b,OGLE-2018-BLG-0567L,,,
OGLE-2019-BLG-1053L b,OGLE-2019-BLG-1053L,,,
Kepler-29 b,Kepler-29,10.33974,2455003.38549,0.00123
OGLE-2019-BLG-0468L c,OGLE-2019-BLG-0468L,,,
KMT-2021-BLG-1898L b,KMT-2021-BLG-1898L,,,
KMT-2024-BLG-0404L b,KMT-2024-BLG-0404L,,,
KMT-2019-BLG-1042L b,KMT-2019-BLG-1042L,,,
MOA-2016-BLG-227L b,MOA-2016-BLG-227L,,,
AT2021ueyL b,AT2021ueyL,4168.69,,
HD 179949 b,HD 179949,3.092514,2453197.175,0.018
Kepler-629 b,Kepler-629,7.2385854,2455004.219,0.00127
Kepler-1384 b,Kepler-1384,15.36262753,2454978.57227,0.0049
TOI-871 b,TOI-871,14.362565,2458417.0523,0.0027
Kepler-847 b,Kepler-847,2.343231895,2454966.20662,0.00252
NGTS-27 b,NGTS-27,3.3704181,2458540.6573,0.001
Kepler-1262 b,Kepler-1262,8.67900242,2454973.90699,0.00385
TOI-2068 b,TOI-2068,7.768915,2458683.4258,0.0028
TOI-2406 b,TOI-2406,3.0766891,2459115.976,0.00031
Kepler-764 b,Kepler-764,7.33683936,2454971.58272,0.00347
Kepler-782 b,Kepler-782,158.6853308,2455006.94915,0.00198
Kepler-824 b,Kepler-824,4.51436633,2454967.02904,0.0029
HD 60532 b,HD 60532,201.9,,
HD 60532 c,HD 60532,600.1,,
Kepler-743 b,Kepler-743,3.179262921,2455094.842389,0.000592
Kepler-821 b,Kepler-821,1.92279873,2454967.50338,0.00208
TOI-1448 b,TOI-1448,8.112245,2458713.3375,0.0015
TOI-4633 c,TOI-4633,271.9445,2458864.8265,0.0088
TOI-776 c,TOI-776,15.665323,2459324.53478,0.0008
TOI-6008 b,TOI-6008,0.8574347,2460078.016214,0.000311
TOI-6086 b,TOI-6086,1.3888725,2460131.969501,0.000567
Kepler-749 b,Kepler-749,17.31716585,2454975.35779,0.002
Kepler-820 b,Kepler-820,127.8338098,2455126.41778,0.00192
OGLE-2015-BLG-0051L b,OGLE-2015-BLG-0051L,,,
Kepler-56 d,Kepler-56,1002.0,,
Kepler-755 b,Kepler-755,1.269090374,2454966.344006,0.00064
Kepler-816 b,Kepler-816,10.506825646,2455193.082546,0.000262
Kepler-791 b,Kepler-791,14.5539759,2454967.11314,0.00484
Kepler-793 b,Kepler-793,4.24153639,2454966.4581,0.00407
OGLE-2012-BLG-0950L b,OGLE-2012-BLG-0950L,,,
HD 42618 b,HD 42618,149.61,2455170.6,3.2
Kepler-757 b,Kepler-757,1.022678821,2454966.45544,0.00204
Kepler-759 b,Kepler-759,41.805985,2454975.81859,0.00406
Kepler-815 b,Kepler-815,8.57503552,2454973.13883,0.00527
Kepler-790 b,Kepler-790,13.73469807,2454975.33085,0.00255
Kepler-787 b,Kepler-787,0.928310498,2454966.80341,0.00184
TYC 3667-1280-1 b,TYC 3667-1280-1,26.468,,
Kepler-26 b,Kepler-26,12.28,2456471.2497,0.0006
Kepler-760 b,Kepler-760,8.70419416,2455190.56008,0.00101
Kepler-502 b,Kepler-502,4.28686431,2454971.615466,0.000618
Kepler-812 b,Kepler-812,10.11716531,2454970.4446,0.0021
Kepler-811 b,Kepler-811,23.58447697,2454978.95746,0.00251
Kepler-484 b,Kepler-484,10.045569313,2454962.093273,0.000597
Kepler-26 c,Kepler-26,17.2559,2456470.183,0.0007
Kepler-474 b,Kepler-474,5.660672935,2454970.415501,0.000537
Kepler-768 b,Kepler-768,11.3910025,2454970.70996,0.0052
Kepler-810 b,Kepler-810,4.59725385,2454969.48067,0.00523
Kepler-827 b,Kepler-827,51.92927591,2454984.93175,0.00146
Kepler-458 c,KIC 9663113,20.74028413,2454975.79944,0.00128
Kepler-307 c,Kepler-307,13.0729,2456465.2666,0.001
Kepler-500 b,Kepler-500,8.508324398,2454967.786614,0.000908
Kepler-806 b,Kepler-806,8.09219642,2454971.04671,0.00352
Kepler-784 b,Kepler-784,31.5922646,2454975.9664,0.0168
Kepler-831 b,Kepler-831,5.62153941,2454969.8905,0.0018
Kepler-779 b,Kepler-779,7.09714223,2454969.34344,0.00311
Kepler-803 b,Kepler-803,50.28638192,2455000.63242,0.00135
Kepler-802 b,Kepler-802,40.0587473,2455002.91131,0.00222
Kepler-830 b,Kepler-830,11.29695137,2454967.56876,0.00462
Kepler-829 b,Kepler-829,6.88337562,2454968.26458,0.00243
Kepler-477 b,Kepler-477,11.11990653,2454972.752936,0.000831
Kepler-505 b,Kepler-505,27.52197994,2455022.823547,0.00088
Kepler-499 b,Kepler-499,5.632528453,2454966.817942,0.000827
HD 141399 b,HD 141399,94.44,2455205.19,0.53
HD 141399 c,HD 141399,201.99,2455626.02,0.48
Kepler-745 b,Kepler-745,9.93143556,2454969.49303,0.00513
Kepler-848 b,Kepler-848,6.91134416,2454969.6481,0.00278
Kepler-794 b,Kepler-794,11.13125132,2454967.36532,0.00276
Kepler-796 b,Kepler-796,6.40087618,2454969.88109,0.00278
HD 141399 e,HD 141399,5000.0,2455729.0,42.0
HD 108236 e,HD 108236,19.590025,2458782.46935,0.00078
TOI-1233.01,HD 108236,14.175685,2458769.79682,0.0009
TIC 393818343 b,TIC 393818343,16.24921,2459811.2402,0.00025
HD 11506 c,HD 11506,223.92,2453212.0,11.0
Kepler-753 b,Kepler-753,5.747725012,2454966.29818,0.0012
Kepler-752 b,Kepler-752,18.82747265,2455029.18905,0.00356
Kepler-846 b,Kepler-846,19.80792185,2454972.37785,0.0036
Kepler-845 b,Kepler-845,0.927859821,2454966.906037,0.00052
Kepler-771 b,Kepler-771,8.73485836,2454968.08331,0.00437
Kepler-773 b,Kepler-773,3.749100061,2454968.10921,0.00152
Kepler-844 b,Kepler-844,2.613020856,2454966.11227,0.00206
Kepler-843 b,Kepler-843,2.053879821,2454966.73495,0.00114
HIP 74890 b,HIP 74890,822.3,,
TOI-663 d,TOI-663,7.1027268,2458547.11249,0.0023
Kepler-767 b,Kepler-767,161.5280101,2455031.00109,0.00139
Kepler-774 b,Kepler-774,11.0895723,2454974.76206,0.00355
Kepler-841 b,Kepler-841,124.4198398,2454983.59602,0.00183
Kepler-842 b,Kepler-842,1.21956827,2454966.460111,0.000741
Kepler-839 b,Kepler-839,37.8144514,2454967.66702,0.00335
TOI-2374 b,TOI-2374,4.31361,2458326.564,0.002
TOI-3071 b,TOI-3071,1.266938,2458594.608,0.002
HD 133131 A b,HD 133131 A,649.0,,
Kepler-770 b,Kepler-770,18.92540274,2454982.49412,0.00222
Kepler-769 b,Kepler-769,7.42608998,2454972.90046,0.00214
HD 133131 B b,HD 133131 B,5769.0,,
TOI-5082.01,TOI-5082,4.240122,2460284.802643,0.0008711
Kepler-744 b,Kepler-744,12.06222443,2454971.22369,0.00169
Kepler-765 b,Kepler-765,27.6655226,2454977.86426,0.00323
Kepler-834 b,Kepler-834,13.32388301,2454968.24446,0.00282
Kepler-832 b,Kepler-832,7.1396941,2454970.18577,0.00331
HD 73344 b,HD 73344,15.611,2458095.9,0.003
TOI-4527.01,TOI-4527,0.3994445,2459474.200243,0.00135648
BD-14 3065 b,BD-14 3065 A,4.2889731,2459313.48578,0.00076
Kepler-912 b,Kepler-912,2.534756273,2454965.68056,0.00304
Kepler-1017 b,Kepler-1017,7.23400469,2454970.67728,0.00162
Kepler-980 b,Kepler-980,11.55102504,2454967.90861,0.00179
Kepler-983 b,Kepler-983,60.0855082,2454986.25486,0.00331
Kepler-870 b,Kepler-870,21.3587621,2454968.07113,0.00434
Kepler-869 b,Kepler-869,40.4287755,2454972.50229,0.00352
Kepler-913 b,Kepler-913,10.29672521,2454965.19659,0.00307
Kepler-910 b,Kepler-910,2.364369015,2454965.25006,0.00311
Kepler-964 b,Kepler-964,13.5225106,2454975.18129,0.00143
Kepler-963 b,Kepler-963,9.97683705,2454964.76674,0.00131
Kepler-866 b,Kepler-866,2.617032536,2454967.03179,0.00253
Kepler-865 b,Kepler-865,14.16399294,2454973.5901,0.00136
Kepler-915 b,Kepler-915,4.59489604,2454966.83999,0.00246
Kepler-914 b,Kepler-914,4.40966548,2454965.44902,0.00228
Kepler-1051 b,Kepler-1051,25.96200249,2454971.96618,0.00263
Kepler-1058 b,Kepler-1058,110.96546,2455020.04262,0.00775
Kepler-864 b,Kepler-864,5.83376092,2454971.74873,0.00267
Kepler-863 b,Kepler-863,15.59461874,2454970.56547,0.00223
Kepler-923 b,Kepler-923,6.93366476,2454970.07236,0.00435
Kepler-916 b,Kepler-916,32.2968798,2454971.52078,0.00654
Kepler-950 b,Kepler-950,98.7180406,2454964.58611,0.00158
Kepler-1029 b,Kepler-1029,4.417696479,2454966.96117,0.00165
Kepler-958 b,Kepler-958,9.7678805,2454972.437821,0.000954
Kepler-861 b,Kepler-861,3.949631375,2454967.60939,0.00114
Kepler-862 b,Kepler-862,3.148664534,2455189.93547,0.00149
Kepler-927 b,Kepler-927,9.1149903,2454966.97624,0.00321
Kepler-962 b,Kepler-962,12.05707239,2454968.41471,0.001
TOI-1855 b,TOI-1855,1.36414864,2459243.19743,0.00029
Kepler-930 b,Kepler-930,71.4517775,2454981.8132,0.00777
Kepler-929 b,Kepler-929,0.921032135,2454965.03025,0.00275
Kepler-952 b,Kepler-952,130.3546919,2454977.06014,0.00115
Kepler-965 b,Kepler-965,134.2527298,2455015.7041,0.00308
Kepler-979 b,Kepler-979,8.0880135,2454971.73615,0.00111
Kepler-932 b,Kepler-932,1.921437396,2454964.806131,0.000921
Kepler-931 b,Kepler-931,8.03755877,2454972.35639,0.00237
Kepler-1006 b,Kepler-1006,19.76172042,2454968.17642,0.00267
Kepler-990 b,Kepler-990,9.91723428,2454968.13949,0.00196
Kepler-892 b,Kepler-892,13.7521072,2454976.03124,0.00206
Kepler-895 b,Kepler-895,2.806242328,2454966.73125,0.00223
Kepler-507 b,Kepler-507,3.568096926,2455002.74358,0.00158
Kepler-1027 b,Kepler-1027,1.907805199,2454964.64063,0.00109
Kepler-982 b,Kepler-982,15.7738221,2454970.53085,0.0021
Kepler-1052 b,Kepler-1052,34.8538276,2454997.04437,0.00297
Kepler-897 b,Kepler-897,8.0472642,2454970.2086,0.00288
Kepler-898 b,Kepler-898,5.8706191,2454970.24953,0.00263
Kepler-938 b,Kepler-938,52.6298417,2454988.61153,0.00472
Kepler-986 b,Kepler-986,56.4349938,2454984.41171,0.002
Kepler-978 b,Kepler-978,49.6221509,2454970.10026,0.00252
Kepler-960 b,Kepler-960,3.12686223,2454966.724506,0.000456
Kepler-976 b,Kepler-976,105.9564148,2455015.05368,0.00362
Kepler-899 b,Kepler-899,19.17891293,2454972.74661,0.00285
Kepler-1015 b,Kepler-1015,16.00494214,2454968.25445,0.00222
Kepler-1002 b,Kepler-1002,4.336429331,2454966.85599,0.00141
Kepler-889 b,Kepler-889,3.744439,2454966.56063,0.00294
Kepler-903 b,Kepler-903,10.3507721,2454966.71362,0.00414
Kepler-904 b,Kepler-904,3.021668632,2454966.47672,0.00257
Kepler-918 b,Kepler-918,4.85386933,2454968.09437,0.00597
Kepler-920 b,Kepler-920,6.53192704,2454969.03388,0.0032
Kepler-961 b,Kepler-961,16.87727414,2454971.6479,0.00141
Kepler-972 b,Kepler-972,7.03932553,2454966.85385,0.0019
Kepler-886 b,Kepler-886,6.24146367,2454967.88704,0.00286
Kepler-885 b,Kepler-885,18.11472949,2454980.49223,0.00255
Kepler-906 b,Kepler-906,41.6979976,2455002.57636,0.00291
Kepler-466 c,Kepler-466,3.709213846,2454966.98373,0.00144
Kepler-921 b,Kepler-921,51.300634,2454986.53646,0.00963
Kepler-943 b,Kepler-943,49.7701438,2454992.98572,0.00201
Kepler-946 b,Kepler-946,11.79162572,2454967.54021,0.00403
Kepler-1014 b,Kepler-1014,16.57110363,2454966.90279,0.00191
Kepler-852 b,Kepler-852,44.9309804,2454973.20427,0.00414
Kepler-884 b,Kepler-884,5.69919514,2454969.58754,0.00195
Kepler-529 c,Kepler-529,12.8345022,2454971.32478,0.0024
Kepler-944 b,Kepler-944,43.3167737,2454969.57338,0.00398
Kepler-942 b,Kepler-942,44.96417488,2454977.55876,0.00122
Kepler-1010 b,Kepler-1010,34.2685705,2454980.05222,0.00277
Kepler-882 b,Kepler-882,3.989539666,2454967.0998,0.00201
Kepler-255 d,Kepler-255,1.045622658,2454966.91821,0.00216
Kepler-758 c,Kepler-758,4.75793986,2454970.69702,0.00724
Kepler-1034 b,Kepler-1034,12.12400943,2454967.95556,0.00235
Kepler-1013 b,Kepler-1013,18.93054959,2454976.25236,0.00205
Kepler-1054 b,Kepler-1054,4.30655689,2454965.44215,0.00282
Kepler-760 c,Kepler-760,2.46697439,2455187.92929,0.0018
Kepler-271 c,Kepler-271,7.41086267,2454968.75273,0.00354
Kepler-967 b,Kepler-967,13.22713379,2454975.20334,0.00138
Kepler-995 b,Kepler-995,28.26731672,2454973.92495,0.00227
TOI-2368 b,TOI-2368,5.1750073,2459752.59549,0.00022
Kepler-1033 b,Kepler-1033,7.56052806,2454967.4789,0.00259
Kepler-876 b,Kepler-876,5.14438011,2454966.82743,0.00362
Kepler-875 b,Kepler-875,27.5073799,2454984.83875,0.00397
Kepler-732 c,Kepler-732,0.893041236,2454967.540277,0.000424
Kepler-1060 b,Kepler-1060,46.8779367,2454970.66335,0.00601
Kepler-1008 b,Kepler-1008,12.43931193,2454969.37781,0.00187
Kepler-1055 b,Kepler-1055,2.295036233,2454965.69278,0.00125
Kepler-1045 b,Kepler-1045,26.41045478,2454982.39497,0.00219
Kepler-872 b,Kepler-872,2.578855068,2454966.22337,0.00159
Kepler-1071 b,Kepler-1071,6.1799844,2454965.72243,0.00173
Kepler-1139 b,Kepler-1139,0.813166719,2454964.82534,0.00133
Kepler-1180 b,Kepler-1180,16.8601286,2454972.84599,0.00771
Kepler-1181 b,Kepler-1181,4.89337519,2454966.64331,0.00414
Kepler-991 b,Kepler-991,82.5342519,2455042.12641,0.00341
Kepler-1141 b,Kepler-1141,2.344511944,2454965.87337,0.00198
Kepler-1140 b,Kepler-1140,24.0862707,2454981.20227,0.00307
Kepler-1183 b,Kepler-1183,28.5057189,2454965.92018,0.00841
Kepler-1192 b,Kepler-1192,25.2034787,2454970.56218,0.00411
Kepler-1028 b,Kepler-1028,2.51462432,2454965.91016,0.00159
Kepler-1004 b,Kepler-1004,5.28789787,2454968.36353,0.00189
Kepler-1072 b,Kepler-1072,1.569066502,2454966.04048,0.00158
TOI-3919 b,TOI-3919,7.433234,2459519.29976,0.00081
Kepler-1065 b,Kepler-1065,3.609308907,2454966.79148,0.00127
Kepler-1077 b,Kepler-1077,34.3511874,2454967.18978,0.0035
Kepler-1194 b,Kepler-1194,16.22371307,2454969.02705,0.004
Kepler-1197 b,Kepler-1197,2.03231845,2454965.64366,0.00155
Kepler-1146 b,Kepler-1146,2.352265797,2454964.80405,0.00273
Kepler-1144 b,Kepler-1144,17.14647302,2454973.66098,0.00476
Kepler-1079 b,Kepler-1079,13.24503188,2454975.00653,0.00282
Kepler-1066 b,Kepler-1066,1.931559839,2454964.7658,0.000657
Kepler-1198 b,Kepler-1198,7.6847716,2454970.63985,0.00383
Kepler-1199 b,Kepler-1199,15.0447198,2454966.20727,0.00558
Kepler-968 b,Kepler-968,3.692983728,2454965.736952,0.00078
Kepler-1047 b,Kepler-1047,56.1886887,2454979.38005,0.00377
Kepler-1148 b,Kepler-1148,1.104463509,2454965.32076,0.001
Kepler-1147 b,Kepler-1147,10.62784997,2454970.82181,0.00709
Kepler-1081 b,Kepler-1081,3.856918547,2454967.47172,0.00216
Kepler-1062 b,Kepler-1062,9.30412078,2454973.34013,0.00213
Kepler-1063 b,Kepler-1063,14.07971466,2454972.95846,0.00167
Kepler-1064 b,Kepler-1064,16.54080322,2454966.9536,0.00215
Kepler-1084 b,Kepler-1084,2.05333679,2454967.51799,0.00177
Kepler-1087 b,Kepler-1087,0.693842855,2454965.18012,0.00211
Kepler-1207 b,Kepler-1207,13.68237119,2454972.1874,0.00533
Kepler-1209 b,Kepler-1209,25.369116,2454976.68738,0.00425
Kepler-1114 b,Kepler-1114,14.97435694,2454974.50172,0.00284
Kepler-1115 b,Kepler-1115,23.5540725,2454977.21245,0.00475
Kepler-1154 b,Kepler-1154,5.1856142,2454965.32089,0.00422
Kepler-1089 b,Kepler-1089,5.132485618,2454965.1593,0.00174
Kepler-1216 b,Kepler-1216,4.37034536,2454964.92397,0.00381
Kepler-1215 b,Kepler-1215,4.76703963,2454965.69039,0.00393
Kepler-1117 b,Kepler-1117,4.79028459,2454967.95434,0.00324
Kepler-1156 b,Kepler-1156,11.89520511,2454965.88994,0.00418
Kepler-1092 b,Kepler-1092,58.6017925,2454970.66944,0.00508
Kepler-1093 b,Kepler-1093,25.0824626,2454967.13343,0.00408
Kepler-1210 b,Kepler-1210,8.07124073,2454970.76385,0.00539
Kepler-1212 b,Kepler-1212,12.94130146,2454972.89312,0.00486
Kepler-1120 b,Kepler-1120,2.949029052,2454966.13641,0.0021
Kepler-1159 b,Kepler-1159,22.70816791,2454966.72172,0.00357
Kepler-1160 b,Kepler-1160,7.97034958,2454969.55753,0.00342
Kepler-1096 b,Kepler-1096,2.892217506,2454965.87706,0.00161
Kepler-1094 b,Kepler-1094,78.1000231,2454972.49588,0.0065
Kepler-1214 b,Kepler-1214,18.82634264,2454967.70171,0.00393
Kepler-1122 b,Kepler-1122,42.1917357,2454988.31547,0.00578
Kepler-1124 b,Kepler-1124,2.852348975,2454965.044317,0.000872
Kepler-1161 b,Kepler-1161,10.71252541,2454970.16618,0.00297
Kepler-1097 b,Kepler-1097,187.747029,2454990.35773,0.00581
Kepler-1098 b,Kepler-1098,2.543072855,2454965.67929,0.00346
Kepler-1046 b,Kepler-1046,14.37508035,2454972.05865,0.00238
TOI-4153 b,TOI-4153,4.6174141,2459557.05746,0.00015
Kepler-1125 b,Kepler-1125,17.6700642,2454964.59796,0.00577
Kepler-1126 b,Kepler-1126,108.593329,2455006.75102,0.00774
Kepler-1166 b,Kepler-1166,33.2406882,2454976.46245,0.00779
Kepler-1164 b,Kepler-1164,3.97599768,2454966.62134,0.0022
Kepler-1102 b,Kepler-1102,51.3285623,2455010.67237,0.00511
Kepler-1100 b,Kepler-1100,6.42200058,2454967.58093,0.00294
Kepler-1000 b,Kepler-1000,120.0181272,2454967.18927,0.00268
Kepler-1127 b,Kepler-1127,5.12330347,2454965.08566,0.0035
Kepler-1128 b,Kepler-1128,61.6178167,2455012.07877,0.00467
Kepler-1073 b,Kepler-1073,8.67888593,2454966.03761,0.00223
Kepler-1169 b,Kepler-1169,6.11009134,2454969.913,0.00371
Kepler-1106 b,Kepler-1106,1.252752174,2454966.17052,0.00137
Kepler-1037 b,Kepler-1037,1.063788673,2454964.524735,0.00099
Kepler-1131 b,Kepler-1131,3.53232449,2454967.74478,0.00274
Kepler-1132 b,Kepler-1132,62.8916228,2454972.12956,0.00536
Kepler-480 b,Kepler-480,4.919583795,2454967.602759,0.000799
Kepler-1108 b,Kepler-1108,4.51005748,2454967.56728,0.00246
Kepler-1109 b,Kepler-1109,37.6467384,2454994.4638,0.0045
Kepler-994 b,Kepler-994,1.151166506,2454966.231885,0.000406
Kepler-1133 b,Kepler-1133,11.55562343,2454971.19596,0.00207
Kepler-1172 b,Kepler-1172,26.0204423,2454987.52468,0.00622
Kepler-1173 b,Kepler-1173,0.7698536,2454965.52142,0.00123
Kepler-1111 b,Kepler-1111,8.79617863,2454968.67717,0.00292
Kepler-1049 b,Kepler-1049,3.273460736,2454967.44686,0.00128
Kepler-1135 b,Kepler-1135,76.957857,2455025.33214,0.00658
Kepler-478 b,Kepler-478,13.2217576,2454972.570157,0.000873
Kepler-1175 b,Kepler-1175,37.94563,2454967.78267,0.00384
Kepler-1174 b,Kepler-1174,6.89225223,2454965.4643,0.0029
Kepler-508 b,Kepler-508,25.30889748,2455004.50636,0.00188
Kepler-954 b,Kepler-954,16.78176602,2454972.793332,0.00072
Kepler-1050 b,Kepler-1050,15.3787546,2454976.41074,0.00327
Kepler-1136 b,Kepler-1136,2.361724329,2454966.2393,0.00132
Kepler-1177 b,Kepler-1177,106.247547,2454968.7451,0.0132
Kepler-1075 b,Kepler-1075,1.52372816,2454964.61924,0.00147
Kepler-1186 b,Kepler-1186,16.07677615,2454976.38764,0.00383
Kepler-1188 b,Kepler-1188,17.1369543,2454974.01371,0.00633
Kepler-1001 b,Kepler-1001,14.30511983,2454968.06626,0.00255
Kepler-1277 b,Kepler-1277,40.8365012,2454985.8751,0.00921
Kepler-1276 b,Kepler-1276,12.5720095,2454976.08176,0.00651
Kepler-1323 b,Kepler-1323,0.929906678,2454965.250751,0.000712
Kepler-1322 b,Kepler-1322,0.962867382,2454965.12398,0.00183
Kepler-1368 b,Kepler-1368,0.675649486,2454964.68163,0.00355
Kepler-1236 b,Kepler-1236,31.0571618,2454980.5629,0.00674
Kepler-1280 b,Kepler-1280,66.5579057,2455014.32368,0.00866
Kepler-1279 b,Kepler-1279,23.4774101,2454978.35073,0.0089
Kepler-1281 b,Kepler-1281,3.11602791,2454966.85446,0.00318
Kepler-1327 b,Kepler-1327,14.88801098,2454974.93758,0.00446
Kepler-1325 b,Kepler-1325,33.8786838,2454993.21784,0.00488
Kepler-1372 b,Kepler-1372,1.311555568,2454964.53493,0.00382
Kepler-1239 b,Kepler-1239,5.19104016,2454968.21466,0.00436
Kepler-1283 b,Kepler-1283,12.9460978,2454972.4214,0.0109
Kepler-1330 b,Kepler-1330,10.10769068,2454968.10813,0.00429
Kepler-1373 b,Kepler-1373,1.29123275,2454964.98938,0.0042
Kepler-1374 b,Kepler-1374,10.65276707,2454969.08934,0.00447
Kepler-1287 b,Kepler-1287,11.47685909,2454972.62986,0.0049
Kepler-1333 b,Kepler-1333,109.6471842,2455023.67583,0.00541
Kepler-1332 b,Kepler-1332,11.87456832,2454973.21371,0.00257
Kepler-528 b,Kepler-528,19.78297415,2455010.72336,0.00247
Kepler-1376 b,Kepler-1376,5.30880656,2454967.24408,0.00636
Kepler-1289 b,Kepler-1289,7.99019627,2454965.27183,0.0052
Kepler-1335 b,Kepler-1335,6.26406846,2454965.82895,0.00335
Kepler-1334 b,Kepler-1334,15.64591713,2454979.04844,0.00349
Kepler-1377 b,Kepler-1377,0.740928422,2454964.90927,0.00211
Kepler-1378 b,Kepler-1378,11.95398936,2454973.26442,0.00608
Kepler-1247 b,Kepler-1247,13.71220213,2454968.51865,0.00427
Kepler-520 b,Kepler-520,19.67416124,2455009.26985,0.0019
Kepler-1291 b,Kepler-1291,8.63043276,2454972.5825,0.00672
Kepler-1292 b,Kepler-1292,3.27646405,2454964.97934,0.00437
Kepler-1337 b,Kepler-1337,24.4002549,2454968.62939,0.00349
Kepler-1381 b,Kepler-1381,25.3842686,2454970.77342,0.00495
Kepler-1248 b,Kepler-1248,7.46725407,2454969.38542,0.00586
Kepler-1251 b,Kepler-1251,45.0904643,2454966.5596,0.00733
Kepler-1293 b,Kepler-1293,5.57654784,2454969.42771,0.00578
Kepler-1341 b,Kepler-1341,132.9968322,2455091.38598,0.00548
Kepler-1342 b,Kepler-1342,2.215710358,2454964.82215,0.00307
Kepler-1388 b,Kepler-1388,12.2854603,2454964.90294,0.00837
Kepler-1252 b,Kepler-1252,15.0540329,2454968.53067,0.007
Kepler-1253 b,Kepler-1253,68.8861915,2454993.29804,0.00588
Kepler-1295 b,Kepler-1295,3.81371974,2454965.57103,0.00496
Kepler-1344 b,Kepler-1344,4.7683049,2454967.8621,0.00453
Kepler-1343 b,Kepler-1343,3.35183158,2454964.64828,0.00283
Kepler-1379 b,Kepler-1379,0.881841146,2454964.69064,0.00319
Kepler-1382 b,Kepler-1382,16.3583055,2454974.2569,0.00499
Kepler-1256 b,Kepler-1256,12.4127754,2454973.36032,0.00772
Kepler-1254 b,Kepler-1254,9.99113313,2454967.39293,0.00412
Kepler-1347 b,Kepler-1347,14.00947528,2454965.97208,0.00391
Kepler-1346 b,Kepler-1346,3.40165668,2454965.06095,0.00287
Kepler-1386 b,Kepler-1386,6.73972381,2454965.2865,0.00766
Kepler-1259 b,Kepler-1259,0.663085258,2454964.97945,0.000996
Kepler-1257 b,Kepler-1257,2.668313762,2454964.68877,0.00274
Kepler-616 c,Kepler-616,90.4113556,2455041.50399,0.0038
Kepler-1300 b,Kepler-1300,22.2419092,2454977.72514,0.00848
Kepler-1350 b,Kepler-1350,4.4968604,2454967.20635,0.00315
Kepler-1351 b,Kepler-1351,0.916140768,2454965.02275,0.00166
Kepler-516 b,Kepler-516,24.85462415,2455007.000979,0.00093
Kepler-1217 b,Kepler-1217,2.032325072,2454965.31867,0.00299
Kepler-1218 b,Kepler-1218,22.9221266,2454966.6665,0.0078
Kepler-1261 b,Kepler-1261,48.4308991,2454974.46029,0.00486
Kepler-1263 b,Kepler-1263,4.55139967,2454966.06025,0.0038
Kepler-1303 b,Kepler-1303,7.56127224,2454968.63599,0.00525
Kepler-1305 b,Kepler-1305,13.5630972,2454973.6532,0.00704
Kepler-521 b,Kepler-521,22.20813214,2455039.35915,0.00133
Kepler-1219 b,Kepler-1219,16.10467749,2454968.0157,0.00478
Kepler-1220 b,Kepler-1220,7.42693741,2454966.09871,0.00497
Kepler-1264 b,Kepler-1264,0.968526023,2454964.51141,0.00196
Kepler-1265 b,Kepler-1265,6.49441289,2454965.25045,0.00357
Kepler-1223 b,Kepler-1223,16.301259,2454966.79243,0.00467
Kepler-1224 b,Kepler-1224,13.32351601,2454967.03469,0.0045
Kepler-1268 b,Kepler-1268,40.9903986,2454965.41393,0.00818
Kepler-1266 b,Kepler-1266,28.474748,2454987.58191,0.00661
Kepler-1309 b,Kepler-1309,28.8432647,2454976.82205,0.00719
Kepler-517 b,Kepler-517,60.92832271,2455006.370519,0.000981
Kepler-1358 b,Kepler-1358,7.06317341,2454965.53077,0.00371
Kepler-1359 b,Kepler-1359,59.4970952,2454979.95047,0.00685
Kepler-1225 b,Kepler-1225,7.01075434,2454971.40066,0.00346
Kepler-1270 b,Kepler-1270,6.03356196,2454970.11912,0.00809
Kepler-1314 b,Kepler-1314,5.424749281,2454966.729098,0.000697
Kepler-1362 b,Kepler-1362,136.205626,2455067.72365,0.00717
Kepler-1363 b,Kepler-1363,2.94194094,2454966.10708,0.00345
Kepler-1227 b,Kepler-1227,94.2887577,2454999.51295,0.00501
Kepler-1228 b,Kepler-1228,0.577369579,2454965.425551,0.000545
Kepler-1316 b,Kepler-1316,87.9732136,2455001.28919,0.00477
Kepler-1318 b,Kepler-1318,213.257663,2455101.13587,0.00382
Kepler-1364 b,Kepler-1364,13.32196237,2454975.72146,0.00497
Kepler-1366 b,Kepler-1366,2.164570968,2454964.83228,0.0029
Kepler-1231 b,Kepler-1231,10.41725184,2454970.45911,0.00509
Kepler-523 b,Kepler-523,5.835983111,2455002.875149,0.000624
Kepler-1274 b,Kepler-1274,6.98152703,2454965.76973,0.00881
Kepler-1367 b,Kepler-1367,1.574090272,2454964.86218,0.00311
Kepler-1235 b,Kepler-1235,4.16055856,2454965.27378,0.00466
Kepler-1424 b,Kepler-1424,29.6091744,2454970.33591,0.00887
Kepler-1426 b,Kepler-1426,14.2563227,2454966.405,0.0101
Kepler-556 b,Kepler-556,11.72292176,2455010.3185,0.00157
Kepler-1586 b,Kepler-1586,15.6049212,2454964.9938,0.00664
Kepler-770 d,Kepler-770,4.15244722,2454967.58277,0.00353
Kepler-783 b,Kepler-783,4.29264638,2454967.79738,0.00626
Kepler-1427 b,Kepler-1427,0.968972376,2454965.42945,0.0063
Kepler-1428 b,Kepler-1428,10.67607169,2454973.59244,0.00487
Kepler-541 b,Kepler-541,5.08005848,2455007.42776,0.00232
Kepler-1165 b,Kepler-1165,9.478522,2454973.16662,0.00439
Kepler-1553 b,Kepler-1553,4.24261881,2454968.03104,0.00525
Kepler-1588 b,Kepler-1588,7.84931739,2454967.87654,0.00923
Kepler-1589 b,Kepler-1589,0.991665274,2454964.53504,0.00522
Kepler-1432 b,Kepler-1432,23.9109011,2454983.5316,0.0101
Kepler-1556 b,Kepler-1556,8.82713457,2454972.7355,0.00404
Kepler-1590 b,Kepler-1590,7.61760804,2454970.4959,0.00466
Kepler-398 d,Kepler-398,6.83437001,2454969.86347,0.0018
Kepler-1321 c,Kepler-1321,2.226491086,2454966.37482,0.00261
Kepler-1433 b,Kepler-1433,4.13592271,2454966.53956,0.00515
Kepler-1557 b,Kepler-1557,3.74032496,2454967.7027,0.00428
Kepler-1178 b,Kepler-1178,31.80634,2454983.6643,0.0104
Kepler-1592 b,Kepler-1592,3.05710069,2454967.50105,0.0072
Kepler-1365 c,Kepler-1365,4.77468005,2454968.1615,0.00715
Kepler-1370 c,Kepler-1370,7.44142113,2454970.7455,0.00607
Kepler-1336 c,Kepler-1336,5.77721211,2454970.16681,0.00358
Kepler-1558 b,Kepler-1558,3.50470358,2454966.72494,0.00384
Kepler-1594 b,Kepler-1594,2.71603809,2454965.35913,0.00433
Kepler-1595 b,Kepler-1595,4.56380468,2454965.2627,0.00501
Kepler-1388 c,Kepler-1388,5.53608151,2454964.88574,0.00598
Kepler-1439 b,Kepler-1439,8.07392849,2455373.04158,0.00421
Kepler-1438 b,Kepler-1438,2.31942009,2454964.93583,0.00587
Kepler-1440 b,Kepler-1440,39.859484,2454987.7608,0.0207
Kepler-576 b,Kepler-576,29.91136794,2455027.70699,0.00263
Kepler-1596 b,Kepler-1596,66.373379,2455007.0161,0.0145
Kepler-577 b,Kepler-577,25.69578251,2455021.78959,0.00192
Kepler-1393 b,Kepler-1393,2.44357812,2454965.8054,0.00419
Kepler-1394 b,Kepler-1394,3.93766373,2454968.27848,0.00811
Kepler-1441 b,Kepler-1441,39.4419839,2455002.1367,0.0107
Kepler-511 b,Kepler-511,296.637865,2455236.672788,0.000944
Kepler-1563 b,Kepler-1563,3.43276598,2454965.91355,0.00733
Kepler-1564 b,Kepler-1564,18.0540381,2454980.79923,0.00961
Kepler-1603 b,Kepler-1603,2.27163926,2454964.82792,0.00757
Kepler-1395 b,Kepler-1395,3.78470649,2454966.52216,0.00579
Kepler-549 c,Kepler-549,117.040498,2455078.61616,0.00908
Kepler-1565 b,Kepler-1565,1.538188437,2454965.4894,0.00402
Kepler-1567 b,Kepler-1567,153.979578,2454998.4896,0.0109
Kepler-1598 b,Kepler-1598,4.34195123,2454967.18495,0.00482
Kepler-1599 b,Kepler-1599,122.363553,2454967.3327,0.0367
Kepler-1399 b,Kepler-1399,1.638653058,2454965.28994,0.00529
Kepler-684 b,Kepler-684,6.770302008,2455003.57697,0.00103
Kepler-605 c,Kepler-605,2.358951515,2454965.69119,0.00315
Kepler-1569 b,Kepler-1569,5.79180156,2454966.3578,0.00559
Kepler-687 b,Kepler-687,20.50586978,2455014.43474,0.0011
Kepler-1597 b,Kepler-1597,2.94654179,2454965.41542,0.00896
Kepler-1402 b,Kepler-1402,2.03387914,2454964.9169,0.00536
Kepler-610 c,Kepler-610,151.86392,2454976.31517,0.00593
Kepler-619 c,Kepler-619,1.208465026,2454966.67538,0.00114
Kepler-1571 b,Kepler-1571,3.38555488,2454966.97796,0.00376
Kepler-1389 b,Kepler-1389,99.2530951,2454981.53529,0.00735
Kepler-1405 b,Kepler-1405,28.2274184,2454974.49347,0.00432
Kepler-1406 b,Kepler-1406,11.62905828,2454965.82038,0.00472
Kepler-625 c,Kepler-625,4.1653651,2454965.04209,0.00243
Kepler-217 d,Kepler-217,3.88689525,2454965.49387,0.00505
Kepler-1573 b,Kepler-1573,2.6157554,2454964.98236,0.00517
Kepler-1574 b,Kepler-1574,6.9424334,2454968.95984,0.00796
Kepler-758 d,Kepler-758,20.4966197,2454980.4533,0.0088
Kepler-533 b,Kepler-533,28.51120525,2455020.363548,0.000618
Kepler-1407 b,Kepler-1407,20.0711504,2454969.93,0.0222
Kepler-653 c,Kepler-653,0.900376476,2454966.11875,0.00353
Kepler-1541 b,Kepler-1541,8.40691199,2454966.42687,0.00256
Kepler-1245 c,Kepler-1245,2.936584681,2454966.03751,0.00248
Kepler-1050 c,Kepler-1050,21.1284569,2454982.27946,0.00344
Kepler-534 b,Kepler-534,15.95994513,2455004.52201,0.00107
Kepler-1412 b,Kepler-1412,3.6146051,2454966.09455,0.00533
Kepler-1413 b,Kepler-1413,13.1829642,2454974.82502,0.0078
Kepler-1542 b,Kepler-1542,3.95116882,2454967.22178,0.00331
TOI-5301 b,TOI-5301,5.858858,2459277.36981,0.00099
Kepler-536 b,Kepler-536,1.827082299,2455003.525764,0.000193
Kepler-1414 b,Kepler-1414,3.51576315,2454967.29843,0.00287
Kepler-1415 b,Kepler-1415,0.63642408,2454964.69006,0.00205
Kepler-1545 b,Kepler-1545,163.692349,2455071.76652,0.00568
Kepler-1254 d,Kepler-1254,5.72717226,2454966.96398,0.00409
Kepler-555 b,Kepler-555,16.21775407,2455013.04196,0.00145
Kepler-245 e,Kepler-245,3.219821056,2454966.0031,0.00119
Kepler-1417 b,Kepler-1417,20.3505213,2454975.7564,0.0112
Kepler-1418 b,Kepler-1418,22.4764425,2454969.83193,0.00694
Kepler-1548 b,Kepler-1548,124.828679,2455041.78455,0.00874
Kepler-1579 b,Kepler-1579,0.849907889,2454964.67178,0.0028
Kepler-903 c,Kepler-903,62.9228557,2454984.68077,0.00814
Kepler-1419 b,Kepler-1419,42.5215895,2454969.1288,0.0112
Kepler-1154 c,Kepler-1154,8.45808312,2454970.0593,0.0044
Kepler-1583 b,Kepler-1583,9.32807355,2454965.8532,0.00865
Kepler-1582 b,Kepler-1582,4.83817712,2454968.1468,0.011
Kepler-1584 b,Kepler-1584,13.3997099,2454964.84744,0.00992
Kepler-1469 b,Kepler-1469,21.8635301,2454978.23999,0.00486
Kepler-633 b,Kepler-633,8.50340718,2455003.86761,0.00235
Kepler-1511 b,Kepler-1511,23.2382792,2454976.54141,0.00796
Kepler-1525 b,Kepler-1525,2.416601183,2454964.53739,0.00183
Kepler-1617 b,Kepler-1617,27.4785572,2454981.6285,0.0166
Kepler-1470 b,Kepler-1470,16.2950903,2454977.80456,0.00987
Kepler-132 e,Kepler-132,110.2869374,2455072.21903,0.00494
Kepler-695 b,Kepler-695,3.040330424,2455002.9490062,7.82e-05
Kepler-704 b,Kepler-704,3.76182115,2455004.90371,0.00206
Kepler-1527 b,Kepler-1527,160.129918,2455036.48043,0.0067
Kepler-1618 b,Kepler-1618,6.10826019,2454964.8803,0.014
Kepler-630 b,Kepler-630,161.4743937,2455003.60316,0.00406
Kepler-1472 b,Kepler-1472,38.1312831,2454992.3666,0.0208
Kepler-622 b,Kepler-622,14.28226676,2455013.84726,0.00153
Kepler-967 c,Kepler-967,198.7112502,2454989.51739,0.00269
Kepler-154 e,Kepler-154,3.93276465,2454967.65123,0.00262
Kepler-1529 b,Kepler-1529,5.33905686,2454965.14224,0.00195
Kepler-1090 b,Kepler-1090,198.680179,2455103.66913,0.00765
Kepler-1619 b,Kepler-1619,23.6225913,2454979.9602,0.0188
Kepler-1477 b,Kepler-1477,11.55530021,2454967.13083,0.00569
Kepler-598 b,Kepler-598,3.70175428,2455005.4504,0.00214
Kepler-1530 b,Kepler-1530,2.5904434,2454965.2871,0.0548
Kepler-1530 c,Kepler-1530,5.3227406,2454966.2203,0.0976
Kepler-692 b,Kepler-692,21.81293494,2455007.01129,0.00269
Kepler-1622 b,Kepler-1622,10.8118737,2454970.1323,0.00618
Kepler-1479 b,Kepler-1479,14.53261362,2454973.46784,0.0025
Kepler-1480 b,Kepler-1480,22.12679948,2454977.93506,0.00337
Kepler-969 c,Kepler-969,1.682934604,2454964.96803,0.0014
Kepler-990 c,Kepler-990,0.538354308,2454964.64931,0.001
Kepler-1093 c,Kepler-1093,89.722292,2454996.1587,0.0113
Kepler-1531 b,Kepler-1531,1.138543376,2454965.46572,0.00177
Kepler-631 b,Kepler-631,17.97979059,2455015.24346,0.00171
Kepler-1623 b,Kepler-1623,4.36128348,2454965.52717,0.00547
Kepler-1481 b,Kepler-1481,5.94220998,2454966.81407,0.00342
Kepler-1483 b,Kepler-1483,9.5085156,2454973.55871,0.00934
Kepler-636 b,Kepler-636,16.080661147,2455015.760005,0.000276
Kepler-489 b,Kepler-489,17.276296119,2454966.839246,0.000116
Kepler-1016 c,Kepler-1016,105.6551369,2455063.10031,0.00399
Kepler-705 b,Kepler-705,56.0560538,2455034.16561,0.00306
Kepler-1536 b,Kepler-1536,364.758031,2454968.4616,0.0113
Kepler-632 b,Kepler-632,30.99660733,2455024.7859,0.00119
Kepler-545 b,Kepler-545,13.24934059,2455012.52075,0.00129
Kepler-1486 b,Kepler-1486,54.6495759,2455009.0299,0.0154
Kepler-342 e,Kepler-342,1.644224613,2454964.75113,0.00308
Kepler-582 b,Kepler-582,18.49235668,2455006.49896,0.00104
Kepler-1409 b,Kepler-1409,0.764864926,2454965.13076,0.00248
Kepler-1444 b,Kepler-1444,33.42035034,2454992.13723,0.00204
Kepler-581 b,Kepler-581,40.6069821,2455032.25779,0.00322
Kepler-1516 b,Kepler-1516,7.25931979,2454964.71187,0.0039
Kepler-600 b,Kepler-600,23.67517607,2455012.27604,0.00184
Kepler-1537 b,Kepler-1537,1.444453798,2454965.80647,0.00129
Kepler-1447 b,Kepler-1447,56.6747285,2454993.45007,0.00547
Kepler-1488 b,Kepler-1488,39.8189932,2454999.64673,0.00626
WASP-156 b,WASP-156,3.8361623,2458414.13606,0.00031
Kepler-1538 b,Kepler-1538,175.138819,2455129.03986,0.00961
Kepler-1448 b,Kepler-1448,12.27065865,2454970.57044,0.0038
Kepler-1493 b,Kepler-1493,15.0217983,2454976.70194,0.00666
Kepler-1519 b,Kepler-1519,240.7989397,2455167.14185,0.00183
Kepler-688 b,Kepler-688,3.895936844,2455003.527525,0.000163
Kepler-1450 b,Kepler-1450,54.5094166,2454973.82631,0.00667
Kepler-1494 b,Kepler-1494,91.080482,2455046.7586,0.0163
Kepler-1495 b,Kepler-1495,85.273256,2455015.3682,0.0204
Kepler-1520 b,Kepler-1520,0.653553572,2454965.059231,0.000202
Kepler-637 b,Kepler-637,23.20584623,2455013.76141,0.00174
Kepler-1607 b,Kepler-1607,13.6473676,2454965.2362,0.0146
Kepler-1496 b,Kepler-1496,64.6588017,2455003.17832,0.00909
Kepler-937 c,Kepler-937,153.343364,2455023.537,0.0144
Kepler-1065 c,Kepler-1065,2.37030743,2454966.67485,0.00674
Kepler-1067 b,Kepler-1067,0.762129261,2454964.62001,0.00253
Kepler-578 b,Kepler-578,1.616883696,2455002.803484,0.000615
Kepler-689 b,Kepler-689,22.36656079,2455008.45508,0.00361
Kepler-1460 b,Kepler-1460,29.9633247,2454982.94193,0.00623
Kepler-1498 b,Kepler-1498,48.051405,2454973.501,0.0155
Kepler-1073 c,Kepler-1073,4.02582254,2454968.42601,0.00349
Kepler-701 b,Kepler-701,10.35533177,2455003.93685,0.00149
Kepler-1611 b,Kepler-1611,5.1762429,2454966.7437,0.0116
Kepler-624 b,Kepler-624,14.58649607,2455005.2223,0.00158
Kepler-1462 b,Kepler-1462,65.6488341,2455007.79419,0.00779
Kepler-1500 b,Kepler-1500,15.0330105,2454964.90421,0.00954
Kepler-1522 b,Kepler-1522,1.847889171,2454965.19975,0.00113
Kepler-625 b,Kepler-625,7.75192492,2455009.1727,0.00111
Kepler-1612 b,Kepler-1612,3.91795101,2454965.86406,0.0055
Kepler-1464 b,Kepler-1464,31.7785901,2454969.76851,0.00551
Kepler-1464 c,Kepler-1464,5.32786292,2454966.5483,0.00642
Kepler-1504 b,Kepler-1504,82.304003,2454992.038,0.018
Kepler-1505 b,Kepler-1505,30.8609366,2454971.31545,0.0065
Kepler-1523 b,Kepler-1523,0.93875077,2454964.68214,0.00102
Kepler-1085 b,Kepler-1085,219.3217528,2455153.7286,0.00233
Kepler-1613 b,Kepler-1613,1.5184299,2454965.131,0.109
Kepler-1614 b,Kepler-1614,3.9466141,2454965.24559,0.00504
Kepler-1468 b,Kepler-1468,8.23984869,2454970.75457,0.00392
Kepler-1507 b,Kepler-1507,16.0506213,2454974.73323,0.00666
Kepler-1509 b,Kepler-1509,25.4338197,2454976.1287,0.0114
Kepler-1086 c,Kepler-1086,161.5163345,2455009.49766,0.00404
Kepler-1524 b,Kepler-1524,70.9674603,2455015.66735,0.00189
Kepler-1616 b,Kepler-1616,6.76284377,2454968.6798,0.00873
Kepler-1645 b,Kepler-1645,16.1779561,2454965.33629,0.00522
Kepler-741 b,Kepler-741,7.03902374,2455008.73021,0.00168
Kepler-564 b,Kepler-564,3.750832285,2455004.151847,0.000251
Kepler-594 b,Kepler-594,13.64618192,2455013.34816,0.00206
Kepler-154 d,Kepler-154,20.54981883,2455011.94612,0.00102
Kepler-642 b,Kepler-642,4.41745855,2455003.79162,0.00119
Kepler-643 b,Kepler-643,16.33889626,2455010.916757,0.000877
Kepler-726 b,Kepler-726,21.80451088,2455023.49775,0.00163
Kepler-1143 c,Kepler-1143,210.630591,2455133.72799,0.00643
Kepler-148 d,Kepler-148,51.84688575,2455003.081373,0.000399
Kepler-673 b,Kepler-673,3.728731093,2455004.793449,0.000196
Kepler-674 b,Kepler-674,2.243381847,2455003.678894,0.000945
Kepler-712 b,Kepler-712,21.02247699,2455040.67707,0.00167
Kepler-1628 b,Kepler-1628,76.378033,2454979.3458,0.0318
Kepler-1388 e,Kepler-1388,37.6327084,2454991.8322,0.0225
Kepler-655 b,Kepler-655,46.4063358,2455025.99547,0.00226
Kepler-565 b,Kepler-565,4.243747226,2455006.563261,0.000556
Kepler-676 b,Kepler-676,11.59822172,2455013.395487,0.000931
Kepler-675 b,Kepler-675,2.33743801,2455004.761824,0.000687
Kepler-1630 b,Kepler-1630,509.997402,2455109.73122,0.00391
Kepler-1482 b,Kepler-1482,12.25383217,2454976.70311,0.00473
Kepler-587 b,Kepler-587,10.94027841,2455003.30652,0.00206
Kepler-657 b,Kepler-657,24.54350418,2455020.91953,0.00212
Kepler-483 b,Kepler-483,30.229104,2454967.52038,0.00197
Kepler-572 b,Kepler-572,17.20523483,2455008.05811,0.00102
Kepler-714 b,Kepler-714,8.098887986,2455009.623889,0.000218
Kepler-623 b,Kepler-623,9.07097734,2455011.34331,0.00108
Kepler-658 b,Kepler-658,1.287076762,2455002.815442,0.000739
Kepler-680 b,Kepler-680,3.689926291,2455003.36461,0.00208
Kepler-1633 b,Kepler-1633,186.404271,2455049.2211,0.0268
Kepler-605 b,Kepler-605,3.383538066,2455002.63954,0.0012
Kepler-727 b,Kepler-727,5.154484417,2455004.63928,0.00133
Kepler-1518 b,Kepler-1518,5.11177904,2454966.75648,0.00782
Kepler-588 b,Kepler-588,4.221625357,2455006.699875,0.000902
Kepler-589 b,Kepler-589,16.54964934,2455004.69418,0.00219
Kepler-573 b,Kepler-573,22.18329658,2455002.49687,0.00176
Kepler-596 b,Kepler-596,21.30022655,2455022.70556,0.00154
Kepler-715 b,Kepler-715,10.00652995,2455009.9688,0.00153
Kepler-716 b,Kepler-716,10.37168453,2455005.61796,0.00111
Kepler-1185 b,Kepler-1185,104.3518976,2455023.10231,0.00528
Kepler-660 b,Kepler-660,9.27358194,2455006.258019,0.000997
Kepler-496 b,Kepler-496,8.30864937,2454971.10889,0.00106
HD 63935 c,HD 63935,21.4027,2458504.13,0.064
Kepler-1636 b,Kepler-1636,425.47785,2454982.0646,0.0272
Kepler-561 b,Kepler-561,58.3620495,2455029.555062,0.0004
Kepler-728 b,Kepler-728,5.743477265,2455007.89832,0.001
Kepler-566 b,Kepler-566,18.42794624,2455011.44045,0.00178
Kepler-550 b,Kepler-550,8.600104109,2455005.528619,0.000356
Kepler-574 b,Kepler-574,7.65880414,2455006.03902,0.0014
Kepler-585 b,Kepler-585,2.752359753,2455004.259749,0.000408
Kepler-611 b,Kepler-611,2.437033302,2455003.73724,0.00169
Kepler-729 b,Kepler-729,3.166353714,2455003.965873,0.000602
Kepler-662 b,Kepler-662,21.67697486,2455004.5375,0.00245
Kepler-551 b,Kepler-551,12.3764661,2455012.404747,0.000797
TOI-1710 b,TOI-1710,24.283377,2458836.96292,0.00051
OGLE-2012-BLG-0724L b,OGLE-2012-BLG-0724L,,,
Kepler-1638 b,Kepler-1638,259.33683,2454998.6905,0.0454
Kepler-586 b,Kepler-586,2.104722184,2455004.043939,0.000345
HIP 97166 c,HIP 97166,16.432,2458694.0,1.3
TOI-1601 b,TOI-1601,5.33175,2458793.2753,0.0016
TOI-1444 b,TOI-1444,0.4702743,2458711.3675,0.0011
Kepler-618 b,Kepler-618,3.595769645,2455003.36964,0.00193
Kepler-601 b,Kepler-601,5.378868441,2455002.61518,0.00106
Kepler-645 b,Kepler-645,3.275822621,2455003.25268,0.00114
Kepler-719 b,Kepler-719,5.007317779,2455006.433852,0.000198
Kepler-612 b,Kepler-612,3.722156413,2455004.560286,0.000826
Kepler-590 b,Kepler-590,5.85296257,2455004.182276,0.000605
Kepler-552 b,Kepler-552,5.263415765,2455007.350788,0.000433
Kepler-1454 b,Kepler-1454,47.0319479,2455008.47451,0.00936
Kepler-460 c,KIC 5437945,220.1303357,2455078.98586,0.0023
Kepler-646 b,Kepler-646,15.87364565,2455015.40134,0.00218
Kepler-735 b,Kepler-735,11.51516988,2455007.858828,0.00099
Kepler-591 b,Kepler-591,81.1694299,2455011.59321,0.00307
Kepler-619 b,Kepler-619,5.404272197,2455005.185543,0.000801
TOI-1842 b,TOI-1842,9.5739181,2458933.33614,0.00081
HIP 97166 b,HIP 97166,10.288914,2458691.65438,0.00037
Kepler-602 b,Kepler-602,15.28469497,2455008.62261,0.00339
Kepler-721 b,Kepler-721,5.392025388,2455004.727421,0.000979
Kepler-722 b,Kepler-722,4.093573252,2455004.00987,0.00159
Kepler-568 b,Kepler-568,11.02347475,2455004.114802,0.000511
Kepler-569 b,Kepler-569,34.18890521,2455026.38876,0.00127
Kepler-603 b,Kepler-603,21.05358596,2455004.92433,0.00231
TOI-1296 b,TOI-1296,3.9443736,2458930.75531,0.00022
TOI-1298 b,TOI-1298,4.537143,2458934.12245,0.00032
Kepler-615 b,Kepler-615,10.35584657,2455008.68166,0.00142
TOI-1246 d,TOI-1246,18.654874,2458688.975,0.002
TOI-1246 e,TOI-1246,37.92548,2458700.6958,0.0035
Kepler-593 b,Kepler-593,21.21708973,2455004.651,0.00221
Kepler-592 b,Kepler-592,2.820192408,2455003.787613,0.000982
Kepler-709 b,Kepler-709,16.08524954,2455013.28078,0.00128
Kepler-1625 b,Kepler-1625,287.378949,2455181.82981,0.00833
Kepler-1642 b,Kepler-1642,12.2057513,2454967.1296,0.0576
Kepler-1642 c,Kepler-1642,6.6513802,2454968.2762,0.0671
Kepler-652 b,Kepler-652,4.182002531,2455005.789509,0.00032
Kepler-737 b,Kepler-737,28.59915399,2455022.92579,0.00167
Kepler-669 b,Kepler-669,4.125546869,2455002.751997,0.000618
Kepler-558 b,Kepler-558,29.00790538,2455003.55405,0.00224
Kepler-609 b,Kepler-609,6.521210666,2455008.71083,0.00109
Kepler-724 b,Kepler-724,3.314946338,2455004.313373,0.000411
Kepler-1646 b,Kepler-1646,4.48558383,2454968.43221,0.00202
Kepler-710 b,Kepler-710,4.347285527,2455005.23404,0.00161
K2-88 b,K2-88,4.6122,2457066.2194,0.0015
K2-89 b,K2-89,1.096026,2457066.0066,0.0023
K2-116 b,K2-116,4.655411,2456979.948,0.004
TOI-1386 b,TOI-1386,25.8401,2458752.321,0.003
K2-102 b,K2-102,9.915615,2457139.65518,0.00552
K2-5 b,K2-5,5.73594,2456808.86,0.0048
K2-5 c,K2-5,10.93241,2456814.601,0.0052
K2-91 b,K2-91,1.419549,2457065.4319,0.0019
K2-72 c,K2-72,15.189034,2456989.465,0.005
HD 93963 A c,HD 93963 A,3.6451389,2458902.874,0.00068
K2-16 b,K2-16,7.6188,2456811.6871,0.0038
K2-16 c,K2-16,19.07863,2456809.48,0.0091
Kepler-223 e,Kepler-223,19.72567,2455717.5237,0.0055
Kepler-223 b,Kepler-223,7.38449,2455701.5155,0.0044
Kepler-223 d,Kepler-223,14.78869,2455704.8504,0.0023
K2-81 b,K2-81,6.102325,2457070.44,0.002
TOI-1451 b,TOI-1451,16.537944,2458694.3115,0.0015
HIP 8152 b,HIP 8152,10.751014,2458393.0855,0.0031
HIP 8152 c,HIP 8152,19.60562,2458398.2869,0.0064
NGC 2682 YBP 1194 b,NGC 2682 YBP 1194,6.959,,
NGC 2682 YBP 1514 b,NGC 2682 YBP 1514,5.118,,
Kepler-80 d,Kepler-80,3.07222,2455695.129,0.002
GJ 1148 b,GJ 1148,41.38,2454796.92,0.89
K2-90 c,K2-90,2.900706,2457066.74,0.004
GJ 1148 c,GJ 1148,532.58,2454769.0,29.0
TOI-1753 b,TOI-1753,5.3846104,2458684.503,0.002
HD 128717 b,HD 128717,3420.0,,
HD 17674 b,HD 17674,623.8,,
HD 42012 b,HD 42012,857.5,,
TOI-1776 b,TOI-1776,2.799868,2458871.4976,0.0038
OGLE-2012-BLG-0026L b,OGLE-2012-BLG-0026L,,,
Kepler-80 c,Kepler-80,9.52355,2455696.047,0.001
HD 6061 b,HD 6061,5.2549,2458769.7863,0.0027
OGLE-2012-BLG-0026L c,OGLE-2012-BLG-0026L,,,
TOI-1194 b,TOI-1194,2.3106446,2458684.92352,0.00014
TOI-1694 b,TOI-1694,3.770107,2458817.26629,0.00061
TOI-1443 b,TOI-1443,23.540678,2458693.25,0.05
HD 59686 A b,HD 59686 A,299.36,,
KIC 7917485 b,KIC 7917485,840.0,,
OGLE-2013-BLG-1721L b,OGLE-2013-BLG-1721L,,,
HD 34445 c,HD 34445,214.67,,
TOI-329 b,TOI-329,5.70439,2459090.7955,0.0038
TOI-1269 b,TOI-1269,4.2529913,2458686.60586,0.00092
K2-46 b,K2-46,19.1541,2456815.3353,0.0082
K2-42 b,K2-42,6.68796,2456814.6763,0.0052
HD 25463 c,HD 25463,3.04405,2458438.473,0.002
HD 37124 c,HD 37124,885.5,2454937.0,13.0
HD 87646 b,HD 87646,13.481,,
HD 34445 g,HD 34445,5700.0,,
Wolf 1061 c,Wolf 1061,17.8719,,
K2-47 b,K2-47,31.6372,2456825.703,0.014
K2-48 b,K2-48,20.5065,2456817.4859,0.007
MXB 1658-298 b,MXB 1658-298,760.0,,
TOI-1279 b,TOI-1279,9.61419,2458717.4814,0.0022
TOI-1288 b,TOI-1288,2.6998279,2458712.35877,0.00025
NGC 2682 Sand 978 b,NGC 2682 Sand 978,511.21,,
GJ 3293 b,GJ 3293,30.5987,,
K2-50 b,K2-50,8.7529,2456810.3311,0.0074
K2-49 b,K2-49,2.77065,2456810.0203,0.0026
Kepler-1652 b,Kepler-1652,38.09722,2454973.0045,0.0047
GJ 3293 c,GJ 3293,122.6196,,
K2-58 d,K2-58,22.8827,2456998.0703,0.0052
K2-59 c,K2-59,11.2954,2456986.7095,0.0029
OGLE-2014-BLG-1760L b,OGLE-2014-BLG-1760L,,,
HD 9174 b,HD 9174,1179.0,,
TOI-1181 b,TOI-1181,2.103189,2459481.51696,0.00055
TOI-5218 b,TOI-5218,4.291452,2458842.65207,0.00076
TOI-5616 b,TOI-5616,2.002849,2458901.48892,0.00129
K2-63 c,K2-63,25.4556,2456983.6454,0.006
K2-63 b,K2-63,20.257,2456989.5929,0.0099
CoRoT-32 b,CoRoT-32,6.71837,2455901.811,0.002
HD 221585 b,HD 221585,1173.0,,
Kepler-539 c,Kepler-539,1000.0,,
K2-64 b,K2-64,6.53044,2456986.1918,0.0033
K2-68 b,K2-68,8.05428,2456982.3281,0.0038
K2-21 b,K2-21,9.325038,2456989.422,0.001
TOI-1836 c,TOI-1836,1.7727471,2459739.67,0.003
Kepler-1647 b,Kepler-1647,1107.5923,2454998.4972,0.0049
K2-70 b,K2-70,13.97896,2456984.4435,0.0021
K2-71 b,K2-71,6.98541,2456987.3785,0.0031
K2-118 b,K2-118,50.92092,2457160.473,0.004
TOI-1736 c,TOI-1736,571.25,2458701.81,0.79
TOI-1669 b,TOI-1669,500.0,2459325.0,9.6
HIP 67522 c,HIP 67522,14.334892,2458602.50256,0.00091
TOI-2379 b,TOI-2379,5.4693827,2459401.56596,0.00016
TOI-2384 b,TOI-2384,2.13570304,2459591.99589,0.000117
TOI-757 b,TOI-757,17.46819,2459305.5322,0.0006
TOI-1011 b,TOI-1011,2.470498,2458489.9776,0.00383
TOI-2714 b,TOI-2714,2.499387,2459168.9479,0.0008
TOI-2981 b,TOI-2981,3.601501,2459302.7195,0.0004
K2-74 b,K2-74,19.5666,2456997.9992,0.0045
K2-75 b,K2-75,7.8142,2456983.451,0.01
K2-125 b,K2-125,21.750264,2457243.088,0.002
TOI-2485 b,TOI-2485,11.23479,2458939.7856,0.0022
TOI-1288 c,TOI-1288,416.0,2458894.4,17.0
TOI-1408 b,TOI-1408,4.42587,2458740.8581,0.0002
TOI-1408 c,TOI-1408,2.1664,2458739.847,0.004
HIP 116454 b,HIP 116454,9.1004157,2458072.29291,0.00062
TOI-2420 b,TOI-2420,5.842641,2458388.4119,0.0013
K2-83 b,K2-83,2.74697,2457067.0633,0.0024
K2-130 b,K2-130,2.49412,2457340.612,0.001
TOI-421 c,TOI-421,16.067541,2459195.30741,0.00018
MOA-2010-BLG-353L b,MOA-2010-BLG-353L,,,
K2-84 b,K2-84,6.4215,2457071.4212,0.0027
K2-84 c,K2-84,27.86,2457068.615,0.0078
K2-35 b,K2-35,2.399964,2456810.584,0.004
HD 86950 b,HD 86950,1270.0,,
HD 222076 b,HD 222076,871.0,,
K2-33 b,K2-33,5.424865,2456898.69288,0.00118
TOI-1338 b,TOI-1338 A,95.4001,2459238.21949,0.0051024
K2-161 b,K2-161,9.283188,2457587.84755,0.007734
K2-160 b,K2-160,3.705871,2457585.66638,0.000815
HD 215152 d,HD 215152,10.86499,,
TOI-1173 b,TOI-1173,7.06466,2458702.8444,0.0023
GJ 238 b,GJ 238,1.7446999,2458326.98222,0.00064
HD 103197 b,HD 103197,47.84,,
HD 109246 b,HD 109246,68.27,,
OGLE-2016-BLG-1195L b,OGLE-2016-BLG-1195L,,,
Kepler-1650 b,Kepler-1650,1.53818001,2455001.73959,0.00088
HD 183579 b,HD 183579,17.471291,2458661.06263,0.00097
TOI-1437 b,TOI-1437,18.840942,2459360.1652,0.0012
TOI-6034 b,TOI-6034,2.576184,2459883.9055,0.0003
TOI-5634 A b,TOI-5634 A,2.2035373,2459663.4184,0.0011
K2-419 A b,K2-419 A,20.35847252,2459553.7138,0.0005
Kepler-1654 b,Kepler-1654,1047.8356,2455375.1341,0.0014
HD 121504 b,HD 121504,63.33,,
HD 114386 b,HD 114386,937.70001,,
TOI-1824 b,TOI-1824,22.808533,2458879.5467,0.0011
BD+03 2562 b,BD+03 2562,481.9,,
K2-186 b,K2-186,41.474219,2457154.8454,0.001887
K2-190 c,K2-190,21.574023,2457228.69256,0.0065
TOI-286 b,TOI-286,4.5117244,2460186.64911,0.00076
TOI-286 c,TOI-286,39.361826,2460155.0251,0.0018
K2-231 b,K2-231,13.841901,2457320.00164,0.00354
HD 134987 b,HD 134987,258.17999,2452704.42,0.83
HD 137388 b,HD 137388,330.0,,
HD 177565 b,HD 177565,44.505,,
K2-195 c,K2-195,28.482786,2457243.00895,0.006125
K2-201 b,K2-201,1.05979,2457301.98415,0.001908
TOI-2768 b,TOI-2768,1.50801,2459225.6442,0.001
TOI-5319 b,TOI-5319,4.07853,2459496.5862,0.0007
TOI-1130 b,TOI-1130,4.074554,2458658.74627,0.00072
OGLE-2017-BLG-1522L b,OGLE-2017-BLG-1522L,,,
HD 13931 b,HD 13931,4218.0,2456650.0,34.0
HD 142245 b,HD 142245,1299.0,,
HIP 65426 b,HIP 65426,,,
Ross 128 b,Ross 128,9.8658,,
K2-201 c,K2-201,22.779878,2457319.78302,0.00226
K2-202 b,K2-202,3.405164,2457304.25153,0.001611
K2-321 b,K2-321,2.2979749,2458141.26759,0.00064
GJ 486 b,GJ 486,1.46712127,2459939.071602,1e-05
HD 142415 b,HD 142415,386.29999,,
L 168-9 b,L 168-9,1.40152604,2459082.85679,0.00041
HD 111591 b,HD 111591,1056.4,,
OGLE-2016-BLG-1190L b,OGLE-2016-BLG-1190L,1220.0,,
K2-206 b,K2-206,18.294549,2457396.57661,0.00394
K2-207 b,K2-207,12.48749,2457403.64459,0.003599
TOI-6651 b,TOI-6651,5.056973,2459857.7116,0.0014
TOI-181 b,TOI-181,4.532,2458358.12,0.00027
TOI-3884 b,TOI-3884,4.5445828,2459556.51669,0.00025
TOI-5005 b,TOI-5005,6.3085044,2460090.0356,0.001
HD 16141 b,HD 16141,75.523,2451932.3,1.2
HD 162020 b,HD 162020,8.4282,,
OGLE-2016-BLG-0613L AB b,OGLE-2016-BLG-0613L AB,,,
CoRoT-9 b,CoRoT-9,95.272656,2455365.52723,0.00037
K2-209 b,K2-209,2.080615,2457394.2331,0.002694
16 Cyg B b,16 Cyg B,798.5,2456937.32,0.38
Kepler-80 g,Kepler-80,14.64558,2455658.6073,0.0037
K2-218 b,K2-218,8.679885,2457396.45914,0.001941
K2-219 b,K2-219,3.901287,2457396.7453,0.005869
HD 215152 b,HD 215152,5.75999,,
K2-219 c,K2-219,6.66767,2457398.41574,0.008988
K2-219 d,K2-219,11.137278,2457404.59425,0.002304
GJ 86 b,GJ 86,15.76491,,
TOI-6002 b,TOI-6002,10.904821,2458692.7639,0.0024
GJ 3138 b,GJ 3138,1.22003,,
HD 7924 c,HD 7924,15.299,2455203.73,0.34
BD-06 1339 c,BD-06 1339,125.94,,
HIP 65891 b,HIP 65891,1079.55726,,
K2-227 b,K2-227,13.621832,2457592.23831,0.009716
K2-80 d,K2-80,28.867253,2457082.93709,0.003637
K2-260 b,K2-260,2.62669762,2457894.284876,6e-05
K2-261 b,K2-261,11.6334681,2458151.14392,0.00024
TOI-1883 b,TOI-1883,4.50638,2459256.8481,0.0002
GJ 3323 b,GJ 3323,5.3636,,
GJ 3138 d,GJ 3138,257.8,,
GJ 3323 c,GJ 3323,40.54,,
HD 191939 e,HD 191939,101.12,2459348.12,0.5
TOI-469.01,TOI-469,13.6308205,2458474.56927,0.00084
TOI-1230.01,TOI-1230,25.05713123288,2458620.316686,0.00625953
Kepler-289 c,Kepler-289,125.8723,2455069.6734,0.0035
K2-170 c,K2-170,12.400047,2456985.66694,0.004667
K2-164 b,K2-164,17.355066,2456816.73696,0.008382
GJ 273 b,GJ 273,18.6498,,
TOI-3568 b,TOI-3568,4.417965,2459799.3834,0.0006
HD 238914 b,HD 238914,4100.0,,
K2-170 b,K2-170,7.576544,2456986.18553,0.006895
K2-171 b,K2-171,5.628466,2456979.46712,0.007142
TOI-1772.01,TOI-1772,8.054246874,2459628.8507,0.0028
K2-77 b,K2-77,8.2000844,2457316.80766,0.00099
K2-180 b,K2-180,8.865663,2457489.1566,0.00078
GJ 3293 e,GJ 3293,13.2543,,
TOI-1777.01,TOI-1777,14.650111974,2459635.1067,0.0029
GJ 3293 d,GJ 3293,48.1345,,
TYC 3318-01333-1 b,TYC 3318-01333-1,562.0,,
K2-172 b,K2-172,14.316941,2456982.29487,0.003444
K2-172 c,K2-172,29.62682,2456993.53984,0.001098
HD 101581 c,HIP 56998,6.20401,2460017.114,0.0023
K2-182 b,K2-182,4.7369696,2457652.79755,0.00027
K2-97 b,K2-97,8.407115,2457722.1447,0.0027
TOI-1301.01,TOI-1301,6.096407209,2459710.2944,0.00033
K2-148 d,K2-148,9.7579,2457386.34305,0.00545
K2-148 b,K2-148,4.38395,2457390.05956,0.00961
K2-191 b,K2-191,2.858646,2457219.55703,0.002893
HD 102117 b,HD 102117,20.8133,,
TOI-1799 b,TOI-1799,7.094570865,2458904.8176,0.006
Kepler-150 f,Kepler-150,637.2093,2455979.2422,0.0082
K2-98 b,K2-98,10.1367349,2457662.95321,0.00077
K2-114 b,K2-114,11.390931,2457687.08869,0.00016
HD 40307 g,HD 40307,197.8,,
HIP 57274 b,HIP 57274,8.1352,2455801.779,0.271
K2-179 b,K2-179,5.172191,2457066.5803,0.001373
HD 102195 b,HD 102195,4.11377,,
HD 102329 b,HD 102329,778.09998,,
TOI-2211.01,TOI-2211,3.092686757,2459038.1032,0.0027
TOI-4638.01,TOI-4638,10.283918787,2459449.3508,0.0039
TOI-6038 A b,TOI-6038 A,5.8267311,2459883.058,0.00072
K2-277 b,K2-277,6.326768,2457303.4771,0.001
IRAS 04125+2902 b,IRAS 04125+2902,8.834978,2458821.8251,0.0033
TOI-1467 b,TOI-1467,5.97114713,2458766.9885,0.001
TOI-2458 b,TOI-2458,3.73659,2459177.4046,0.0026
K2-246 b,K2-246,5.76918,2457583.6761,0.0064
HD 240237 b,HD 240237,745.70001,,
HD 2638 b,HD 2638,3.4442,,
TOI-4994 b,TOI-4994,21.491984,2459965.47035,0.00042
K2-247 b,K2-247,2.25021,2457582.977,0.0064
HD 290327 b,HD 290327,2443.0,,
HD 31253 b,HD 31253,466.0,2454222.0,55.0
TOI-406.01,TOI-406,13.175682,2458388.57,0.001
HD 77338 b,HD 77338,5.7361,,
TOI-1174 b,TOI-1174,8.953487683,2459657.03302,0.00073
TOI-1691 b,TOI-1691,16.736888935,2459922.7255,0.00073
K2-249 b,K2-249,12.409,2457583.0457,0.0106
K2-248 b,K2-248,7.17256,2457588.1042,0.0072
K2-251 b,K2-251,9.30075,2457589.0782,0.0128
TOI-1716.01,TOI-1716,8.082376554,2459959.2213,0.0026
TOI-5688 A b,TOI-5688 A,2.94815527,2459771.26024,0.00058
HD 73344 d,HD 73344,5823.0,2444345.0,100.0
K2-252 b,K2-252,13.81513,2457596.1901,0.0118
TOI-1744.01,TOI-1744,22.341702927,2459908.3844,0.00093
TOI-1739 b,TOI-1739,8.303341406,2459631.82035,0.00059
TOI-4504 b,TOI-4504,2.42614,2459038.458,0.022
TOI-4504 c,TOI-4504,82.97213,2458400.3906,0.0016
K2-254 c,K2-254,12.11839,2457590.6136,0.0101
HD 5891 b,HD 5891,177.11,,
HD 6434 b,HD 6434,21.998,,
K2-239 c,K2-239,7.775,2457916.86,
K2-257 b,K2-257,1.60588,2457583.2875,0.0035
K2-258 b,K2-258,19.0921,2457586.2928,0.0147
IC 4651 9122 b,IC 4651 9122,734.0,,
TOI-4504 d,TOI-4504,40.5634,,
K2-167 b,K2-167,9.978541,2457299.2465,0.0022
K2-240 c,K2-240,20.523,2458005.722,
K2-240 b,K2-240,6.034,2457996.825,
OGLE-2017-BLG-0482L b,OGLE-2017-BLG-0482L,,,
WASP-194 b,WASP-194,3.183387,2457449.0511,0.0003
Kepler-289 e,Kepler-289,330.0716,2455173.987,0.011
HD 75289 b,HD 75289,3.50927,,
HD 76700 b,HD 76700,3.97097,,
WASP-188 b,WASP-188,5.748916,2457033.12141,0.001
WASP-116 b,WASP-116,6.6132,2457092.22528,0.00053
TOI-6478 b,TOI-6478,34.005019,2459454.90101,0.00068
TOI-2285 b,TOI-2285,13.635109,2458747.1831,0.0029
HD 222155 b,HD 222155,3999.0,,
OGLE-2014-BLG-1722L c,OGLE-2014-BLG-1722L,,,
TOI-771 b,TOI-771,2.3260155,2458572.4191,0.0003
TOI-5110 b,TOI-5110,30.158577,2459503.679,0.0012
TOI-1453 c,TOI-1453,6.5886982,2459395.38133,0.00039
K2-244 b,K2-244,21.06884,2457588.4749,0.0062
HD 35843 c,HD 35843,46.9622,2459221.7562,0.002
K2-158 b,K2-158,10.06049,2457590.4834,0.008
TOI-7041 b,TOI-7041,9.691,2460160.393,0.012
HD 89307 b,HD 89307,2166.0,,
HD 96127 b,HD 96127,647.29999,,
K2-159 b,K2-159,12.42205,2457586.5082,0.0074
HD 1690 b,HD 1690,533.0,,
TOI-1803 c,TOI-1803,12.885779,2458911.6747,0.0019
TOI-1803 b,TOI-1803,6.293287,2458904.6237,0.0027
TOI-561 c,TOI-561,10.778838,2459238.46284,0.00079
K2-166 b,K2-166,8.52695,2457586.7635,0.0165
HD 171028 b,HD 171028,550.0,,
HD 17092 b,HD 17092,359.89999,,
HAT-P-11 b,HAT-P-11,4.888,2454957.8132067,5.3e-06
HAT-P-11 c,HAT-P-11,3361.0,2456746.0,24.0
HR 858 c,HR 858,5.973865,2458415.63344,0.00099
TOI-1266 b,TOI-1266,10.8945,2458691.0068,0.0017
NN Ser d,NN Ser,2880.0,,
K2-224 c,K2-224,10.09489,2457588.4157,0.0041
TOI-2328 b,TOI-2328,17.10197,2458330.4894,0.0004
TOI-2015 b,TOI-2015,3.348237,2459424.7857,0.00016
WASP-102 b,WASP-102,2.709813,2457109.45577,0.00016
TOI-5573 b,TOI-5573,8.79758977,2459600.45078,0.00061
HD 191939 g,HD 191939,284.0,2459385.0,13.0
HD 285507 b,HD 285507,6.0881,,
K2-230 b,K2-230,2.86041,2457582.5918,0.0093
K2-229 c,K2-229,8.32727,2457586.3431,0.0019
K2-259 b,K2-259,15.48043,2457585.7094,0.01
HD 192263 b,HD 192263,24.3556,2452107.09,0.28
TOI-677 b,TOI-677,11.2365985,2458547.47449,0.00016
HD 95127 b,HD 95127,482.0,,
HD 216536 b,HD 216536,148.60001,,
HD 210277 b,HD 210277,442.19,2457177.69,0.47
TOI-4529 b,TOI-4529,5.879577,2459701.3329,0.0006
K2-241 b,K2-241,26.8199,2457584.2063,0.0035
HD 141937 b,HD 141937,653.21997,,
HD 212301 b,HD 212301,2.24571,,
TOI-4364 b,TOI-4364,5.424019,2458439.3428,0.002
CoRoT-5 b,CoRoT-5,4.0378962,2454400.19885,0.0002
K2-242 b,K2-242,6.51389,2457586.24,0.0054
HD 218566 b,HD 218566,225.7,2454667.4,7.3
MOA-2016-BLG-319L b,MOA-2016-BLG-319L,,,
HD 99706 c,HD 99706,1278.0,,
HD 15337 b,HD 15337,4.7559804,2458411.4623,0.0008
HD 15337 c,HD 15337,17.180546,2458414.55162,0.0015
TOI-5027 b,TOI-5027,10.24368,2458649.4577,0.001
HD 134060 b,HD 134060,3.2696,,
K2-269 b,K2-269,4.144965,2457141.59855,0.00527
TOI-1836 b,TOI-1836,20.380799,2459646.49351,0.00042
K2-270 c,K2-270,4.400028,2457142.9751,0.00166
HD 116029 c,HD 116029,907.0,,
KOI-3680 b,KOI-3680,141.241671,2455936.65434,0.00018
TOI-2537 b,TOI-2537,94.1022,2458440.329,0.014
TOI-2295 b,TOI-2295,30.033302,2458713.4551,0.0027
HD 20003 c,HD 20003,33.9239,,
HD 20781 b,HD 20781,5.3135,,
TOI-3135 b,TOI-3135,3.7065585,2459595.16441,0.00018
TOI-4794 b,TOI-4794,3.5658116,2458889.6895,0.00071
GJ 3779 b,GJ 3779,3.0232,,
TOI-1117 c,TOI-1117,4.579,,
TOI-1117 d,TOI-1117,8.665,,
HD 21693 b,HD 21693,22.6786,,
HD 21693 c,HD 21693,53.7357,,
K2-123 b,K2-123,30.951524,2457147.49734,0.00438
70 Vir b,70 Vir,116.688,2455656.682,0.047
K2-24 b,K2-24,20.88977,2456905.8855,0.0055
K2-276 b,K2-276,18.718269,2457151.87653,0.0062
HD 108863 b,HD 108863,437.7,,
K2-286 b,K2-286,27.359,2458010.417,0.002
HD 51608 b,HD 51608,14.0726,,
HD 51608 c,HD 51608,95.9446,,
K2-278 b,K2-278,3.334966,2457219.82294,0.01119
HD 159868 b,HD 159868,1184.1,,
HD 1502 b,HD 1502,428.5,,
TOI-5322 b,TOI-5322,5.4233207,2460035.27909,0.0003
TOI-5340 b,TOI-5340,4.9394392,2459712.57912,0.0005
TOI-4961 b,TOI-4961,7.479182,2459884.82079,0.00036
TOI-6695 b,TOI-6695,80.389,2459249.547139,0.00285909
HD 20781 e,HD 20781,85.5073,,
HD 45184 c,HD 45184,13.1354,2455954.0,1.3
PSR J2322-2650 b,PSR J2322-2650,0.322963997,,
WASP-62 b,WASP-62,4.41195,2458851.099338,2.7e-05
HD 163607 c,HD 163607,1272.0,,
HD 175541 b,HD 175541,298.43,2454003.5,7.0
TOI-3486 b,TOI-3486,2.21778105,2459797.24218,0.00018
TOI-5210 b,TOI-5210,4.5661061,2459854.90873,0.00028
TOI-1468 c,TOI-1468,15.532477,2458766.9267,0.0012
TOI-1468 b,TOI-1468,1.8805201,2458765.67755,0.00097
K2-195 b,K2-195,15.852975,2457225.04563,0.00282
HD 185269 b,HD 185269,6.83776,,
HD 181342 b,HD 181342,564.1,,
HD 118203 b,HD 118203,6.1349779,2458731.06419,0.0008
TOI-5882 b,TOI-5882,7.148972,2459768.8621,0.0013
HD 20781 d,HD 20781,29.158,,
K2-279 b,K2-279,7.122605,2457222.13278,0.00782
TOI-6894 b,TOI-6894,3.37077196,2460313.41167,4.2e-05
TOI-2989 b,TOI-2989,3.122832,2459302.2242,0.0002
HD 200964 b,HD 200964,606.3,,
TOI-3593 b,TOI-3593,3.8212867,2460055.72703,0.00016
HD 202696 b,HD 202696,517.8,,
TOI-5300 b,TOI-5300,2.262196,2459470.4174,0.0002
MASCARA-4 b,MASCARA-4,2.8240932,2458909.66419,0.00046
KMT-2016-BLG-1107L b,KMT-2016-BLG-1107L,,,
K2-264 b,K2-264,5.840002,2458102.59177,0.00428
TOI-5386 A b,TOI-5386 A,3.62156552,2459621.28242,0.00014
Kepler-10 d,Kepler-10,151.06,2457165.4,4.7
Kepler-730 b,Kepler-730,6.491682808,2455007.633553,
HD 202696 c,HD 202696,946.6,,
Kepler-730 c,Kepler-730,2.85188338,2454965.1455,
TOI-1117 b,TOI-1117,2.22816,2459386.964,0.004
TOI-2031 A b,TOI-2031 A,5.71548654,2459806.029135,7.6e-05
TOI-3682 b,TOI-3682,3.3462406,2459692.65921,0.00029
HD 73534 b,HD 73534,1750.0,,
HD 88133 b,HD 88133,3.414884,,
TOI-3980 b,TOI-3980,3.6089254,2459528.89504,0.00056
K2-270 b,K2-270,1.543069,2457142.41998,0.00446
OGLE-2011-BLG-0173L b,OGLE-2011-BLG-0173L,,,
HD 96167 b,HD 96167,498.04,,
HD 95089 b,HD 95089,464.4,,
K2-290 b,K2-290,9.21165,2457994.7725,0.0016
K2-290 c,K2-290,48.36685,2458019.17333,0.00029
TOI-2992 b,TOI-2992,3.007812,2459503.55851,0.00037
TOI-4487 A b,TOI-4487 A,3.9540709,2460079.02001,0.00025
HD 5319 c,HD 5319,872.2,,
K2-52 b,K2-52,3.535055,2456896.02618,0.00108
K2-281 b,K2-281,8.687721,2457393.88208,0.00073
K2-283 b,K2-283,1.921036,2457394.90901,0.00121
WASP-104 b,WASP-104,1.7554137,2456406.11126,0.00012
HD 75784 c,HD 75784,7900.0,,
K2-53 b,K2-53,12.20772,2456896.38582,0.00189
HIP 41378 c,HIP 41378,31.70603,2457163.1609,0.0023
TOI-1438 c,TOI-1438,9.428089,2458689.9136,0.0014
GJ 96 b,GJ 96,73.94,,
OGLE-2015-BLG-0954L b,OGLE-2015-BLG-0954L,,,
HD 14787 b,HD 14787,676.6,,
HD 18015 b,HD 18015,2278.0,,
K2-90 b,K2-90,13.733314,2457078.66112,0.0017
L 98-59 b,L 98-59,2.253114,2458366.17056,0.00024
KMT-2016-BLG-1397L b,KMT-2016-BLG-1397L,,,
HD 94834 b,HD 94834,1576.0,,
HD 180053 b,HD 180053,213.72,,
L 98-59 e,L 98-59,12.8278,2458438.48,0.15
L 98-59 f,L 98-59,23.064,2458437.84,0.75
K2-292 b,K2-292,16.9841,2458180.2842,0.0017
HIP 41378 d,HIP 41378,278.3618,2457166.2604,0.0017
K2-388 b,K2-388,6.33932,2457741.79456,0.00088
K2-139 b,K2-139,28.380619,2457325.8175,0.00058
EPIC 206317286 b,EPIC 206317286,1.58252,2457011.3327,0.0024
EPIC 212424622 b,EPIC 212424622,18.0983,2457263.2616,0.009
Kepler-9 c,Kepler-9,38.9853,2454968.84,0.2
TOI-2076 e,TOI-2076,3.0223445,2458740.21306,0.00081
WASP-50 b,WASP-50,1.9551,2458411.09342,5.5e-05
TOI-2076 d,TOI-2076,35.125686,2458938.2931,0.0014
TOI-201 b,TOI-201,52.977946,2459011.79063,0.00012
TOI-201 c,TOI-201,2800.0,2460062.593,0.014
HD 92788 b,HD 92788,325.803,2450581.2,1.7
KOI-1599.02,KOI-1599,13.6088,2454960.32,0.01
TOI-4773 b,TOI-4773,1.7452851,2459673.53995,0.00028
TOI-5261 b,TOI-5261,4.1509768,2459716.931,0.00036
TOI-2719 b,TOI-2719,3.37594,2459882.955,0.0053
HIP 41378 g,HIP 41378,62.06,,
HD 50499 c,HD 50499,8619.9,2452710.0,130.0
EPIC 248847494 b,EPIC 248847494,3650.0,2457967.17,0.01
GJ 15 A c,GJ 15 A,7600.0,,
K2-105 b,K2-105,8.26726,2457147.98867,0.00079
WASP-96 b,WASP-96,3.4252602,2456258.0621,0.0002
K2-121 b,K2-121,5.185738,2457143.5607,0.0001
TIC 257060897 b,TIC 257060897,3.66003639,2459473.94542,0.00013
EPIC 212737443 b,EPIC 212737443,13.603,2457234.97,0.004
KMT-2017-BLG-0165L b,KMT-2017-BLG-0165L,,,
TOI-2322 b,TOI-2322,11.30717,2460160.4469,0.004
TOI-5350 b,TOI-5350,7.581367,2459611.65813,0.00038
TOI-6420 b,TOI-6420,6.961508,2459909.2703,0.0012
Kepler-47 b,Kepler-47,49.4643,2454968.6427,0.0043
LSPM J2116+0234 b,LSPM J2116+0234,14.4399,2457573.6,1.1
TOI-6303 b,TOI-6303,9.485236,2459901.0144,0.00011
NSVS 14256825 b,NSVS 14256825,3225.0,,
Kepler-82 f,Kepler-82,75.732,,
GJ 27.1 b,GJ 27.1,15.819,,
GJ 160.2 b,GJ 160.2,5.2354,,
TOI-7149 b,TOI-7149,2.65206166,2459703.59605,0.00029
Kepler-47 d,Kepler-47,187.366,2455045.428,0.044
TOI-6054.02,TOI-6054,12.563636,2458826.8929,0.0084
Kepler-82 b,Kepler-82,26.44,2455027.12074,0.00108
GJ 682 b,GJ 682,17.478,,
OGLE-2015-BLG-1649L b,OGLE-2015-BLG-1649L,,,
TOI-2141 c,TOI-2141,5.4624,2458979.19,0.58
HD 117207 b,HD 117207,2621.75,2453356.0,21.0
HD 114729 b,HD 114729,1121.79,2451631.0,17.0
HD 126525 b,HD 126525,960.41,,
NY Vir b,NY Vir,3160.0,,
NY Vir c,NY Vir,8799.0,,
TOI-1346 c,TOI-1346,5.502558,2459771.72743,0.00045
TOI-6000 b,TOI-6000,0.448959,2460109.917,0.0012
HD 143361 b,HD 143361,1039.15,,
HD 152079 b,HD 152079,2918.92,,
HD 63433 b,HD 63433,7.1079475,2458845.372818,0.0008229
V1298 Tau b,V1298 Tau,24.1396,2457067.0488,0.0018
V1298 Tau c,V1298 Tau,8.24958,2457064.2797,0.0034
HD 211970 b,HD 211970,25.201,,
HIP 35173 b,HIP 35173,41.516,,
HD 190647 b,HD 190647,1176.45,,
HD 23127 b,HD 23127,1211.17,,
K2-168 b,K2-168,15.8523,2456975.03774,0.0023
HD 4208 b,HD 4208,832.97,2452114.0,10.0
K2-146 b,K2-146,2.6446,2458204.5902,0.0005
HD 8326 b,HD 8326,158.991,,
HIP 54373 b,HIP 54373,7.76,,
HD 48265 b,HD 48265,778.51,,
KMT-2017-BLG-1038L b,KMT-2017-BLG-1038L,,,
HIP 54373 c,HIP 54373,15.144,,
HD 220689 b,HD 220689,2266.4,,
TOI-2093 c,TOI-2093,53.81149,2458751.6122,0.004
TOI-756 c,TOI-756,149.4,2460498.882,0.57
HD 52265 b,HD 52265,119.27,2456393.46,0.73
TOI-6109 c,TOI-6109,8.538878,2458798.0657,0.0011
TOI-2093 b,TOI-2093,12.836,2459320.53,0.43
HD 63433 c,HD 63433,20.5438281,2458844.0589381,0.00064
TOI-178 d,TOI-178,6.557569,2458747.14623,0.00087
TOI-178 e,TOI-178,9.96318,2458751.4658,0.0016
TOI-2449 b,TOI-2449,106.14468,2459153.5934,0.0006
HR 5183 b,HR 5183,27000.0,2458960.0,44.0
HD 85390 b,HD 85390,799.52,,
HD 17156 b,HD 17156,21.2164294,2458809.07037,0.00021
TOI-1685 b,TOI-1685,0.66913923,2458816.2257,0.00071
OGLE-2018-BLG-0596L b,OGLE-2018-BLG-0596L,,,
WASP-110 b,WASP-110,3.7784022,2456502.72415,0.00102
TOI-1422 b,TOI-1422,12.99894,2458745.9405,0.0023
EPIC 201497682 b,EPIC 201497682,2.13174,2456850.0263,0.0028
EPIC 201615463 c,K2-166,3.80464,2457621.2227,0.0051
OGLE-2015-BLG-1670L b,OGLE-2015-BLG-1670L,,,
HD 152843 b,HD 152843,11.62071,2458994.2853,0.0028
K2-293 b,K2-293,13.1225,2457749.1347,0.0035
EPIC 201833600 c,K2-50,3.96151,2456852.6552,0.0025
EPIC 206024342 b,EPIC 206024342,4.50756,2456899.1324,0.0026
TOI-178 b,TOI-178,1.9145601,2458931.1793,0.0012
TOI-178 c,TOI-178,3.238486,2458356.107512,0.00218215
TOI-270 d,TOI-270,11.38194,2458469.33823,0.00032
TOI-756 b,TOI-756,1.2392495,2458570.65234,0.00035
OGLE-2018-BLG-1011L c,OGLE-2018-BLG-1011L,,,
KMT-2016-BLG-0212L b,KMT-2016-BLG-0212L,,,
K2-294 b,K2-294,2.50387,2457740.0093,0.0044
KOI-1599.01,KOI-1599,20.4415,2454952.73,0.02
Kepler-1980 b,Kepler-1980,33.0257179,2454994.01,0.0123
GJ 433 c,GJ 433,5094.105,,
KOI-142 c,KOI-142,22.26492,,
Kepler-1126 c,Kepler-1126,199.66876,2454964.609,0.0171
EPIC 249893012 b,EPIC 249893012,3.5951,2457994.396,0.005
EPIC 249893012 c,EPIC 249893012,15.624,2457998.841,0.002
OGLE-2018-BLG-0677L b,OGLE-2018-BLG-0677L,,,
KOI-142 b,KOI-142,10.91647,2454966.009227,0.000349
Kepler-1987 b,Kepler-1987,2.345863002,2455187.11185,0.00264
Kepler-1989 b,Kepler-1989,10.161023528,2455005.000736,0.000741
EPIC 249893012 d,EPIC 249893012,35.747,2458008.652,0.003
OGLE-2018-BLG-1700L b,OGLE-2018-BLG-1700L,,,
OGLE-2015-BLG-1771L b,OGLE-2015-BLG-1771L,,,
Kepler-416 d,Kepler-416,3.07644709,2455186.7643,0.00224
Kepler-975 c,Kepler-975,5.05821338,2454968.702454,0.000787
Kepler-1996 b,Kepler-1996,32.376183,2454983.41557,0.00311
Kepler-1052 c,Kepler-1052,180.921729,2455067.3344,0.0133
TOI-5736 b,TOI-5736,0.64899,2458738.89683,0.00155
TOI-5489 c,TOI-5489,4.92126,2458496.32542,0.00215
OGLE-2012-BLG-0838L b,OGLE-2012-BLG-0838L,,,
Kepler-1491 c,Kepler-1491,61.569765,2455015.0201,0.0248
Kepler-160 b,Kepler-160,4.309397,2454967.032,0.0028
Kepler-290 d,Kepler-290,0.764017553,2454965.2214,0.00448
Kepler-549 d,Kepler-549,24.61480613,2455024.741225,0.000999
GJ 1061 d,GJ 1061,13.031,,
TOI-4940 b,TOI-4940,25.867811,2459265.3032,0.0014
Kepler-864 c,Kepler-864,2.42150341,2454966.83517,0.005
Kepler-1976 b,Kepler-1976,4.959319244,2455005.2585292,8.27e-05
Kepler-2000 c,Kepler-2000,20.6180348,2454978.51232,0.00464
TOI-521 b,TOI-521,1.54285047,2458492.7153,0.0005
TOI-1648 b,TOI-1648,7.331602,2459925.3431,0.0008
OGLE-2016-BLG-1227L b,OGLE-2016-BLG-1227L,,,
Kepler-1992 b,Kepler-1992,15.6112238,2454977.8735,0.00729
WASP-20 b,WASP-20,4.89964477,2455715.66591,0.00034
PDS 70 c,PDS 70,,,
TOI-333 b,TOI-333,3.7852503,2458355.5759,0.0024
WASP-120 b,WASP-120,3.61126721,2456779.4347,0.0005
WASP-94 B b,WASP-94 B,2.00839,,
TOI-2076 b,TOI-2076,10.355235,2458743.7219,0.0019
TOI-4507 b,TOI-4507,104.61611,2458413.8515,0.0008
Kepler-1990 c,Kepler-1990,4.06844957,2454965.27614,0.00255
HD 220197 b,HD 220197,1728.0,,
HD 233832 b,HD 233832,2058.0,,
Kepler-763 d,Kepler-763,6.50327035,2454968.26657,0.00357
Kepler-1814 c,Kepler-1814,0.626281766,2454964.90594,0.00151
PSR B0329+54 b,PSR B0329+54,10140.0,,
TOI-7166 b,TOI-7166,12.92063621,2460847.7427718,1.01e-05
TOI-5349 b,TOI-5349,3.317921,2459521.8184,0.0005
Kepler-1649 b,Kepler-1649,8.689099,2455374.6219,0.0016
Kepler-1649 c,Kepler-1649,19.53527,2455410.9777,0.0033
Kepler-1991 c,Kepler-1991,22.79020351,2454971.68515,0.00257
Kepler-1982 b,Kepler-1982,3.82315697,2454966.06936,0.00971
Kepler-29 c,Kepler-29,13.28613,2455005.11932,0.00165
Kepler-297 d,Kepler-297,150.0189511,2455057.685714,0.000916
Kepler-1859 c,Kepler-1859,3.59645081,2454965.77209,0.00761
USco1556 b,USco1556 A,,,
Kepler-177 b,Kepler-177,36.8601,2454971.90683,0.00364
Kepler-1996 c,Kepler-1996,92.7297248,2455010.43808,0.00347
Kepler-1988 b,Kepler-1988,11.49500229,2454974.27511,0.00635
KOI-1783.02,KOI-1783,284.215,2455033.83937,0.00267
Kepler-2001 c,Kepler-2001,14.092583189,2454974.1447066,
Kepler-1471 c,Kepler-1471,11.6044881,2454972.05603,0.00673
DMPP-3 A b,DMPP-3 A,6.6732,,
Kepler-164 e,Kepler-164,94.886902,2455047.82879,0.00659
Kepler-1921 c,Kepler-1921,3.15722086,2454964.69915,0.0048
GJ 180 b,GJ 180,17.133,,
HD 164922 c,HD 164922,75.74,2455221.1,2.3
Kepler-1998 b,Kepler-1998,3.03267135,2454967.0668,0.00381
WASP-108 b,WASP-108,2.67555212374,2456413.7949,0.00018
TOI-7510 c,TOI-7510,22.5687423,2458664.157045,
KELT-20 b,KELT-20,3.4741085,2457503.120049,0.00019
TOI-6448 b,TOI-6448,14.844261,2459214.6136,0.0024
WASP-8 b,WASP-8,8.15872,2458301.80945,0.0001
OGLE-2018-BLG-1428L b,OGLE-2018-BLG-1428L,,,
OGLE-2017-BLG-1049L b,OGLE-2017-BLG-1049L,,,
KMT-2019-BLG-0842L b,KMT-2019-BLG-0842L,,,
Kepler-1684 b,Kepler-1684,47.7055,2454979.3112,0.00672
Kepler-1679 b,Kepler-1679,9.75376,2454967.06259,0.00306
KMT-2016-BLG-2397L b,KMT-2016-BLG-2397L,,,
HD 107148 c,HD 107148,18.3267,2455203.4,1.4
Kepler-1687 b,Kepler-1687,5.77954,2454969.53039,0.00346
Kepler-1688 b,Kepler-1688,5.62012,2454965.95556,0.00329
Kepler-462 b,Kepler-462,84.6866,2454983.57283,0.00161245
OGLE-2017-BLG-0604L b,OGLE-2017-BLG-0604L,,,
MOA-2009-BLG-319L b,MOA-2009-BLG-319L,,,
HD 136925 b,HD 136925,4540.0,2449690.0,280.0
HD 156668 c,HD 156668,811.3,2455890.0,25.0
Kepler-462 c,Kepler-462,207.62,2455122.88311,0.00204
HD 164922 e,HD 164922,41.763,2455256.6,1.2
EPIC 201757695.02,EPIC 201757695,2.0478,2456811.637,0.0008
KMT-2023-BLG-0548L b,KMT-2023-BLG-0548L,,,
KMT-2024-BLG-2059L b,KMT-2024-BLG-2059L,,,
Kepler-1664 b,Kepler-1664,14.3868,2455003.455049,0.000885
Kepler-1001 c,Kepler-1001,9.18186,2454965.41148,0.00524
HD 3765 b,HD 3765,1211.0,2455607.0,52.0
Kepler-1701 b,Kepler-1701,169.134,2455034.814934,0.004164
Kepler-1702 b,Kepler-1702,18.5012,2454982.17569,0.00601
MOA-2013-BLG-220L b,MOA-2013-BLG-220L,,,
HD 4760 b,HD 4760,434.0,,
Kepler-1665 b,Kepler-1665,11.9548,2455011.721417,0.000601
Kepler-1698 b,Kepler-1698,1.2107,2454965.39322,0.00105
TYC 0434-04538-1 b,TYC 0434-04538-1,193.2,,
Kepler-1700 b,Kepler-1700,234.239,2455043.80985,0.00947
Kepler-1697 b,Kepler-1697,33.4969,2454996.75223,0.00691
Gl 686 b,Gl 686,15.53,2450606.8,1.8
HD 180617 b,HD 180617,105.911,,
HD 13808 b,HD 13808,14.1815,,
HD 13808 c,HD 13808,53.753,,
HATS-37 A b,HATS-37 A,4.3315366,2458006.80145,0.0005
GJ 480 b,GJ 480,9.567,,
HD 216520 c,HD 216520,154.43,,
HIP 107772 b,HIP 107772,55.199,,
HD 238090 b,HD 238090,13.671,,
Kepler-1667 b,Kepler-1667,83.5781,2455035.455385,0.001551
2MASS J01033563-5515561 AB b,2MASS J01033563-5515561 A,,,
GJ 414 A c,GJ 414 A,749.83,2457228.0,18.0
GJ 414 A b,GJ 414 A,50.8,2455179.9,2.1
Kepler-1669 b,Kepler-1669,9.51216,2455018.47908,0.00249
Kepler-1663 b,Kepler-1663,17.6046,2455003.49926,0.00106
Kepler-1675 b,Kepler-1675,63.0382,2455002.11965,0.00279
Kepler-1676 b,Kepler-1676,29.9221,2454979.00894,0.00178
K2-340 b,K2-340,29.740451,2457143.815863,0.002975
EPIC 206024342 d,EPIC 206024342,14.647531,2456985.47506,0.0038
EPIC 206024342 c,EPIC 206024342,0.911724,2457016.52991,0.0027
KOI-3503 b,KOI-3503,21.185,2454981.8096,0.0155
KOI-1831 d,Kepler-324,34.169,2454981.80509,0.00037
K2-345 b,K2-345,10.367437,2457141.710348,0.001423
EPIC 206042996 c,EPIC 206042996,0.354884,2457007.06827,0.002
KOI-1833 d,Kepler-968,7.685,2454966.359702,0.000719
KOI-3503 c,KOI-3503,31.828,2454977.5289,0.0177
HIP 75092 b,HIP 75092,926.4,,
KMT-2018-BLG-1976L b,KMT-2018-BLG-1976L,,,
OGLE-2019-BLG-0954L b,OGLE-2019-BLG-0954L,,,
K2-347 b,K2-347,7.187257,2457140.699277,0.001927
HD 39194 d,HD 39194,33.91,,
KMT-2018-BLG-1025L b,KMT-2018-BLG-1025L,,,
K2-350 c,K2-350,19.991944,2457228.164968,0.002851
K2-349 b,K2-349,9.032178,2457219.127431,0.003865
K2-351 b,K2-351,7.806164,2457223.495191,0.002614
HD 93385 c,HD 93385,13.18,,
HD 93385 b,HD 93385,7.3426,,
K2-280 b,K2-280,19.89526,2457307.58114,0.00056
K2-185 b,K2-185,10.616384,2457144.727092,0.005898
K2-185 c,K2-185,52.713494,2457159.157391,0.002498
HD 203030 b,HD 203030,,,
HD 96700 d,HD 96700,103.5,,
HD 96700 b,HD 96700,8.1245,,
K2-331 c,K2-331,22.996591,2458113.304754,0.00233
OGLE-2018-BLG-1185L b,OGLE-2018-BLG-1185L,,,
HD 27969 b,HD 27969,654.5,,
K2-342 b,K2-342,11.561052,2458099.10726,0.00239
HD 115954 b,HD 115954,3700.0,,
HD 211403 b,HD 211403,223.8,,
HD 109286 b,HD 109286,520.1,,
CD Cet b,CD Cet,2.2907,,
GJ 9689 b,GJ 9689,18.27,,
G 264-012 b,G 264-012,2.30538,,
K2-352 d,K2-352,14.871387,2458103.622842,0.002276
K2-187 c,K2-187,2.871512,2457144.63842,0.0027
K2-268 f,K2-268,26.27057,2457142.191739,0.003964
K2-282 b,K2-282,4.169783,2457457.54493,0.0025
K2-156 b,K2-156,0.813143,2457641.67248,0.0014
CFHTWIR-Oph 98 b,CFHTWIR-Oph 98 A,8040000.0,,
EPIC 212297394 b,EPIC 212297394,2.289363,2457217.96319,0.004892
K2-187 b,K2-187,0.77401,2457184.43637,0.0016
K2-210 b,K2-210,0.57023,2457465.80382,0.0023
Kepler-129 d,Kepler-129,2646.0,,
EPIC 212587672 b,EPIC 212587672,15.28078,2457227.644991,0.004543
K2-223 c,K2-223,4.562546,2457628.61208,0.0029
K2-223 b,K2-223,0.50557,2457637.66396,0.0023
NGTS-15 b,NGTS-15,3.27623,2458405.0558,0.0007
EPIC 212624936 c,EPIC 212624936,11.811437,2457233.78707,0.0029
K2-137 b,K2-137,0.179719,2457639.27571,0.00077
K2-354 b,K2-354,3.793306,2457140.22597,0.004008
EPIC 206215704 b,EPIC 206215704,2.255436,2457010.0072,0.0018
K2-332 b,K2-332,17.70632,2457156.420746,0.00216
BD+63 1405 b,BD+63 1405,1198.48,,
HD 155193 b,HD 155193,352.65,,
Kepler-1788 b,Kepler-1788,2.800120115,2454965.046786,0.000966
Kepler-1861 b,Kepler-1861,40.0306015,2454981.8491,0.00665
K2-273 b,K2-273,11.7195663,2457149.0961619,0.000953
K2-272 b,K2-272,14.4536756,2457144.8541321,0.0014315
Kepler-1712 b,Kepler-1712,13.81499958,2455014.12552,0.00112
Kepler-1789 b,Kepler-1789,80.23190308,2454995.3902,0.004
Kepler-1790 b,Kepler-1790,31.58889961,2454988.61617,0.00301
Kepler-1862 b,Kepler-1862,16.05730057,2454965.3936,0.005
Kepler-1865 b,Kepler-1865,2.524009943,2454966.85946,0.00221
K2-122 b,K2-122,2.2193023,2457141.8300469,0.000642
K2-274 b,K2-274,14.1330314,2457145.1112611,0.0013858
Kepler-1767 b,Kepler-1767,59.65829849,2455001.08764,0.00603
Kepler-1765 b,Kepler-1765,10.41889954,2454970.748051,0.00167
Kepler-1766 b,Kepler-1766,105.0149994,2455061.94455,0.0037
Kepler-1792 b,Kepler-1792,4.1957798,2454968.17539,0.00171
Kepler-1090 c,Kepler-1090,42.42720032,2454989.1893,0.0048
Kepler-1311 d,Kepler-1311,197.5110016,2455105.385979,0.001083
Kepler-1761 b,Kepler-1761,4.043540001,2454964.62968,0.00263
Kepler-1777 b,Kepler-1777,12.18420029,2454972.05896,0.0021
Kepler-1794 b,Kepler-1794,9.762980461,2454972.15742,0.00355
Kepler-1868 b,Kepler-1868,211.0339966,2455112.12891,0.0021
Kepler-1872 b,Kepler-1872,3.825910091,2454965.19852,0.00248
HD 22496 b,HD 22496,5.09071,2458602.56,0.05
Kepler-1775 b,Kepler-1775,85.65399933,2454988.12743,0.00319
Kepler-1772 b,Kepler-1772,3.215090036,2454966.77742,0.00193
Kepler-1796 b,Kepler-1796,29.4557991,2454987.17062,0.00291
Kepler-1797 b,Kepler-1797,23.3593998,2454977.01826,0.00451
Kepler-1714 b,Kepler-1714,10.27530003,2455010.272976,0.000984
Kepler-1874 b,Kepler-1874,56.57320023,2454979.57984,0.00482
OGLE-2018-BLG-0962L b,OGLE-2018-BLG-0962L,,,
Kepler-1774 b,Kepler-1774,59.77080154,2454981.96963,0.00287
Kepler-799 c,Kepler-799,15.19419956,2454975.73422,0.00458
Kepler-1822 b,Kepler-1822,22.13339996,2454985.1837,0.00385
Kepler-1875 b,Kepler-1875,34.45859909,2454980.82941,0.00494
HD 137496 b,HD 137496,1.62116,2458039.1317,0.0028
Kepler-1824 b,Kepler-1824,95.61100006,2454971.35664,0.00644
Kepler-1825 b,Kepler-1825,1.025869966,2454964.65551,0.00074
Kepler-1826 b,Kepler-1826,1.615360022,2454965.7846,0.00121
Kepler-1130 c,Kepler-1130,3.266639948,2454969.08707,0.00253
KMT-2016-BLG-2605L b,KMT-2016-BLG-2605L,,,
HD 137496 c,HD 137496,479.9,2458629.21,0.41
Kepler-1782 b,Kepler-1782,5.756229877,2454966.903696,0.000792
Kepler-1768 b,Kepler-1768,15.13589954,2454979.58265,0.00287
Kepler-1830 b,Kepler-1830,56.49330139,2454976.99238,0.00431
Kepler-1881 b,Kepler-1881,159.3939972,2455059.9313,0.0109
Kepler-1882 b,Kepler-1882,13.78730011,2454977.7763,0.0051
Kepler-1733 b,Kepler-1733,9.229579926,2454971.43961,0.00422
Kepler-1779 b,Kepler-1779,16.34359932,2454978.03975,0.00294
Kepler-1776 b,Kepler-1776,35.01190186,2454983.37014,0.00198
Kepler-1832 b,Kepler-1832,3.138789892,2454966.65538,0.00337
Kepler-1883 b,Kepler-1883,103.427002,2455053.22869,0.00761
Kepler-1884 b,Kepler-1884,8.988320351,2454971.83733,0.00717
Kepler-1737 b,Kepler-1737,64.61750031,2454999.14426,0.00231
Kepler-1739 b,Kepler-1739,7.343709946,2454970.30053,0.0012
Kepler-1771 b,Kepler-1771,88.64399719,2454978.47193,0.00288
Kepler-1799 b,Kepler-1799,11.9296999,2454969.66919,0.00464
Kepler-1838 b,Kepler-1838,12.14680004,2454964.54769,0.00555
TCP J05074264+2447555 b,TCP J05074264+2447555,,,
Kepler-418 c,Kepler-418,12.21829987,2454973.321095,0.000745
Kepler-1750 b,Kepler-1750,205.9120026,2455085.74129,0.00324
Kepler-1801 b,Kepler-1801,10.44089985,2454970.96913,0.00234
Kepler-1804 b,Kepler-1804,12.28849983,2454974.61781,0.00414
Kepler-1840 b,Kepler-1840,131.1900024,2455005.3923,0.00729
Kepler-1715 b,Kepler-1715,35.59730148,2455020.525782,0.00099
HD 25723 b,HD 25723,457.01,,
17 Sco b,17 Sco,578.38,,
Kepler-1748 b,Kepler-1748,5.823520184,2455187.99602,0.0016
Kepler-1747 b,Kepler-1747,6.230319977,2455014.29614,0.00132
Kepler-1805 b,Kepler-1805,8.847940445,2454973.15155,0.00242
Kepler-1742 b,Kepler-1742,49.47819901,2454974.82447,0.00309
Kepler-1741 b,Kepler-1741,2.757590055,2454966.049,0.00204
Kepler-1809 b,Kepler-1809,3.7572999,2454966.96037,0.00141
Kepler-1810 b,Kepler-1810,101.1330032,2455043.18316,0.00443
Kepler-1846 b,Kepler-1846,14.82009983,2454966.39933,0.00538
Kepler-1847 b,Kepler-1847,11.12969971,2454971.57393,0.00516
K2-101 b,K2-101,14.6762429,2457152.6849877,0.0011205
K2-95 b,K2-95,10.1346454,2457140.7422121,0.00076
Kepler-1745 b,Kepler-1745,3.016190052,2454966.88395,0.00266
Kepler-1813 b,Kepler-1813,2.818160057,2454965.25131,0.00208
Kepler-1814 b,Kepler-1814,2.935359955,2454969.18492,0.00139
Kepler-1848 b,Kepler-1848,5.604020119,2454966.82508,0.00175
K2-355 b,K2-355,5.7385647,2458252.1918298,0.0049327
EPIC 211822797 b,EPIC 211822797,21.1701963,2457144.4052567,0.0022025
Kepler-1754 b,Kepler-1754,8.195949554,2454969.68736,0.00427
Kepler-1753 b,Kepler-1753,16.00460052,2454973.48284,0.00293
Kepler-1815 b,Kepler-1815,12.19139957,2454969.3357,0.0031
Kepler-1787 b,Kepler-1787,39.31370163,2454987.93919,0.00313
Kepler-1853 b,Kepler-1853,48.88819885,2454986.8116,0.0077
Kepler-1854 b,Kepler-1854,39.83110046,2454988.6409,0.00474
K2-357 b,K2-357,16.3488637,2458255.1162073,0.0017974
K2-356 b,K2-356,21.0267366,2458256.0408399,0.0045164
Kepler-1755 b,Kepler-1755,24.81209946,2454989.506971,0.000615
Kepler-1757 b,Kepler-1757,19.65640068,2454973.29778,0.0025
Kepler-1817 b,Kepler-1817,44.29919815,2454974.27883,0.00447
Kepler-1818 b,Kepler-1818,4.644909859,2454969.02655,0.00491
Kepler-1857 b,Kepler-1857,8.94340992,2454970.29881,0.00398
K2-184 b,K2-184,16.9780102,2457148.5253369,0.0009324
K2-358 b,K2-358,11.2510285,2458259.0094216,0.0031628
Kepler-1963 b,Kepler-1963,1.962260008,2454964.53585,0.00404
Kepler-1911 b,Kepler-1911,5.990799904,2454967.54125,0.0032
Kepler-1893 b,Kepler-1893,4.179369926,2454966.8469,0.0044
Kepler-1964 b,Kepler-1964,2.440829992,2454966.84132,0.00201
KOI-4777.01,KOI-4777,0.412,2454965.219,0.002
HD 360 b,HD 360,273.1,,
Kepler-1897 b,Kepler-1897,24.22030067,2454979.42365,0.00617
Kepler-1898 b,Kepler-1898,4.765620232,2454966.5038,0.0034
Kepler-1967 b,Kepler-1967,7.281690121,2454970.30085,0.00321
HD 79181 b,HD 79181,273.1,,
HD 10975 b,HD 10975,283.8,,
HD 99283 b,HD 99283,310.4,,
Kepler-1913 b,Kepler-1913,14.1960001,2454970.01409,0.00541
ups Leo b,ups Leo,385.2,,
Kepler-1906 b,Kepler-1906,7.362689972,2454969.86143,0.00214
Kepler-1907 b,Kepler-1907,5.652450085,2454969.9767,0.004
Kepler-1916 b,Kepler-1916,31.25429916,2454988.047,0.0102
gam Psc b,gam Psc,555.1,,
HIP 34222 b,HIP 34222,159.986,,
Kepler-1910 b,Kepler-1910,5.688769817,2454964.6645,0.0047
Kepler-1717 b,Kepler-1717,30.65279961,2454968.04193,0.00423
Kepler-1919 b,Kepler-1919,37.88660049,2454966.01954,0.00937
Kepler-1918 b,Kepler-1918,47.0564003,2455006.96312,0.00559
Kepler-1920 b,Kepler-1920,30.2541008,2454969.63774,0.00253
HIP 86221 b,HIP 86221,2.224,,
K2-387 b,K2-387,28.735327,2457401.9787,0.0011
KMT-2021-BLG-0912L b,KMT-2021-BLG-0912L,,,
Kepler-589 c,Kepler-589,3.52466011,2454964.64011,0.00522
Kepler-1922 b,Kepler-1922,13.22259998,2454977.29126,0.00967
K2-373 b,K2-373,11.02066,2457150.2894,0.0042
Kepler-1936 b,Kepler-1936,126.5569992,2454978.69361,0.00845
Kepler-1937 b,Kepler-1937,9.688599586,2454964.8335,0.0451
Kepler-1927 b,Kepler-1927,73.75039673,2455021.51889,0.0053
K2-382 b,K2-382,21.700156,2457314.3647,0.0045
Kepler-1938 b,Kepler-1938,13.06260014,2454977.18426,0.00413
Kepler-1939 b,Kepler-1939,2.790659904,2454966.15339,0.00102
Kepler-1940 b,Kepler-1940,4.950610161,2454965.80914,0.00334
Kepler-1722 b,Kepler-1722,9.178569794,2455006.08806,0.00118
K2-381 b,K2-381,7.9389334,2457304.844,0.0033
Kepler-1942 b,Kepler-1942,4.626049995,2454967.6816,0.00155
Kepler-1944 b,Kepler-1944,9.842579842,2454967.02155,0.0031
Kepler-1930 b,Kepler-1930,13.02680016,2454972.14777,0.00254
Kepler-1266 c,Kepler-1266,4.86631012,2455186.33846,0.00368
Kepler-1945 b,Kepler-1945,6.080039978,2454969.88262,0.00228
Kepler-529 d,Kepler-529,35.86619949,2454968.9464,0.007
YZ Cet b,YZ Cet,2.02087,,
YZ Cet c,YZ Cet,3.05989,,
Kepler-913 c,Kepler-913,5.939119816,2455186.75403,0.00349
Kepler-1719 b,Kepler-1719,6.149559975,2455002.55182,0.00147
Kepler-1926 b,Kepler-1926,42.87770081,2454989.06967,0.00511
Kepler-1718 b,Kepler-1718,135.1880035,2455023.93292,0.002
Kepler-1972 c,Kepler-1972,11.3295,2454952.8,0.014
Kepler-501 c,Kepler-501,3.622760057,2454965.99267,0.00351
Kepler-1312 c,Kepler-1312,1.116119981,2454964.8456,0.0014
Kepler-1950 b,Kepler-1950,10.77690029,2454973.2902,0.00979
Kepler-1951 b,Kepler-1951,20.65780067,2454978.6348,0.0132
Kepler-607 c,Kepler-607,39.67679977,2455011.5556,0.0049
Kepler-1721 b,Kepler-1721,4.592380047,2455005.004723,0.000523
Kepler-1869 b,Kepler-1869,8.167360306,2454969.20311,0.00153
Kepler-1315 c,Kepler-1315,6.566060066,2454967.4948,0.00204
Kepler-1728 b,Kepler-1728,4.782999992,2455003.508352,0.000911
Kepler-1705 c,Kepler-1705,11.28,2455207.396,0.02
Kepler-1322 c,Kepler-1322,6.459980011,2454968.9646,0.00391
Kepler-1693 c,Kepler-1693,5.363709927,2454967.6491,0.0053
Kepler-1956 b,Kepler-1956,5.943719864,2454968.25897,0.00432
Kepler-1957 b,Kepler-1957,2.186619997,2454964.94832,0.00363
Kepler-1711 b,Kepler-1711,21.06080055,2454976.59983,0.00227
Kepler-1888 b,Kepler-1888,11.39169979,2454974.55859,0.00513
Kepler-1959 b,Kepler-1959,6.38669014,2454964.52724,0.00256
OGLE-2018-BLG-0532L b,OGLE-2018-BLG-0532L,,,
b Cen AB b,b Cen A,1790000.0,,
Kepler-1890 b,Kepler-1890,4.820590019,2454968.78516,0.0053
Kepler-1892 b,Kepler-1892,6.331230164,2454970.14149,0.00482
K2-317 b,K2-317,6.22,2457994.132,
K2-396 b,K2-396,0.673862,2457820.9636,0.0016
K2-397 b,K2-397,3.572326,2457823.5751,0.002
K2-319 b,K2-319,26.68,2457915.592,
HD 174205 b,HD 174205,582.0,,
K2-400 b,K2-400,3.865053,2457908.6234,0.0025
K2-322 b,K2-322,8.205,2457914.022,
HD 106252 b,HD 106252,1535.0,,
KELT-14 b,KELT-14,1.7100566,2456665.22401,0.00021
K2-402 b,K2-402,17.27474,2457920.4286,0.0036
K2-324 b,K2-324,3.262,2457909.146,
HD 171238 b,HD 171238,1515.0,,
HD 81040 b,HD 81040,1002.7,,
Kepler-167 e,Kepler-167,1071.23205,2455253.28756,0.00039
K2-404 b,K2-404,13.115365,2457917.8369,0.001
K2-326 b,K2-326,1.256,2457739.045,
HD 181433 d,HD 181433,2172.0,,
K2-407 b,K2-407,4.941907,2457993.5101,0.0075
K2-407 c,K2-407,9.22453,2457997.6545,0.004
HD 29021 b,HD 29021,1365.0,,
K2-408 b,K2-408,20.978959,2457991.5363,0.0039
Ross 508 b,Ross 508,10.77,,
HD 83443 b,HD 83443,2.985628,2452307.369,0.031
K2-374 c,K2-374,16.43445,2458109.2376,0.0065
K2-374 b,K2-374,4.521953,2458099.6869,0.004
HD 83443 c,HD 83443,8241.0,,
KMT-2021-BLG-0171L b,KMT-2021-BLG-0171L,,,
K2-384 b,K2-384,2.231527,2457393.7157,0.0045
iot Dra c,iot Dra,25000.0,,
iot Dra b,iot Dra,510.8544,,
KMT-2021-BLG-1689L b,KMT-2021-BLG-1689L,,,
K2-365 b,K2-365,23.448172,2456898.8326,0.0019
K2-379 b,K2-379,8.777247,2457303.9091,0.0039
EPIC 206317286 c,EPIC 206317286,17.515472,2456977.8215,0.0071
AB Aur b,AB Aur,,,
K2-384 c,K2-384,4.194766,2457394.4158,0.0023
K2-372 b,K2-372,9.844077,2457146.3287,0.0019
GJ 9066 c,GJ 9066,771.36,,
K2-384 e,K2-384,9.715043,2457398.9666,0.0026
K2-378 b,K2-378,2.060438,2457217.8493,0.0018
2MASS J19383260+4603591 b,2MASS J19383260+4603591,406.0,,
Kepler-451 d,2MASS J19383260+4603591,43.0,,
OGLE-2014-BLG-0676L b,OGLE-2014-BLG-0676L,,,
K2-393 b,K2-393,10.413181,2457739.3926,0.0037
TOI-5799 c,TOI-5799,14.010449,2460383.0352,0.0012
HD 103891 b,HD 103891,1919.0,,
KOI-984 c,KOI-984,21.512,,
K2-389 c,K2-389,20.851337,2457747.1012,0.005
HD 7924 d,HD 7924,24.451,2455188.3,0.93
K2-392 b,K2-392,15.398723,2457739.6737,0.0037
HD 33142 b,HD 33142,330.0,,
HD 33142 c,HD 33142,810.2,,
K2-395 b,K2-395,4.803352,2457825.0089,0.0042
K2-395 c,K2-395,8.491282,2457823.5786,0.0016
HIP 8541 b,HIP 8541,1852.14387,,
HD 142 A d,HD 142,108.45299,,
HD 144899 b,HD 144899,40.43914,,
GJ 2030 c,GJ 2030,25533.11353,,
HD 125612 c,HD 125612,4.15466,,
HD 219828 c,HD 219828,4789.87297,,
HD 214823 b,HD 214823,1854.84424,,
GJ 676 A c,GJ 676 A,13921.42302,,
HD 149806 b,HD 149806,16521.52778,,
GJ 9714 b,GJ 9714,19240.75467,,
HD 142 b,HD 142,351.43394,,
HD 139357 b,HD 139357,1124.79139,,
HD 224538 b,HD 224538,1202.05199,,
HD 153557 d,HD 153557,40654.64809,,
HD 115404 A b,HD 115404 A,10.49488,,
HIP 67537 b,HIP 67537,2523.64713,,
HD 30177 c,HD 30177,12085.45186,,
HD 156098 b,HD 156098,21.85849,,
HD 12235 c,HD 12235,36336.70679,,
HD 203387 b,HD 203387,512.5352,,
HD 169830 c,HD 169830,1818.82339,2455139.0,20.0
HD 169830 b,HD 169830,225.67372,2455515.75,0.84
HD 156098 c,HD 156098,7841.5839,,
HIP 35965 b,HIP 35965,26125.56497,,
HD 203387 c,HD 203387,2481.07227,,
bet Pic c,bet Pic,1192.77951,,
HD 25015 b,HD 25015,6134.427,,
GJ 229 b,GJ 229,579.47495,,
HD 18143 c,HD 18143,28982.41764,,
HD 217786 b,HD 217786,1301.36009,,
HD 204313 c,HD 204313,34.95875,,
HD 125390 b,HD 125390,1757.39151,,
HD 81817 b,HD 81817,1021.20159,,
HD 190228 b,HD 190228,1143.59858,,
HD 23596 b,HD 23596,1535.11912,,
HIP 90988 b,HIP 90988,455.73816,,
HD 145675 c,14 Her,15732.45889,2454680.0,440.0
HD 204313 e,HD 204313,7325.64666,,
HD 30177 b,HD 30177,2514.53422,,
HD 217958 b,HD 217958,2560.19774,,
HD 213519 b,HD 213519,11.12214,,
HD 43197 b,HD 43197,308.92072,,
HD 4113 b,HD 4113,526.5239,,
HD 95544 b,HD 95544,2041.54152,,
HD 25912 c,HD 25912,26308.65619,,
HD 105618 c,HD 105618,77114.07158,,
HD 28192 b,HD 28192,14.23283,,
HD 43197 c,HD 43197,9295.9735,,
HD 74156 c,HD 74156,2448.48726,2457109.7,9.0
HD 74156 b,HD 74156,51.63564,2455231.464,0.047
HD 7449 b,HD 7449,1270.55195,,
HD 110537 b,HD 110537,24469.67342,,
HD 56957 b,HD 56957,5859.08992,,
HD 86264 b,HD 86264,1488.79123,,
HD 111232 c,HD 111232,26472.44623,,
HD 62549 b,HD 62549,14306.88519,,
HD 142 c,HD 142,10159.64279,,
HD 11343 c,HIP 8541,228.53731,,
HD 73267 c,HD 73267,17071.78045,,
14 Her b,14 Her,1765.0389,2456834.4,1.7
HD 219077 b,HD 219077,5478.68861,,
HD 113337 b,HD 113337,317.58639,,
HD 125271 b,HD 125271,14901.99295,,
HD 127506 b,HD 127506,65.78395,,
HD 81817 c,HD 81817,622.97802,,
bet Pic b,bet Pic,8617.50952,,
HD 145934 b,HD 145934,2751.53433,2455976.0,57.0
HIP 97233 b,HIP 97233,1062.26506,,
HD 215497 b,HD 215497,3.93404,,
HD 93351 b,HD 93351,2.45946,,
HD 88072 b,HD 88072,18538.79293,,
HD 93351 c,HD 93351,14010.2941,,
HD 10697 b,HD 10697,1075.3799,2452506.8,2.9
KMT-2021-BLG-2294L b,KMT-2021-BLG-2294L,,,
MOA-2007-BLG-400L b,MOA-2007-BLG-400L,,,
KMT-2021-BLG-1077L b,KMT-2021-BLG-1077L,,,
HD 10180 e,HD 10180,49.748,,
Wolf 1069 b,Wolf 1069,15.564,,
OGLE-2017-BLG-1691L b,OGLE-2017-BLG-1691L,,,
KMT-2021-BLG-0320L b,KMT-2021-BLG-0320L,,,
Kepler-138 b,Kepler-138,10.3134,2454956.236,0.003
MOA-2020-BLG-135L b,MOA-2020-BLG-135L,,,
TrES-2 b,TrES-2,2.47063,2454955.76336,3e-06
TOI-6223 b,TOI-6223,3.855219,2459856.48875,0.00077
WASP-47 d,WASP-47,9.030501,2457024.430107,3e-07
Kepler-138 d,Kepler-138,23.0923,2454957.816,0.0009
Kepler-138 c,Kepler-138,13.7815,2454955.7288,0.0006
OGLE-2006-BLG-284L A b,OGLE-2006-BLG-284L A,,,
KMT-2018-BLG-2602L b,KMT-2018-BLG-2602L,,,
K2-413 c,K2-413,5.3301,2457739.1673,0.0023
K2-414 c,K2-414,6.669,2457740.2563,0.001
OGLE-2018-BLG-1119L b,OGLE-2018-BLG-1119L,,,
WASP-65 b,WASP-65,2.3114243,2456110.68772,0.00015
HAT-P-21 b,HAT-P-21,4.12448,2458159.89639,0.00027
MOA-2019-BLG-008L b,MOA-2019-BLG-008L,,,
K2-3 b,K2-3,10.0546535,2457165.32947,0.00025
HIP 21152 b,HIP 21152,22000.0,2449000.0,15000.0
K2-38 c,K2-38,10.56103,2456900.4752,0.0033
K2-38 b,K2-38,4.01593,2456896.8786,0.0054
KMT-2021-BLG-0909L b,KMT-2021-BLG-0909L,,,
KMT-2021-BLG-2478L b,KMT-2021-BLG-2478L,,,
KMT-2019-BLG-0414L b,KMT-2019-BLG-0414L,,,
KMT-2017-BLG-1194L b,KMT-2017-BLG-1194L,,,
WASP-88 b,WASP-88,4.954,2458248.26526,0.00021
TOI-1238 b,TOI-1238,0.764597,2458684.102,0.002
HATS-8 b,HATS-8,3.583893,2456672.1102,0.0012
GJ 1002 c,GJ 1002,21.202,2458585.54,0.5
KMT-2017-BLG-1003L b,KMT-2017-BLG-1003L,,,
KMT-2019-BLG-1552L b,KMT-2019-BLG-1552L,,,
HD 45364 b,HD 45364,225.79,,
L 363-38 b,L 363-38,8.781,,
WASP-56 b,WASP-56,4.6171,2455841.60939,0.00023
KMT-2019-BLG-2974L b,KMT-2019-BLG-2974L,,,
TIC 279401253 b,TIC 279401253,76.8,2459151.055,0.001
HD 45364 c,HD 45364,345.43,,
HD 167768 b,HD 167768,20.6532,2454595.44,0.67
KMT-2019-BLG-0253L b,KMT-2019-BLG-0253L,,,
OGLE-2018-BLG-0506L b,OGLE-2018-BLG-0506L,,,
TIC 279401253 c,TIC 279401253,155.3,,
HD 184010 d,HD 184010,836.4,2454926.0,28.4
HD 184010 b,HD 184010,286.6,2454609.2,7.4
NGTS-23 b,NGTS-23,4.0764326,2458431.77134,0.00048
OGLE-2018-BLG-0977L b,OGLE-2018-BLG-0977L,,,
HAT-P-26 b,HAT-P-26,4.23452,2456901.059458,9.4e-05
Kepler-1643 b,Kepler-1643,5.342657,2454967.382,0.0011
KOI-7913 b,KOI-7913 A,24.278553,2454987.5121,0.0063
WASP-77 A b,WASP-77 A,1.360029395,2459957.33786,4.3e-05
KMT-2021-BLG-1391L b,KMT-2021-BLG-1391L,,,
KMT-2021-BLG-1253L b,KMT-2021-BLG-1253L,,,
KIC 3526061 b,KIC 3526061,3552.0,2458708.1,2.0
WISE J033605.05-014350.4 b,WISE J033605.05-014350.4,2560.0,,
Kepler-107 e,Kepler-107,14.749143,2455694.4855,0.00046
OGLE-2018-BLG-1367L b,OGLE-2018-BLG-1367L,,,
HAT-P-28 b,HAT-P-28,3.257215,2455417.59832,0.00053
MOA-2022-BLG-249L b,MOA-2022-BLG-249L,,,
DMPP-4 b,DMPP-4,3.4982,2457139.9,1.2
OGLE-2018-BLG-1212L b,OGLE-2018-BLG-1212L,,,
K2-2016-BLG-0005L b,K2-2016-BLG-0005L,4700.0,,
HN Lib b,HN Lib,36.116,2457436.3,1.4
Kepler-454 d,Kepler-454,4073.0,2458433.0,26.0
WASP-64 b,WASP-64,1.5732918,2455582.60169,0.00027
Kepler-323 c,Kepler-323,3.5538229,2454956.9823,0.002
TrES-4 b,TrES-4,3.55395,2460478.712885,2.3e-05
HAT-P-20 b,HAT-P-20,2.875317,2455080.92661,0.00021
WASP-35 b,WASP-35,3.16158,2458120.804421,6.8e-05
KMT-2021-BLG-2010L b,KMT-2021-BLG-2010L,,,
Kepler-409 b,Kepler-409,68.9583216,2455012.0829,0.0034
Kepler-20 f,Kepler-20,19.578328,2454968.19883,0.00057
KMT-2019-BLG-1216L b,KMT-2019-BLG-1216L,,,
HD 74698 b,HD 74698,15.017,,
HD 112300 b,HD 112300,466.63,,
HD 36384 b,HD 36384,490.0,,
OGLE-2019-BLG-0249L b,OGLE-2019-BLG-0249L,,,
HD 74698 c,HD 74698,3449.0,,
HD 6860 b,HD 6860,663.87,,
Kepler-1655 b,Kepler-1655,11.8728787,2455013.89795,0.00069
HAT-P-3 b,HAT-P-3,2.8997,2455694.72623,8e-05
HD 108236 b,HD 108236,3.795963,2458773.2964,0.0013
VHS J125601.92-125723.9 b,VHS J125601.92-125723.9,5800000.0,,
Kepler-323 b,Kepler-323,1.678328,2454953.9478,0.0014
Kepler-22 b,Kepler-22,289.863876,2454966.7001,0.0068
Kepler-454 b,Kepler-454,10.5737534,2455008.06758,0.00077
Kepler-109 b,Kepler-109,6.4816307,2454955.97791,0.0006
Kepler-20 c,Kepler-20,10.8540774,2454971.60886,0.00016
K2-36 c,K2-36,5.340888,2456812.84001,0.00071
K2-36 b,K2-36,1.422614,2456810.8916,0.0013
Kepler-21 b,Kepler-21,2.7858212,2455093.83716,0.00085
HATS-3 b,HATS-3,3.547851,2456155.96734,0.00014
K2-417 b,K2-417,6.535,2458373.0321,0.0009
K2-18 c,K2-18,8.962,,
K2-253 b,K2-253,4.00167,2457583.9993,0.0013
Kepler-491 b,Kepler-491,4.225384512,2454970.5606743,5.34e-05
HATS-36 b,HATS-36,4.175186,2457314.4631,0.00031
K2-216 b,K2-216,2.1748,2457394.0417,0.0009
HIP 81208 C b,HIP 81208 C,104100.0,,
Kepler-471 b,Kepler-471,5.014234575,2454966.1742579,9.65e-05
gam Lib c,gam Lib,966.49,,
Kepler-93 c,Kepler-93,1460.0,,
Kepler-289 d,Kepler-289,66.0282,2454975.624,0.0051
KELT-8 b,KELT-8,3.24406,2457986.46737,0.00026
WASP-174 b,WASP-174,4.2337005,2458545.5266,0.00014
Kepler-139 e,Kepler-139,2047.635373,,
HD 134606 b,HD 134606,12.089,,
HIP 66074 b,HIP 66074,310.9,,
HD 134606 c,HD 134606,58.883,,
HD 134606 d,HD 134606,966.5,,
KMT-2021-BLG-1150L b,KMT-2021-BLG-1150L,,,
Luhman 16 b,Luhman 16 A,9697.0,2458141.0,33.0
HD 99492 c,HD 99492,95.233,,
Kepler-1513 c,Kepler-1513,841.4,,
HD 134606 e,HD 134606,4.3203,,
Kepler-849 b,Kepler-849,394.62508,2455010.8377,0.0016
18 Del b,18 Del,982.85,,
6 Lyn b,6 Lyn,919.86,,
GJ 724 b,GJ 724,5.101284,,
KMT-2018-BLG-0885L b,KMT-2018-BLG-0885L,,,
81 Cet b,81 Cet,1005.57,,
HD 104985 b,HD 104985,199.68,,
GJ 3988 b,GJ 3988,6.9442,,
KMT-2019-BLG-0335L b,KMT-2019-BLG-0335L,,,
M62H b,M62H,0.132935028,,
HD 145457 b,HD 145457,176.13,,
HD 167042 b,HD 167042,417.67,2454232.0,6.0
WASP-74 b,WASP-74,2.13775,2457103.325971,8.5e-05
CI Tau c,CI Tau,25.2,,
Kepler-257 b,Kepler-257,2.382667,2455003.6633,0.00125
HD 81688 b,HD 81688,183.93,,
WASP-82 b,WASP-82,2.70579,2458217.09214,0.00014
KMT-2022-BLG-0371L b,KMT-2022-BLG-0371L,,,
kap CrB b,kap CrB,1253.68,,
GJ 9404 b,GJ 9404,13.4586,,
HD 100777 b,HD 100777,383.0,,
HD 180314 b,HD 180314,394.73,,
nu Oph b,nu Oph,529.93,,
TOI-1249 b,TOI-1249,13.079151,2458694.3804,0.0021
NGC 2682 Sand 1429 b,NGC 2682 Sand 1429,77.48,2459231.1,1.3
nu Oph c,nu Oph,3180.6,,
HD 5608 b,HD 5608,768.7,,
75 Cet b,75 Cet,696.62,,
HD 28254 b,HD 28254,1333.0,,
omi UMa b,omi UMa,1569.81,,
TOI-6330 b,TOI-6330,6.8500246,2459901.36114,0.00021
Teegarden's Star b,Teegarden's Star,4.90634,,
V1298 Tau e,V1298 Tau,53.5,2459481.7967,
Teegarden's Star c,Teegarden's Star,11.416,,
ome Ser b,ome Ser,278.59,,
HD 112570 b,HD 112570,2615.0,,
Teegarden's Star d,Teegarden's Star,26.13,,
HD 73256 c,HD 73256,2690.0,,
HD 14067 b,HD 14067,2744.0,,
HD 120084 b,HD 120084,2142.0,,
gam Lib b,gam Lib,414.88,,
HD 154391 b,HD 154391,5163.0,,
TOI-969 c,TOI-969,1700.0,2460640.0,260.0
Kepler-23 c,Kepler-23,10.74,2454966.2867,0.00125
WASP-163 b,WASP-163,1.6096884,2457918.462,0.0004
WASP-150 b,WASP-150,5.644207,2457217.2614,0.0004
TOI-907.01,TOI-907,4.5849129,2458627.05684,0.00083212
Kepler-57 c,Kepler-57,11.6,2454966.99324,0.00175
Kepler-305 d,Kepler-305,16.74,2455192.41655,0.00313
TOI-2084 b,TOI-2084,6.0784247,2458741.07323,0.00065
Kepler-28 b,Kepler-28,5.91,2455005.18429,0.000799
TOI-2525 c,TOI-2525,49.2519,2458335.4118,0.0014
TOI-3321 b,TOI-3321,3.6525145,2458940.81751,0.00039
TIC 46432937 b,TIC 46432937,1.44044527,2459952.28894,3.9e-05
TOI-1136 b,TOI-1136,4.1727,2458684.7,0.1
Kepler-28 c,Kepler-28,8.99,2455008.68418,0.0012
HD 332231 b,HD 332231,18.712024,2458692.2582,0.00071
TOI-1807 b,TOI-1807,0.54937097,2458899.345,0.00038
NGTS-26 b,NGTS-26,4.5199279,2457756.8314,0.0014
TOI-1630.01,TOI-1630,12.055734733,2459931.22472,0.00091
TOI-1659.01,TOI-1659,5.877556328,2459757.3568,0.0012
TOI-2095 c,TOI-2095,28.17232,2459239.5625,0.0024
TOI-5789 c,TOI-5789,12.927748,2460151.15868,0.00049
TOI-5789 b,TOI-5789,2.76369,2460358.054,0.062
2MASS J11550485-7919108 b,2MASS J11550485-7919108,,,
TOI-6016 b,TOI-6016,4.023687,2459877.793,0.0003
HAT-P-52 b,HAT-P-52,2.7535953,2455852.10326,0.00041
G 196-3 b,G 196-3,,,
TIC 365102760 b,TIC 365102760,4.21285367,2458684.146,0.011
OGLE-2023-BLG-0836L b,OGLE-2023-BLG-0836L,,,
HAT-P-60 b,HAT-P-60,4.7947813,2458360.94029,0.00056
TOI-1294 b,TOI-1294,3.915292,2459393.00711,0.00066
TOI-1669 c,TOI-1669,2.6800535,2458816.94479,0.00083
TOI-1811 b,TOI-1811,3.7130765,2459126.36846,0.00017
TOI-1823 b,TOI-1823,38.8,2459645.70502,0.00071
TIC 139270665 c,TIC 139270665,1010.0,2460042.0,14.0
TIC 139270665 b,TIC 139270665,23.624,2459592.36614,0.00096
Kepler-43 b,Kepler-43,3.0240949,2454965.41624,2e-05
TOI-3364 b,TOI-3364,5.8768918,2459090.99481,0.0004
TOI-6029 b,TOI-6029,5.7987,2459667.067,0.015
HAT-P-69 b,HAT-P-69,4.7869491,2458495.78861,0.00072
TOI-1266 c,TOI-1266,18.8027,2458689.9588,0.0028
HD 48948 c,HD 48948,38.06,,
TOI-1346 b,TOI-1346,1.7622538,2459978.0239,0.0022
KMT-2023-BLG-0416L b,KMT-2023-BLG-0416L,,,
GJ 900 b,GJ 900 A,,,
TOI-2580 b,TOI-2580,3.39775,2458839.4534,0.0005
TOI-3464 b,TOI-3464,3.6515568,2459703.56516,0.0008
HD 76920 b,HD 76920,415.891,,
KMT-2023-BLG-1454L b,KMT-2023-BLG-1454L,,,
Kepler-448 c,KOI-12,2500.0,,
TOI-849 b,TOI-849,0.765548,2458871.6812,0.0083
HIP 39017 b,HIP 39017,31000.0,,
HIP 54515 b,HIP 54515,33000.0,,
HD 72659 c,HD 72659,35500.0,,
TOI-1410.01,TOI-1410,1.21687,2458739.72931,0.00071
Kepler-24 c,Kepler-24,12.33,2454970.58738,3.6e-05
TOI-1846 b,TOI-1846,3.9306737,2459565.95523,0.00032
TOI-2345 c,TOI-2345,21.064302,2459120.3007,0.0014
TOI-3523 A b,TOI-3523 A,2.30458952,2460417.45562,0.00014
Kepler-24 b,Kepler-24,8.14,2454973.569084,2e-05
TOI-6041 b,TOI-6041,26.04945,2459890.1062,0.0086
MOA-2022-BLG-563L b,MOA-2022-BLG-563L,,,
2MASS J0249-0557 c,2MASS J0249-0557 A,,,
KMT-2016-BLG-2321L b,KMT-2016-BLG-2321L,,,
K2-203 b,K2-203,9.6952,2457435.4189,0.0037
TOI-1742 b,TOI-1742,21.269084,2458725.3518,0.0021
Gaia22dkvL b,Gaia22dkvL,,,
TOI-2134 c,TOI-2134,95.5,2459718.96939,0.0002
TOI-2120 b,TOI-2120,5.7998164,2458795.82368,0.00041
K2-208 b,K2-208,4.19097,2457430.039,0.0016
K2-225 b,K2-225,15.8723,2457619.1111,0.0031
TOI-6054.01,TOI-6054,7.501428,2458817.909,0.059
WASP-168 b,WASP-168,4.153658,2457424.5278,0.0004
WASP-126 c,WASP-126,7.63,,
HD 95338 b,HD 95338,55.082694,2458585.28087,0.0005
NGTS-12 b,NGTS-12,7.532806,2458572.8549,0.0017
K2-7 b,K2-7,28.6781,2456853.2946,0.0046
K2-226 b,K2-226,3.27109,2457620.0082,0.002
eps Ind A b,eps Ind A,16510.0,,
TOI-2382 b,TOI-2382,4.6612061,2459215.4585,0.00044
NGTS-31 b,NGTS-31,4.162734,2459039.1615,0.0004
WASP-173 A b,WASP-173 A,1.38665318,2457288.8585,0.0002
LP 890-9 c,LP 890-9,8.457463,2459520.70598,0.00031
TOI-1203.01,TOI-1203,25.502672,2458553.0711,0.0012
TOI-837 b,TOI-837,8.3249113,2459356.81398,0.00025
WASP-47 b,WASP-47,4.159151,2459407.761987,2e-07
OGLE-2017-BLG-0448L b,OGLE-2017-BLG-0448L,,,
BD-17 63 b,BD-17 63,655.57,,
TOI-1859 b,TOI-1859,63.48347,2458662.6558,0.0014
TIC 4672985 b,TIC 4672985,69.048,2458429.8577,0.0018
TOI-2803 A b,TOI-2803 A,1.96229325,2459207.6864,0.00022
K2-57 b,K2-57,9.0073,2457011.3568,0.0023
CoRoT-12 b,CoRoT-12,2.828042,2454398.62707,0.00036
WASP-160 B b,WASP-160 B,3.7684952,2457383.65494,0.00021
TOI-132 b,TOI-132,2.1097019,2458333.23095,0.00094
TOI-700 d,TOI-700,37.42396,2458816.9952,0.0011
TOI-892 b,TOI-892,10.62656,2458475.689,0.002
TOI-1272 c,TOI-1272,8.6811,2458885.39,0.29
TOI-1135 b,TOI-1135,8.0277283,2460658.97426,0.0001845
TOI-1898 b,TOI-1898,45.52234,2458894.2511,0.0008
TOI-2169 A b,TOI-2169 A,8.2148282,2459732.67384,0.0005
TOI-2407 b,TOI-2407,2.702969,2459149.0561,0.0003
TOI-2876 b,TOI-2876,6.2996431,2459109.77217,0.00044
TOI-2886 b,TOI-2886,1.60200105,2459311.01449,0.00014
WASP-155 b,WASP-155,3.110413,2459852.08494,0.00041
LHS 1815 b,LHS 1815,3.814334,2458327.4161,0.0044
HD 75898 c,HD 75898,6717.0,2452005.65,0.35
Kepler-963 c,Kepler-963,0.919783,2454832.901,0.003
TOI-654.01,TOI-654,1.527561,2459243.0584,0.0003
TOI-669 b,TOI-669,3.945152,2458546.1419,0.0025
TOI-1782.01,TOI-1782,4.987641028,2459635.7331,0.0011
TOI-1937 A b,TOI-1937 A,0.94667944,2459085.91023,0.00012
Kepler-1489 c,Kepler-1489,0.680741,2454832.96,0.003
HD 86728 b,HD 86728,31.1515,2459260.69,0.51
KMT-2022-BLG-0303L b,KMT-2022-BLG-0303L,,,
TOI-5076 b,TOI-5076,23.443162,2460204.0018,0.0014
TOI-5398 c,TOI-5398,4.77271,2459628.61781,0.0009
XO-2 N b,XO-2 N,2.61586178,2454508.73829,0.00014
KELT-6 b,KELT-6,7.8457,2457218.65874,0.00034
Gliese 12 b,Gliese 12,12.761408,2459497.1865,0.0026
Kepler-485 b,Kepler-485,3.243259796,2454966.6690442,4.64e-05
CoRoT-19 b,CoRoT-19,3.89713,2455257.44102,0.0006
Kepler-222 d,Kepler-222,28.081912,2455027.91404,0.00129
TOI-1899 b,TOI-1899,29.090312,2458711.959171,0.001116
HIP 67522 b,HIP 67522,6.9594731,2458604.02376,0.00033
TOI-122 b,TOI-122,5.07803,2458425.602564,0.00063
TOI-1782.02,TOI-1782,1.829024227,2459632.81673,0.00056
TOI-2005 b,TOI-2005,17.305904,2458549.8376,0.0011
TOI-2236 b,TOI-2236,3.5315902,2459011.45704,0.00023
TOI-2447 b,TOI-2447,69.33684,2459168.98798,0.00063
TOI-2969 b,TOI-2969,1.8237146,2459303.30015,9e-05
OGLE-2016-BLG-1598L b,OGLE-2016-BLG-1598L,,,
OGLE-2016-BLG-1800L b,OGLE-2016-BLG-1800L,,,
HAT-P-40 b,HAT-P-40,4.45724,2456651.13368,0.00042
Gaia-5 b,Gaia-5,358.62,,
GJ 1289 b,GJ 1289,111.74,2459403.2,3.1
TOI-1199 b,TOI-1199,3.671463,2459420.5376,0.0004
HD 87816 c,HD 87816,7596.0,,
HD 94890 b,HD 94890,824.61,,
TOI-2010 b,TOI-2010,141.834025,2458712.30168,0.00042
HD 94890 c,HD 94890,2492.19,,
TIC 434398831 b,TIC 434398831,3.685504,2458468.635,0.0026
TIC 434398831 c,TIC 434398831,6.210291,2458470.6239,0.0036
TOI-712 b,TOI-712,9.531361,2458757.26886,0.00068
K2-360 c,EPIC 201595106,9.79692,,
EPIC 201595106 b,EPIC 201595106,0.87724,2457583.04429,0.00157
TOI-2322 c,TOI-2322,20.225528,2459037.4161,0.0014
KMT-2017-BLG-2197L b,KMT-2017-BLG-2197L,,,
GJ 581 e,GJ 581,3.1481,,
Kepler-279 e,Kepler-279,98.3531,2455050.883,0.014
KMT-2022-BLG-2076L b,KMT-2022-BLG-2076L,,,
nu Oct A b,nu Oct A,402.4,,
LHS 1478 b,LHS 1478,1.9495378,2458786.75425,0.00042
TOI-782 b,TOI-782,8.0240015,2458577.04189,0.00085
HIP 9618 c,HIP 9618,52.56363,2458779.1904,0.0014
KOBE-1 b,KOBE-1,8.5399,2459484.26,0.29
Gl 725 A b,Gl 725 A,11.2201,,
KOBE-1 c,KOBE-1,29.671,2459448.2,1.2
G 261-6 b,G 261-6,5.4536,2459345.14,0.22
G 192-15 b,G 192-15,2.27476,2457851.82,0.23
TOI-5817 b,TOI-5817,15.61031,2459799.3065,0.0029
TOI-6324 b,TOI-6324,0.279221,2458739.97928,0.00068
WASP-22 b,WASP-22,3.53269,2456850.43601,0.00015
OGLE-2016-BLG-0007L b,OGLE-2016-BLG-0007L,14200.0,,
K2-371 b,K2-371,3.114905,2457141.4176,0.0001
KMT-2023-BLG-0949L b,KMT-2023-BLG-0949L,,,
GJ 3998 c,GJ 3998,13.727,2460196.96,0.7
Kepler-105 b,Kepler-105,5.4122034,2454955.3186,0.0002
Kepler-105 c,Kepler-105,7.12592,2454957.753,0.0001
NGTS-35 b,NGTS-35,25.241192,2459334.02963,0.00053
TOI-1294 c,TOI-1294,159.9,2459194.4,3.1
KMT-2023-BLG-0830L b,KMT-2023-BLG-0830L,,,
Kepler-1656 b,Kepler-1656,31.562,2455011.47,0.9
KMT-2024-BLG-1281L b,KMT-2024-BLG-1281L,,,
KMT-2017-BLG-0849L b,KMT-2017-BLG-0849L,,,
ZTF J1828+2308 b,ZTF J1828+2308,0.1120067,2460431.6494044,2e-07
KMT-2017-BLG-2331L b,KMT-2017-BLG-2331L,,,
KMT-2023-BLG-1743L b,KMT-2023-BLG-1743L,,,
TOI-406 c,TOI-406,3.307441,2458385.388,0.002
KMT-2019-BLG-0578L b,KMT-2019-BLG-0578L,,,
Barnard d,Barnard's star,2.3402,,
K2-271 b,K2-271,8.562421,2457149.71271,0.00053
MOA-2022-BLG-091L b,MOA-2022-BLG-091L,,,
KMT-2024-BLG-1209L b,KMT-2024-BLG-1209L,,,
K2-214 b,K2-214,8.59656,2457396.6009,0.0023
Kepler-391 c,Kepler-391,20.501,2455696.9123,0.0085
TOI-238 b,TOI-238,1.273099,2460205.7524,0.0011
K2-220 b,K2-220,13.68186,2457401.2729,0.0025
TOI-4562 c,TOI-4562,3990.0,,
Kepler-450 b,Kepler-450,28.454851,2455009.70618,0.00017807
Kepler-407 b,Kepler-407,0.6693124,2454967.12007,0.0004
BEBOP-3 b,BEBOP-3,547.0,,
K2-37 c,K2-37,6.42966,2456898.8548,0.0012
Kepler-134 b,Kepler-134,5.317429,2455004.87608,0.00077
K2-37 d,K2-37,14.09229,2456907.2331,0.0014
WASP-85 A b,WASP-85 A,2.6556777,2456847.472856,1.4e-05
TOI-1227 b,TOI-1227,27.36397,2458617.4621,0.0016
HD 207496 b,HD 207496,6.441008,2458658.78978,0.0005
GJ 806 b,GJ 806,0.9263237,2459445.57371,0.00015
HD 73344 c,HD 73344,65.94,2455482.98,0.92
GJ 317 b,GJ 317,695.69,2458089.4,1.7
GJ 463 b,GJ 463,3459.0,2454313.0,28.0
GJ 9773 b,GJ 9773,2965.0,2459362.0,18.0
Kepler-228 c,Kepler-228,4.134444,2455005.97678,0.0023
HD 15906 c,HD 15906,21.583298,2457430.8296,0.0027
HD 28471 b,HD 28471,3.1649,2452945.806,
Kepler-725 b,Kepler-725,39.64372,2455039.5974,0.0011
MOA-2022-BLG-033L b,MOA-2022-BLG-033L,,,
KMT-2023-BLG-0119L b,KMT-2023-BLG-0119L,,,
K2-233 c,K2-233,7.06024,2457586.862,0.027
WISPIT 2 b,WISPIT 2,,,
WISPIT 1 c,WISPIT 1,,,
KOI-134 c,KOI-134,33.95,,
TOI-4600 c,TOI-4600,482.8191,2459751.6008,0.002
Kepler-103 c,Kepler-103,179.60978,2455667.15973,0.00044
TOI-1472 c,TOI-1472,15.5381747,2459689.93567,0.00012
Kepler-495 c,Kepler-495,5.896609783,2454967.03046,0.00701
Kepler-103 b,Kepler-103,15.9653287,2455677.65243,0.00028
Kepler-278 b,Kepler-278,30.1556,2455695.3727,0.0036
HD 224018 b,HD 224018,10.6413,2457762.98,0.24
Kepler-391 b,Kepler-391,7.4175,2455690.3959,0.013
HD 93963 A b,HD 93963 A,1.0376109,2459635.926,0.003
KOI-351 h,KOI-351,331.60296,2454973.50056,0.00084
K2-406 b,K2-406,22.549406,2458010.3895,0.0025
TOI-6695 c,TOI-6695,242.4,,
Kepler-93 b,Kepler-93,4.72673978,2454944.29227,0.00013
Kepler-166 d,Kepler-166,1.554003928,2455002.830478,0.000704
Kepler-1732 b,Kepler-1732,32.31240082,2454966.8627,0.00448
Kepler-1026 b,Kepler-1026,36.5156053,2454984.29218,0.00234
K2-175 b,K2-175,9.525988,2457073.27684,0.004524
K2-176 b,K2-176,5.329439,2457066.78593,0.003736
K2-177 b,K2-177,14.155185,2457070.08022,0.007105
Kepler-9 d,Kepler-9,1.592851,2455015.0943,0.0018
SWEEPS-4 b,SWEEPS-4,4.2,,
K2-183 b,K2-183,0.469285,2457196.91237,0.0019
K2-341 b,K2-341,36.552551,2457152.708694,0.002195
K2-263 b,K2-263,50.818947,2458111.1274,0.0012
K2-187 e,K2-187,13.606629,2457155.08495,0.0031
K2-189 b,K2-189,2.58812,2457222.1466,0.0019
Kepler-257 d,Kepler-257,24.664551,2455022.02052,0.00102
Kepler-42 b,Kepler-42,1.2137672,2455003.48329,0.00054
K2-381 c,K2-381,16.034656,2457304.2916,0.003
K2-199 b,K2-199,3.2253993,2457218.73733,0.00051
K2-151 b,K2-151,3.835476,2457395.23735,0.00277
Kepler-197 b,Kepler-197,5.599308,2455004.47282,0.00221
K2-157 b,K2-157,0.3652575,2457582.822,0.0041
eps Tau b,eps Tau,585.82,,
HD 109749 b,HD 109749,5.239891,,
gam Cep b,gam Cep,913.0,2453117.0,18.0
TOI-128.01,TOI-128,4.9404681,2460175.867159,0.0012993
HD 111232 b,HD 111232,1169.13202,,
51 Peg b,51 Peg,4.230785,2455705.001,0.006
4 UMa b,4 UMa,270.27,,
GJ 433 b,GJ 433,7.3705,,
Kepler-65 c,Kepler-65,5.859944,2454965.0391,0.0003
Kepler-7 b,Kepler-7,4.8854892,2454967.27687,3e-05
KOI-12 b,KOI-12,17.855182,2454979.59635,2.88e-05
HD 116029 b,HD 116029,670.0,,
GJ 676 A b,GJ 676 A,1051.44521,,
HD 117618 b,HD 117618,25.8,,
7 CMa b,7 CMa,735.1,,
HD 125612 d,HD 125612,2822.72698,,
AB Pic b,AB Pic,,,
GJ 581 b,GJ 581,5.3686,2454724.631,0.043
HD 11977 b,HD 11977,711.0,,
BD-10 3166 b,BD-10 3166,3.48777,2451705.963,0.031
GJ 581 c,GJ 581,12.9211,2455183.69,0.46
BD+14 4559 b,BD+14 4559,268.94,,
GJ 876 c,GJ 876,30.0881,2453029.298,0.049
HD 101930 b,HD 101930,70.46,,
BD+20 2457 c,BD+20 2457,621.99,,
Kepler-40 b,Kepler-40,6.87349,2455005.5198,0.0024
GSC 06214-00210 b,GSC 06214-00210,,,
Kepler-123 b,Kepler-123,17.232366,2454968.09113,0.00193
CoRoT-7 c,CoRoT-7,3.698,2454445.0,0.7
HD 108147 b,HD 108147,10.8985,,
HD 108874 b,HD 108874,394.48123,2453527.5,2.7
K2-383 b,K2-383,1.865962,2457302.0928,0.0016
CT Cha b,CT Cha,,,
Kepler-6 b,Kepler-6,3.2346996,2454954.486528,9e-06
HD 136418 b,HD 136418,464.29999,,
HD 164509 b,HD 164509,280.17,,
HD 164604 b,HD 164604,641.472,,
Kepler-267 b,Kepler-267,3.353728,2454967.86887,0.00112
HD 192699 b,HD 192699,340.94,,
HD 145377 b,HD 145377,103.95,,
HD 196050 b,HD 196050,1392.0,,
HD 147018 b,HD 147018,44.236,,
HD 20003 b,HD 20003,11.8482,,
Kepler-1713 b,Kepler-1713,18.01160049,2455018.09162,0.00238
HD 196885 A b,HD 196885 A,1333.0,,
HD 149143 b,HD 149143,4.07182,,
HD 126614 b,HD 126614,1257.25303,2457930.0,50.0
HD 152581 b,HD 152581,686.5,,
HD 177830 b,HD 177830,410.10001,2455452.4,2.1
HD 128311 c,HD 128311,921.538,2455219.0,19.0
HD 154672 b,HD 154672,163.94,,
HD 178911 B b,HD 178911 B,71.484,2450292.68,0.16
HD 155358 b,HD 155358,194.3,,
HD 13189 b,HD 13189,471.60001,,
HD 131496 b,HD 131496,896.0,,
HD 156668 b,HD 156668,4.6455,2455201.6,0.15
HD 134060 c,HD 134060,1291.5646,,
HD 158038 b,HD 158038,521.0,,
HD 187085 b,HD 187085,1019.74,,
24 Sex b,24 Sex,452.8,,
HD 206610 b,HD 206610,673.2,,
HD 63454 b,HD 63454,2.81805,,
HD 62509 b,HD 62509,589.64,,
K2-27 b,K2-27,6.771347,2456812.8447,0.00036
HD 20781 c,HD 20781,13.8905,,
HD 285968 b,HD 285968,8.7836,2455191.0,0.33
HD 63765 b,HD 63765,358.0,,
HD 28678 b,HD 28678,380.2,,
HD 70642 b,HD 70642,2124.54,,
HD 30562 b,HD 30562,1157.0,,
HD 73267 b,HD 73267,1257.99159,,
HD 210702 b,HD 210702,355.5,,
HD 212771 b,HD 212771,380.7,,
HD 31527 c,HD 31527,51.2053,,
HD 31527 d,HD 31527,271.6737,,
HD 31527 b,HD 31527,16.5535,,
HIP 111909 b,HIP 111909,487.08,,
HD 32518 b,HD 32518,157.35,,
HD 216435 b,HD 216435,1311.0,,
HD 216437 b,HD 216437,1359.0,,
HD 82886 b,HD 82886,705.0,,
HD 8574 b,HD 8574,227.0,2453548.1,2.4
HD 86081 b,HD 86081,2.1378431,,
HD 37124 d,HD 37124,1862.0,2454455.0,48.0
HD 9446 c,HD 9446,192.9,,
HD 96063 b,HD 96063,362.5,,
HD 8673 b,HD 8673,1644.69097,,
Kepler-263 b,Kepler-263,16.568087,2454979.15154,0.00238
HD 219828 b,HD 219828,3.83483,,
HD 38529 b,HD 38529,14.3099,2455200.3,0.05
HD 99492 b,HD 99492,17.0503,2454297.94,0.43
HD 99706 b,HD 99706,841.0,,
HIP 14810 d,HIP 14810,981.8,,
Kepler-746 b,Kepler-746,3.48159251,2454965.98997,0.00244
K2-384 d,K2-384,6.679582,2457392.4243,0.0042
HD 40307 b,HD 40307,4.3123,,
HATS-1 b,HATS-1,3.446459,2455241.28722,0.00071
HD 40979 b,HD 40979,264.14999,2452405.1,3.5
xi Aql b,xi Aql,136.97,,
OGLE-TR-132 b,OGLE-TR-132,1.689868,2453142.58884,9e-05
K2-385 b,K2-385,2.380867,2457393.4544,0.0049
HD 23079 b,HD 23079,735.74,,
HD 4203 b,HD 4203,431.88,2440618.8,6.0
HD 43691 b,HD 43691,36.9987,,
HD 41004 B b,HD 41004 B,1.3283,,
tau Boo b,tau Boo,3.3124568,2453104.828,0.012
K2-386 b,K2-386,7.473223,2457395.9056,0.0024
HD 231701 b,HD 231701,141.63,,
HD 204313 b,HD 204313,2041.11539,,
Kepler-1738 b,Kepler-1738,7.674630165,2454966.22431,0.00265
HD 5319 b,HD 5319,637.1,,
Pr0201 b,Pr0201,4.4264,,
K2-368 d,K2-368,20.201085,2456988.5374,0.0026
Pr0211 b,Pr0211,2.1461,,
bet Cnc b,bet Cnc,605.2,,
bet UMi b,bet UMi,522.3,,
Kapteyn c,Kapteyn,121.54,,
Kepler-754 b,Kepler-754,14.5596237,2454968.96181,0.00956
HD 207832 c,HD 207832,1155.7,,
CoRoT-24 b,CoRoT-24,5.1134,2454789.611,0.006
CoRoT-24 c,CoRoT-24,11.759,2454795.3803,0.0265
HIP 105854 b,HIP 105854,184.2,,
K2-138 c,K2-138,3.56004,2457740.32182,0.00087
HATS-63 b,HATS-63,3.0566527,2457659.93755,0.00089
CoRoT-22 b,CoRoT-22,9.75598,2454598.42014,0.00099
TYC 1422-614-1 b,TYC 1422-614-1,198.4,,
TYC 1422-614-1 c,TYC 1422-614-1,559.3,,
BD-11 4672 b,BD-11 4672,1634.0,,
BD+49 828 b,BD+49 828,2590.0,,
HD 1666 b,HD 1666,270.0,,
HD 67087 c,HD 67087,2374.0,,
Kepler-268 b,Kepler-268,25.934138,2454982.76209,0.00339
HATS-11 b,HATS-11,3.619188,2457313.27367,0.00033
Kepler-47 c,Kepler-47,303.227,2454944.362,0.067
K2-4 b,K2-4,10.003417,2456815.524,0.004
HD 175607 b,HD 175607,29.01,,
Kepler-772 b,Kepler-772,12.99207337,2454969.3195,0.00308
K2-384 f,K2-384,13.62749,2457392.6002,0.0009
HD 27631 b,HD 27631,2198.14,,
TOI-178 f,TOI-178,15.23335,2458745.7178,0.0023
HD 24064 b,HD 24064,535.59998,,
K2-21 c,K2-21,15.50192,2456988.471,0.002
K2-268 d,K2-268,4.528598,2457143.974654,0.003182
HD 98649 b,HD 98649,5384.0,,
K2-9 b,K2-9,18.4498,2456822.6712,0.0025
CoRoT-29 b,CoRoT-29,2.85057,2455753.115,0.001
K2-268 e,K2-268,6.131243,2457142.343959,0.00485
HATS-39 b,HATS-39,4.5776348,2457315.28338,0.00055
LkCa 15 b,LkCa 15,,,
HU Aqr AB c,HU Aqr,4368.0,,
HD 164595 b,HD 164595,40.0,,
K2-8 b,K2-8,10.35239,2456813.6114,0.003
kap And b,kap And,,,
PH1 b,PH1,138.317,2455074.49,0.052
GJ 676 A e,GJ 676 A,35.47358,,
BD+15 2940 b,BD+15 2940,137.48,,
HD 2952 b,HD 2952,312.08,,
SR 12 AB c,SR 12 AB,,,
GJ 667 C e,GJ 667 C,62.24,,
tau Gem b,tau Gem,305.5,,
GJ 667 C g,GJ 667 C,256.2,,
GJ 504 b,GJ 504,,,
HD 159243 c,HD 159243,248.4,,
ROXs 12 b,ROXs 12,,,
NGTS-14 A b,NGTS-14 A,3.5357173,2457502.5545,0.002
Kepler-36 b,Kepler-36,13.86825,2454974.6491,0.0032
Kepler-48 e,Kepler-48,982.0,,
LHS 1678 b,LHS 1678,0.8602325,2458998.15553,0.0007
HD 4203 c,HD 4203,6700.0,2453780.0,130.0
KOI-984 b,KOI-984,4.2881785,2454957.7837,0.0014
NGC 2682 YBP 401 b,NGC 2682 YBP 401,4.087,,
GJ 3998 b,GJ 3998,2.65033,2460202.964,0.249
HD 47366 b,HD 47366,360.08,,
K2-239 b,K2-239,5.24,2457908.191,
K2-233 d,K2-233,24.3681,2458005.5802,0.0016
HD 110082 b,HD 110082,10.18271,2458629.909,0.001
TOI-558 b,TOI-558,14.574071,2458871.07253,0.00053
K2-243 b,K2-243,11.54182,2457593.2062,0.0079
K2-255 b,K2-255,1.96417,2457583.3015,0.0008
K2-264 c,K2-264,19.660302,2458117.09169,0.00485
HD 211810 b,HD 211810,1558.0,,
Kepler-262 c,Kepler-262,21.853722,2454977.31467,0.00506
HD 111998 b,HD 111998,810.0,,
GJ 9827 b,GJ 9827,1.208974,2457738.8259,0.0005
HD 95089 c,HD 95089,1785.0,,
K2-368 c,K2-368,9.660186,2456977.8722,0.0037
HD 72892 b,HD 72892,39.44603,,
HD 128356 b,HD 128356,298.2,,
HD 165155 b,HD 165155,434.5,,
Kepler-761 b,Kepler-761,10.12804789,2454972.11542,0.00237
2MASS J22362452+4751425 b,2MASS J22362452+4751425,,,
CoRoT-21 b,CoRoT-21,2.72474,2454399.0282,0.0009
HD 13167 b,HD 13167,2613.0,,
WASP-177 b,WASP-177,3.071722,2457994.3714,0.00028
K2-339 b,K2-339,19.507428,2457153.004667,0.004642
EPIC 220674823 c,EPIC 220674823,13.33989,2457405.732,0.0016
K2-288 B b,K2-288 B,31.393463,2457063.402366,0.001162
TOI-640 b,TOI-640,5.003777,2458459.7413,0.0003
Gl 378 b,Gl 378,3.822,,
Kepler-766 b,Kepler-766,6.10027804,2454968.58673,0.00248
K2-107 b,K2-107,3.313959,2457311.15178,0.0003
Kepler-780 b,Kepler-780,0.677375164,2454966.94581,0.00143
HD 39855 b,HD 39855,3.2498,,
HD 92788 c,HD 92788,11611.2975,2450140.0,360.0
K2-224 b,K2-224,4.47904,2457585.6719,0.0135
EPIC 205950854 c,K2-168,8.050722,2456973.7648,0.01
EPIC 206032309 b,EPIC 206032309,2.87814,2456899.132,0.0017
K2-228 b,K2-228,2.69828,2457583.1943,0.0039
K2-229 b,K2-229,0.584216,2457646.56655,0.00046
TYC 4282-00605-1 b,TYC 4282-00605-1,101.54,,
HD 206255 b,HD 206255,96.045,,
Kepler-411 e,Kepler-411,31.509728,,
Kepler-454 c,Kepler-454,524.19,2457151.87,0.69
psi1 Dra B b,psi1 Dra B,3117.0,,
Kepler-758 b,Kepler-758,12.1097104,2454973.21293,0.00436
HD 208897 b,HD 208897,358.27,,
K2-128 b,K2-128,5.675819,2457255.503,0.002
K2-129 b,K2-129,8.239493,2457335.009,0.001
GJ 625 b,GJ 625,14.628,,
HATS-76 b,HATS-76,1.9416423,2458424.55556,0.00053
HATS-77 b,HATS-77,3.0876262,2459136.69378,0.0002
Wolf 1061 d,Wolf 1061,217.21,,
Wolf 1061 b,Wolf 1061,4.8869,,
HD 34445 d,HD 34445,117.87,,
NGTS-6 b,NGTS-6,0.882059,2457982.3784,0.0003
K2-343 c,K2-343,7.676972,2457144.624554,0.001285
HD 33844 b,HD 33844,551.40002,,
KELT-17 b,KELT-17,3.0801716,2457226.142194,0.00033
HD 113996 b,HD 113996,610.2,,
HD 147379 b,HD 147379,86.58,2458589.9,3.7
HD 143105 b,HD 143105,2.1974,,
HD 35759 b,HD 35759,82.467,,
Pr0211 c,Pr0211,4850.0,,
Kepler-65 e,Kepler-65,258.8,2455945.4,6.8
K2-352 c,K2-352,8.234885,2458098.716929,0.002711
TOI-2109 b,TOI-2109,0.67247414,2459378.45937,5.9e-05
HD 191806 b,HD 191806,1603.38923,,
BD+48 740 b,BD+48 740,733.0,,
K2-148 c,K2-148,6.9226,2457387.72777,0.00458
K2-149 b,K2-149,11.332,2457388.33834,0.006
KPS-1 b,KPS-1,1.706291,2457508.37019,0.00079
V830 Tau b,V830 Tau,4.927,,
K2-233 b,K2-233,2.467583,2457991.6897,0.0013
K2-211 b,K2-211,0.669561,2457432.6479,0.0013
K2-221 b,K2-221,2.399094,2457395.35581,0.002326
K2-215 b,K2-215,8.269648,2457394.33225,0.002316
K2-217 b,K2-217,14.074524,2457395.00447,0.002998
K2-183 d,K2-183,22.620344,2457212.0276,0.0036
K2-163 b,K2-163,6.673117,2457582.84838,0.001902
K2-162 b,K2-162,9.45889,2457583.9076,0.0047
HD 206893 b,HD 206893,9350.0,,
K2-205 b,K2-205,26.672263,2457413.41914,0.004527
K2-204 b,K2-204,7.055908,2457452.955,0.0022
K2-381 d,K2-381,26.803023,2457307.9152,0.0038
CoRoT-7 d,CoRoT-7,8.966,,
Kepler-281 c,Kepler-281,36.337373,2454993.40092,0.00175
TYC 2187-512-1 b,TYC 2187-512-1,691.9,,
Kepler-451 c,2MASS J19383260+4603591,1460.0,,
CoRoT-36 b,CoRoT-36,5.616531,2455662.52236,0.00034
Gl 49 b,Gl 49,13.8508,,
Kepler-805 b,Kepler-805,30.8638931,2454995.883,0.0033
TOI-561 d,TOI-561,25.71268,2459318.9711,0.0021
HD 110113 b,HD 110113,2.541,2458570.101,0.004
Kepler-504 b,Kepler-504,9.549275422,2455008.757209,0.000416
Kepler-277 b,Kepler-277,17.324,2454975.0979,0.002
TOI-544 b,TOI-544,1.548352,2459199.031363,0.000614
HD 105779 b,HD 105779,2412.0,,
Kepler-814 b,Kepler-814,6.1469851,2454968.074,0.00355
Kepler-798 b,Kepler-798,13.71933369,2454973.74786,0.00375
HD 69123 b,HD 69123,1193.3,,
TOI-1203 c,TOI-1203,13.0766,2459198.81,0.36
TOI-1478 b,TOI-1478,10.1802117,2459066.0187,0.00031
Kepler-280 b,Kepler-280,2.139542,2454966.6526,0.0015
WASP-93 b,WASP-93,2.7325321,2456079.5642,0.00045
TOI-5678 b,TOI-5678,47.73022,2458424.7059,0.0035
HD 23472 e,HD 23472,7.90754,2458354.5659,0.0066
LP 261-75 b,LP 261-75 A,,,
TOI-771 c,TOI-771,7.61,,
TOI-1203 b,TOI-1203,4.1572888,2458545.8916,0.0013
HIP 29442 d,TOI-469,6.429575,2458472.9865,0.0051
HD 93385 d,HD 93385,45.85,,
Kepler-279 c,Kepler-279,35.736,2454984.0612,0.0024
HD 154088 b,HD 154088,18.56,,
Kepler-286 b,Kepler-286,1.796302,2454966.33057,0.00307
TOI-4214 b,TOI-4214,3.4913885,2459129.8346,0.00034
WASP-12 b,WASP-12,1.091418901,2457607.519305,3.2e-05
HD 19615 b,HD 19615,402.0,,
Kepler-809 b,Kepler-809,55.63934,2455020.5506,0.00251
HD 29399 b,HD 29399,892.7,,
2M0437 b,2MASS J04372171+2651014,,,
Kepler-788 b,Kepler-788,8.39846269,2454969.31155,0.00513
TOI-4551 b,TOI-4551,9.95581,2458575.6597,0.0051
TOI-4559 b,TOI-4559,3.965991,2459335.3447,0.0009
TOI-4734 b,TOI-4734,6.235633,2459710.23803,0.00071
TOI-5713 b,TOI-5713,10.441989,2458745.6776,0.0015
K2-389 b,K2-389,8.58289,2457742.782,0.002
Kepler-818 b,Kepler-818,10.035385814,2454970.47131,0.000549
Kepler-463 b,Kepler-463,8.981016833,2454969.649263,0.000292
Kepler-799 b,Kepler-799,133.4605235,2455049.04571,0.0014
HD 224018 c,HD 224018,36.57669,2457778.1544,0.008
TOI-411 c,HD 22946,9.573083,2459161.60861,0.00069
TOI-3877 b,TOI-3877,4.123596,2459753.93391,0.00078
Barnard b,Barnard's star,3.1542,2460139.204,0.149
Kepler-65 b,Kepler-65,2.15491,2454966.499,0.0013
TOI-4336 A b,TOI-4336 A,16.336334,2459335.57319,0.00068
Kepler-158 d,Kepler-158,0.645088,2454833.052,0.003
Kepler-80 e,Kepler-80,4.64489,2455696.915,0.002
Kepler-1672 b,Kepler-1672,150.878,2455039.69263,0.00177
Kepler-82 d,Kepler-82,2.382961,2454968.08186,0.00132
Kepler-20 b,Kepler-20,3.6961049,2454967.50225,0.00033
TIC 88785435 b,TIC 88785435,10.508843,2458609.2369,0.0055
Kepler-1229 b,Kepler-1229,86.828989,2455022.26884,0.00777
Kepler-1837 b,Kepler-1837,5.906089783,2454964.55773,0.00455
Kepler-406 b,Kepler-406,2.42629,2455003.4568,
Kepler-1855 b,Kepler-1855,0.727330983,2454965.37091,0.00147
Kepler-446 b,Kepler-446,1.565409,2454965.9135,0.0019
Kepler-231 b,Kepler-231,10.065275,2454969.28185,0.00148
Kepler-1232 b,Kepler-1232,26.7839183,2454973.75391,0.00557
Kepler-1168 b,Kepler-1168,55.8226539,2455002.03641,0.00539
Kepler-1680 b,Kepler-1680,8.77424,2454965.33457,0.00235
Kepler-1831 b,Kepler-1831,5.78387022,2454968.5798,0.00196
Kepler-201 c,Kepler-201,151.884058,2455009.41816,0.00794
HD 224018 d,HD 224018,138.0731,2457741.745,0.051
Kepler-1785 b,Kepler-1785,19.58550072,2454965.366439,0.001698
Kepler-1152 b,Kepler-1152,1.646801908,2454965.0606,0.00136
Kepler-175 c,Kepler-175,34.035257,2454967.4229,0.00426
Kepler-1296 b,Kepler-1296,8.3839865,2454967.41175,0.00912
Kepler-1345 b,Kepler-1345,44.6169557,2454997.44482,0.00577
Kepler-1798 b,Kepler-1798,16.85589981,2454971.26808,0.00351
Kepler-1187 b,Kepler-1187,18.87064068,2454976.95521,0.00257
Kepler-430 b,Kepler-430,35.968,2454971.66885,0.00345
Kepler-385 c,Kepler-385,15.163161,2454977.45741,0.0109
Kepler-1716 b,Kepler-1716,35.58100128,2455022.03462,0.000727
Kepler-1113 b,Kepler-1113,42.3004954,2455001.77877,0.00368
Kepler-60 b,Kepler-60,7.1334,2456462.2796,0.0034
Kepler-104 d,Kepler-104,51.755394,2455104.08611,0.00164
Kepler-100 b,Kepler-100,6.88734,2454966.17656,0.00020944
Kepler-1190 b,Kepler-1190,10.45843441,2454970.65022,0.00401
Kepler-1823 b,Kepler-1823,21.10339928,2454977.66087,0.00261
Kepler-1833 b,Kepler-1833,6.892129898,2454964.63493,0.00316
Kepler-1211 b,Kepler-1211,11.01816836,2454972.88044,0.00684
Kepler-1685 b,Kepler-1685,20.4905,2454977.42058,0.00738
Kepler-182 b,Kepler-182,9.825792,2454964.42414,0.0038
Kepler-514 b,Kepler-514,5.65179605,2455005.27893,0.00144
Kepler-515 b,Kepler-515,19.96371318,2455011.30562,0.0025
Kepler-1143 b,Kepler-1143,2.888904849,2454965.15279,0.00181
Kepler-110 c,Kepler-110,31.719775,2454975.82056,0.00177
Kepler-1088 b,Kepler-1088,23.12748644,2454978.65956,0.00306
Kepler-1859 b,Kepler-1859,2.729599953,2454966.28661,0.00379
Kepler-362 c,Kepler-362,37.866281,2454967.35783,0.00452
Kepler-1145 b,Kepler-1145,3.97076766,2454967.63885,0.00225
Kepler-1242 b,Kepler-1242,13.62798432,2454968.45049,0.00376
KOI-2513.01,KOI-2513,19.00547,2454977.152,0.003
Kepler-1302 b,Kepler-1302,8.83922659,2454968.54701,0.00541
Kepler-401 b,Kepler-401,14.383035,2454973.55968,0.01006
Kepler-1876 b,Kepler-1876,6.99205,2454971.051,0.005
Kepler-1691 b,Kepler-1691,3.8482,2454964.9203,0.003
Kepler-1193 b,Kepler-1193,2.832652134,2454964.82631,0.00264
Kepler-144 c,Kepler-144,10.104665,2454968.55344,0.00259
Kepler-519 b,Kepler-519,24.3078946,2455011.364426,0.000866
Kepler-167 d,Kepler-167,21.80379,2455669.7888,0.0028
Kepler-395 c,Kepler-395,34.989262,2454977.22265,0.00909
Kepler-206 b,Kepler-206,7.781987,2454966.5899,0.00413
Kepler-1091 b,Kepler-1091,1.434741564,2454965.62944,0.00199
Kepler-380 b,Kepler-380,3.930821,2454968.19896,0.00643
Kepler-1267 b,Kepler-1267,13.0313945,2454977.11387,0.00685
Kepler-1282 b,Kepler-1282,2.131946513,2454966.65379,0.00287
Kepler-1353 b,Kepler-1353,24.7543966,2454973.20475,0.0051
Kepler-116 c,Kepler-116,13.07163,2454977.43294,0.00263
Kepler-145 b,Kepler-145,22.951,2454984.54178,0.00189223
Kepler-619 d,Kepler-619,11.67894236,2454964.5119,0.00177
Kepler-403 b,Kepler-403,7.031462,2454967.45161,0.00453
Kepler-957 b,Kepler-957,5.907413537,2454966.934664,0.000687
Kepler-85 b,Kepler-85,8.3,2454972.73847,0.00337
Kepler-36 c,Kepler-36,16.21865,2455004.677414,0.000655
Kepler-510 b,Kepler-510,19.55659418,2455022.04399,0.00141
Kepler-1250 b,Kepler-1250,2.607543834,2454964.83537,0.00205
Kepler-51 d,Kepler-51,130.194,2455695.9323,0.0004
Kepler-285 c,Kepler-285,6.186676,2454969.63351,0.00507
Kepler-161 c,Kepler-161,7.06424,2454968.37914,0.00092
KOI-134 b,KOI-134,67.1277,2454984.727745,0.000525
Kepler-187 b,Kepler-187,4.938864,2454968.95186,0.00746
Kepler-1880 b,Kepler-1880,6.309219837,2454966.9941,0.0022
Kepler-367 b,Kepler-367,37.815724,2454974.09798,0.00455
Kepler-384 b,Kepler-384,22.597053,2454973.4199,0.00748
Kepler-1842 b,Kepler-1842,14.02639961,2454968.17539,0.00231
Kepler-172 d,Kepler-172,14.627119,2454969.23672,0.00355
Kepler-1272 b,Kepler-1272,51.1309704,2454970.17952,0.00772
Kepler-1994 b,Kepler-1994,4.61225043,2454966.86134,0.00535
Kepler-1312 b,Kepler-1312,5.448325286,2454965.49031,0.00107
Kepler-1336 b,Kepler-1336,23.198681,2454975.6202,0.00925
Kepler-1829 b,Kepler-1829,5.186719894,2454967.99509,0.0012
Kepler-1313 b,Kepler-1313,3.833091178,2454964.63409,0.00115
Kepler-114 d,Kepler-114,11.776,2454975.7057,0.00028437
Kepler-293 c,Kepler-293,54.155743,2455005.36515,0.00521
Kepler-370 c,Kepler-370,19.02293,2454972.66161,0.0054
Kepler-1142 b,Kepler-1142,18.3027248,2454975.89236,0.00606
Kepler-1808 b,Kepler-1808,23.3404007,2454969.20836,0.00328
Kepler-1682 b,Kepler-1682,14.8334,2454968.44343,0.00382
Kepler-1811 b,Kepler-1811,76.42230225,2454997.48378,0.0093
Kepler-1885 b,Kepler-1885,2.522559881,2454964.64534,0.00222
Kepler-349 c,Kepler-349,12.247629,2454971.21701,0.00304
Kepler-1155 b,Kepler-1155,33.469743,2454973.15101,0.00444
Kepler-481 b,Kepler-481,10.06082567,2454971.96752,0.00127
Kepler-1162 b,Kepler-1162,32.5637069,2454996.45606,0.00662
Kepler-1163 b,Kepler-1163,6.11786898,2454966.61609,0.0039
Kepler-530 b,Kepler-530,39.30941904,2455004.334643,0.000929
Kepler-292 b,Kepler-292,2.580827,2455004.56214,0.00512
Kepler-1816 b,Kepler-1816,91.50099945,2454998.673019,0.000602
Kepler-1819 b,Kepler-1819,16.48690033,2454972.20338,0.00169
Kepler-85 d,Kepler-85,17.91323,2454968.53773,0.0095
TOI-3984 A b,TOI-3984 A,4.353326,2459715.02268,9e-05
TOI-4562 b,TOI-4562,225.1064,2459476.9004,0.00051
Kepler-100 e,Kepler-100,60.888588,,
Kepler-357 d,Kepler-357,49.499875,2454972.04946,0.00538
Kepler-1692 b,Kepler-1692,5.95966,2454968.0069,0.0037
Kepler-1678 b,Kepler-1678,147.974,2455096.08923,0.00418
Kepler-1390 b,Kepler-1390,6.48021673,2454965.85971,0.00556
Kepler-355 b,Kepler-355,11.03189,2455195.3382,0.01661
Kepler-331 b,Kepler-331,8.457496,2454966.86954,0.00185
HS Psc b,HS Psc,3.986,2458486.422,0.429
Kepler-350 c,Kepler-350,17.849,2454981.39039,0.00243052
Kepler-55 c,Kepler-55,42.1516418,2454971.99284,0.0045
HIP 111909 c,HIP 111909,893.63,,
2MASS J11011926-7732383 b,2MASS J11011926-7732383,,,
HIP 77900 b,HIP 77900,,,
Kepler-1370 b,Kepler-1370,20.2641684,2454968.28245,0.00475
Kepler-417 b,Kepler-417,12.331,2455194.97363,0.00255
UCAC4 328-061594 b,UCAC4 328-061594,,,
NGTS-30 b,NGTS-30,98.29838,2459287.6,0.0013
UCAC3 113-933 b,UCAC3 113-933,,,
Kepler-363 c,Kepler-363,7.542427,2454965.95422,0.00492
Kepler-1032 b,Kepler-1032,3.290117953,2454966.15666,0.00136
HD 48948 b,HD 48948,7.34013,,
HD 48948 d,HD 48948,151.92,,
Kepler-272 b,Kepler-272,2.971353,2454967.38675,0.00305
TIC 241249530 b,TIC 241249530,165.7719,2458860.8007,0.0015
Kepler-970 b,Kepler-970,16.736525,2454976.1326,0.0011
Gaia-4 b,Gaia-4,571.3,,
Kepler-1375 b,Kepler-1375,3.3004192,2454966.56382,0.00412
Kepler-125 c,Kepler-125,5.774464,2454965.96118,0.00468
Kepler-1130 d,Kepler-1130,4.272250175,2454966.22095,0.00301
TOI-4443.01,TOI-4443,1.8498567,2459415.15198,0.0028258
Barnard c,Barnard's star,4.1244,,
Kepler-1059 b,Kepler-1059,3.764191048,2454965.35098,0.00217
Kepler-237 b,Kepler-237,4.715106,2454967.95992,0.00396
K2-79 b,K2-79,10.9947,2457103.2275,0.00084
NGTS-32 b,NGTS-32,3.31211,2459435.763,0.002
Kepler-107 c,Kepler-107,4.901452,2455697.01829,0.00079
Kepler-266 c,Kepler-266,107.723601,2455187.18347,0.00744
HD 23079 c,HD 23079,5.748913,,
HD 196067 c,HD 196067,4.601088,,
Kepler-107 b,Kepler-107,3.1800218,2455701.08414,0.00037
Kepler-985 b,Kepler-985,116.331901,2455006.6869,0.0073
Kepler-127 d,Kepler-127,48.630408,2455005.54709,0.00143
Kepler-275 d,Kepler-275,35.676062,2454978.00066,0.01103
Kepler-335 b,Kepler-335,6.562331,2454965.60635,0.00278
Kepler-344 b,Kepler-344,21.963945,2454966.03648,0.00287
Kepler-969 b,Kepler-969,34.1731714,2454970.7914,0.00168
Kepler-329 c,Kepler-329,18.684737,2454969.14841,0.00273
Kepler-325 b,Kepler-325,4.544439,2454967.9001,0.00104
Kepler-1979 b,Kepler-1979,18.5084526,2454964.54555,0.0057
Kepler-1800 b,Kepler-1800,4.562029839,2454965.64295,0.00308
Kepler-365 b,Kepler-365,10.664903,2454965.00994,0.00403
Kepler-1069 b,Kepler-1069,23.8990296,2454984.39964,0.00505
Kepler-345 b,Kepler-345,7.415563,2454970.81508,0.00409
Kepler-382 c,Kepler-382,12.162701,2454970.53267,0.00493
Kepler-544 b,Kepler-544,21.41616926,2455009.25123,0.00304
Kepler-1912 b,Kepler-1912,6.059219837,2454966.67216,0.00171
Kepler-240 c,Kepler-240,7.953528,2455007.66155,0.00184
Kepler-332 c,Kepler-332,15.995622,2454977.23834,0.00423
HD 190007 b,HD 190007,11.724128,,
Kepler-424 b,Kepler-424,3.3118644,2454964.7427,0.00023
Kepler-207 b,Kepler-207,1.611865,2454966.57041,0.00226
Kepler-219 c,Kepler-219,22.714613,2454980.29108,0.00208
Kepler-223 c,Kepler-223,9.84564,2455700.1459,0.005
Kepler-402 e,Kepler-402,11.242861,2454969.31655,0.00355
Kepler-1895 b,Kepler-1895,6.070290089,2454968.3105,0.0032
Kepler-1909 b,Kepler-1909,2.391609907,2454966.07853,0.00381
Kepler-656 c,Kepler-656,5.25449393,2454965.55624,0.00796
Kepler-1953 b,Kepler-1953,6.245659828,2454970.16362,0.00573
Kepler-168 c,Kepler-168,13.193242,2455008.60934,0.00211
Kepler-634 b,Kepler-634,5.16950177,2455003.31319,0.00156
TOI-663 c,TOI-663,4.6955507,2458543.40593,0.00105
K2-111 c,K2-111,15.6805,2458119.62,0.33
Kepler-238 d,Kepler-238,13.233549,2454973.32179,0.00365
Kepler-224 d,Kepler-224,11.349393,2454967.31602,0.00182
Kepler-30 b,Kepler-30,29.33434,2455246.6476,0.0401
Kepler-1977 b,Kepler-1977,4.53702121,2454965.1846,0.00446
Kepler-1499 b,Kepler-1499,44.2008,2454996.2248,0.0104
Kepler-850 b,Kepler-850,7.19303878,2454969.0517,0.00439
HIP 79098 AB b,HIP 79098 AB,,,
Kepler-851 b,Kepler-851,8.50699658,2454967.64306,0.00337
KMT-2024-BLG-2242L b,KMT-2024-BLG-2242L,,,
TOI-3785 b,TOI-3785,4.6747373,2458861.49553,0.0006
Kepler-241 c,Kepler-241,36.065978,2455031.58185,0.00193
Kepler-249 b,Kepler-249,3.306539,2454967.371,0.00173
Kepler-325 d,Kepler-325,38.715185,2454967.0309,0.00307
Kepler-149 b,Kepler-149,29.198943,2455018.44022,0.00076
Kepler-1473 b,Kepler-1473,14.4273551,2454971.84132,0.00525
Kepler-1501 b,Kepler-1501,14.5564533,2454974.04324,0.00623
EPIC 212737443 c,EPIC 212737443,65.55,2457227.79,0.005
Kepler-476 b,Kepler-476,14.00640607,2454975.209317,0.000981
DE CVn b,DE CVn,4098.1,,
GJ 740 b,GJ 740,2.37756,,
Kepler-838 b,Kepler-838,15.74957994,2454983.24542,0.00231
TRAPPIST-1 b,TRAPPIST-1,1.510826,2457322.514193,3e-06
HATS-30 b,HATS-30,3.1743516,2456629.76156,0.00036
Kepler-1949 b,Kepler-1949,2.208280087,2454964.63091,0.00589
Kepler-1993 b,Kepler-1993,26.6565737,2454964.59433,0.00685
Kepler-1954 b,Kepler-1954,5.883430004,2454969.95044,0.00837
Kepler-238 e,Kepler-238,23.654,2455004.37607,0.00045482
Kepler-1917 b,Kepler-1917,12.90240002,2454972.15105,0.0053
Kepler-1710 b,Kepler-1710,14.91110039,2454974.33665,0.000648
Kepler-342 c,Kepler-342,26.234138,2454974.99866,0.00377
K2-334 b,K2-334,5.113981,2458096.810228,0.00055
Kepler-106 c,Kepler-106,13.5708,2454969.27837,
Kepler-837 b,Kepler-837,16.56059504,2454966.49746,0.00226
Kepler-273 c,Kepler-273,8.014927,2454967.83202,0.00375
Kepler-1391 b,Kepler-1391,54.4092333,2455008.40209,0.00621
Kepler-1543 b,Kepler-1543,6.96710269,2454971.24152,0.00352
Kepler-1580 b,Kepler-1580,56.6449279,2454971.7829,0.0116
Kepler-621 b,Kepler-621,2.628113746,2455002.719741,0.00053
Kepler-150 c,Kepler-150,7.381998,2455006.07123,0.0007
Kepler-1476 b,Kepler-1476,10.35863224,2454971.30381,0.00421
Kepler-1513 b,Kepler-1513,160.8842,2455110.50639,0.00032
GJ 682 c,GJ 682,57.32,,
7 CMa c,7 CMa,996.0,,
K2-348 c,K2-348,12.550171,2458104.435651,0.003152
Kepler-301 b,Kepler-301,2.508553,2454968.0101,0.00232
Kepler-1749 b,Kepler-1749,14.53409958,2454978.42643,0.00257
BD+55 362 b,BD+55 362,265.59,,
HD 124330 b,HD 124330,270.66,,
Kepler-327 c,Kepler-327,5.212333,2454965.70664,0.00219
Kepler-329 b,Kepler-329,7.416397,2454968.85335,0.00402
Kepler-336 c,Kepler-336,9.600001,2454969.58177,0.00196
Kepler-1392 b,Kepler-1392,15.1410397,2454976.73863,0.00649
Kepler-1934 b,Kepler-1934,1.419759989,2454965.9252,0.00281
Kepler-1965 b,Kepler-1965,41.86869812,2454980.029928,0.01564
Kepler-1696 b,Kepler-1696,65.9409,2455064.97155,0.00852
Kepler-1660 AB b,Kepler-1660 A,239.5044,,
WASP-167 b,WASP-167,2.0219596,2456592.4643,0.0002
Kepler-299 c,Kepler-299,6.885875,2454971.40955,0.00356
HD 213472 b,HD 213472,17000.0,2459580.0,190.0
HD 26161 b,HD 26161,10942.29013,2460540.0,450.0
Kepler-304 e,Kepler-304,1.499146953,2454966.06857,0.0015
Kepler-341 e,Kepler-341,42.473269,2454979.27815,0.00917
Kepler-27 d,Kepler-27,6.546289921,2454966.85871,0.00238
Kepler-341 b,Kepler-341,5.195528,2454965.7352,0.00557
Kepler-1935 b,Kepler-1935,3.951400042,2454965.06462,0.00118
Kepler-80 b,Kepler-80,7.05246,2455658.399,0.002
Kepler-1997 b,Kepler-1997,26.7575866,2454970.28717,0.00903
GJ 229 A c,GJ 229,121.93268,,
GJ 720 A b,GJ 720 A,19.466,,
HD 152843 c,HD 152843,19.502104,2459002.7715,0.0016
Kepler-94 b,Kepler-94,2.50806,2454967.9998,
Kepler-305 c,Kepler-305,8.291,2455192.63489,0.00274348
Kepler-784 c,Kepler-784,17.157236,2454966.68951,0.00899
Kepler-279 d,Kepler-279,54.414,2454981.7047,0.0041
Kepler-58 e,Kepler-58,4.45814897,2454967.39743,0.00472
Kepler-770 c,Kepler-770,1.475322314,2454964.8332,0.00247
Kepler-1397 b,Kepler-1397,47.449955,2455006.454,0.0128
Kepler-169 d,Kepler-169,8.348125,2454969.84117,0.00249
Kepler-438 b,Kepler-438,35.23319,2455673.0307,0.0044
Kepler-201 b,Kepler-201,25.672083,2455025.09705,0.00169
TOI-519 b,TOI-519,1.2652328,2459013.15299,3.6e-05
GJ 1061 c,GJ 1061,6.689,,
Kepler-298 b,Kepler-298,10.475464,2454985.64156,0.0015
KIC 8121913 b,KIC 8121913,3.294601,,
HD 80869 b,HD 80869,1752.92067,,
Kepler-305 e,Kepler-305,3.20538,2455187.631,0.0033
Kepler-101 b,Kepler-101,3.4876812,2455088.77995,0.00041
Kepler-295 d,Kepler-295,33.884054,2454993.00625,0.00919
Kepler-1669 d,Kepler-1669,4.72941177,2454965.93871,0.00548
Kepler-295 c,Kepler-295,21.526258,2454965.2872,0.0096
Kepler-1889 b,Kepler-1889,37.30369949,2454966.315,0.01
Kepler-1547 b,Kepler-1547,0.692979676,2454964.8001,0.0017
Kepler-1620 b,Kepler-1620,101.951829,2455039.3507,0.0128
TYC 8998-760-1 b,TYC 8998-760-1,,,
CoRoT-30 b,CoRoT-30,9.06005,2455665.5146,0.0012
CoRoT-31 b,CoRoT-31,4.62941,2455843.9445,0.0044
K2-350 b,K2-350,4.163873,2457219.277628,0.003444
K2-352 b,K2-352,3.665912,2458098.635282,0.003388
Kepler-865 c,Kepler-865,6.20920207,2454969.87938,0.00711
Kepler-69 c,Kepler-69,242.4613,2454983.87,0.016
Kepler-431 b,Kepler-431,6.803,2454971.0478,0.00729
Kepler-196 d,Kepler-196,122.0800018,2454988.021804,0.00334
Kepler-1609 b,Kepler-1609,114.34219,2455049.7412,0.0228
Kepler-1610 c,Kepler-1610,44.9851885,2454983.5703,0.0111
Kepler-1968 b,Kepler-1968,7.281099796,2454965.7518,0.0102
Kepler-1047 c,Kepler-1047,3.18897601,2454966.52942,0.00499
HD 164922 d,HD 164922,12.458,2455198.58,0.62
Kepler-88 d,KOI-142,1403.0,,
GJ 338 B b,GJ 338 B,24.422,2457521.43,0.72
EPIC 201427007 b,EPIC 201427007,0.72091,2457625.7943,0.0027
EPIC 212624936 b,EPIC 212624936,0.578657,2457232.53108,0.0025
K2-133 b,K2-133,3.07133,2457821.315,0.0016
Kepler-84 f,Kepler-84,44.552169,2454993.29097,0.01186
Kepler-117 c,Kepler-117,50.790391,2454968.63205,0.00025
Kepler-1550 b,Kepler-1550,225.582809,2455105.79803,0.00945
Kepler-443 b,Kepler-443,177.6693,2455630.246,0.0076
HATS-4 b,HATS-4,2.516729,2455808.34095,0.00036
Kepler-160 d,Kepler-160,30.0,,
HD 39194 c,HD 39194,14.03,,
Kepler-294 c,Kepler-294,6.6264,2455016.98818,0.00227
TOI-2567 b,TOI-2567,5.983944,2459007.78085,0.00052
Kepler-92 d,Kepler-92,49.3568,2454967.29682,0.00085491
Kepler-1429 b,Kepler-1429,4.48487493,2454968.02778,0.00714
Kepler-616 d,Kepler-616,51.06740189,2454980.61214,0.00462
Kepler-1705 b,Kepler-1705,9.03502,2455198.214,0.01
Kepler-274 c,Kepler-274,33.197861,2454975.10044,0.01769
Kepler-1488 c,Kepler-1488,6.158269882,2454968.4999,0.0103
Kepler-1489 b,Kepler-1489,82.294751,2455045.0073,0.0189
TYC 8998-760-1 c,TYC 8998-760-1,,,
BD-11 4672 c,BD-11 4672,74.2,,
K2-315 b,K2-315,3.1443189,2457990.862,0.001
KELT-4 A b,KELT-4 A,2.9895932,2456190.30201,0.00022
TOI-561 b,TOI-561,0.4465697,2459317.75002,0.00041
Kepler-1492 b,Kepler-1492,16.75255007,2454964.59518,0.00346
Kepler-352 d,Kepler-352,6.887279987,2454965.06897,0.00618
HIP 4845 b,HIP 4845,34.15,,
K2-316 b,K2-316,1.133,2457991.605,
Kepler-292 f,Kepler-292,20.834237,2455019.03249,0.00604
Kepler-1410 b,Kepler-1410,60.866168,2455012.28498,0.00688
Kepler-575 b,Kepler-575,9.37891944,2455009.4519,0.00207
Kepler-1434 b,Kepler-1434,8.05333618,2454967.96049,0.00942
Kepler-1653 b,Kepler-1653,140.2524,2455008.134,0.017
Kepler-627 b,Kepler-627,40.6994443,2455005.56683,0.00326
Kepler-1962 b,Kepler-1962,7.991459846,2454969.25676,0.00687
K2-320 b,K2-320,1.995,2457908.602,
K2-323 b,K2-323,24.93,2457914.251,
K2-318 b,K2-318,7.01,2457997.194,
TOI-784 b,HD 307842,2.7970365,2459336.61221,0.00044
Kepler-290 c,Kepler-290,36.77031,2454997.29316,0.00271
Kepler-317 c,Kepler-317,8.77501,2454966.7098,0.00707
Kepler-1411 b,Kepler-1411,86.1150888,2454967.8925,0.0113
Kepler-1435 b,Kepler-1435,4.45343281,2454966.09366,0.00592
Kepler-215 e,Kepler-215,68.16101,2455020.03247,0.00569
Kepler-1576 b,Kepler-1576,6.98471973,2454968.99535,0.00678
Kepler-1593 b,Kepler-1593,174.509835,2455034.47267,0.00865
Kepler-1915 b,Kepler-1915,13.83539963,2454967.30765,0.0083
Kepler-638 b,Kepler-638,6.07972888,2455003.58397,0.0019
WASP-141 b,WASP-141,3.310651,2457019.5953,0.0003
TOI-1450 A b,TOI-1450 A,2.0439274,2458685.34221,0.00042
EPIC 201170410.02,EPIC 201170410,6.7987,2456813.1485,0.0006
Wolf 503 b,Wolf 503,6.00127,2458191.361449,0.00011
G 9-40 b,G 9-40,5.7459982,2459503.32682,0.00042
Kepler-401 c,Kepler-401,47.318218,2455003.06041,0.00897
Kepler-1437 b,Kepler-1437,10.9295461,2454974.4947,0.0103
Kepler-220 b,Kepler-220,4.159807,2454966.78646,0.00145
Kepler-703 b,Kepler-703,4.583521756,2455002.973823,0.000301
Kepler-1425 b,Kepler-1425,14.4541302,2454968.4467,0.0105
Kepler-1350 c,Kepler-1350,1.766789062,2454966.08323,0.00475
Kepler-354 c,Kepler-354,16.934402,2454970.26772,0.0084
Kepler-1699 b,Kepler-1699,3.49082,2454966.10269,0.00147
Kepler-206 c,Kepler-206,13.137471,2455003.22781,0.00307
Kepler-702 b,Kepler-702,10.526294063,2455009.522503,0.000142
Kepler-2001 b,Kepler-2001,1.090011003,2454964.58066,0.00373
Kepler-1928 b,Kepler-1928,19.57783,2454964.71489,0.00101
Kepler-439 b,Kepler-439,178.1396,2455399.3987,0.0039
Kepler-1801 c,Kepler-1801,116.583183,2455079.6275,0.0144
Kepler-639 b,Kepler-639,10.21420496,2455003.7036,0.00157
HIP 18606 b,HIP 18606,674.94,,
Kepler-171 b,Kepler-171,4.166972,2455002.71415,0.00098
Kepler-1526 b,Kepler-1526,3.908632005,2454966.92988,0.00153
HD 86065 b,HD 86065,25775.78859,,
HD 115404 A c,HD 115404 A,15319.22517,,
Kepler-408 b,Kepler-408,2.46502,2454965.67928,
K2-411 b,K2-411,3.2141,2457064.8355,0.0019
K2-412 b,K2-412,5.9382,2457823.1456,0.0043
GJ 143 b,GJ 143,35.61253,2458385.92502,0.00054
GJ 1002 b,GJ 1002,10.3465,2458583.27,0.22
HD 5278 c,HD 5278,40.87,,
PZ Tel b,PZ Tel,44000.0,,
GJ 1151 c,GJ 1151,389.7,2457798.67,22.0
HIP 99770 b,HIP 99770,18600.0,,
CoRoT-4 b,CoRoT-4,9.20205,2454141.36416,0.00089
Kepler-935 b,Kepler-935,4.88083852,2454969.19778,0.00266
Kepler-917 b,Kepler-917,2.970414375,2454966.3922,0.00256
HD 167677 b,HD 167677,1820.0,,
HD 94771 b,HD 94771,2164.0,,
Kepler-1760 b,Kepler-1760,38.3260994,2454975.08401,0.00519
TOI-220 b,TOI-220,10.695264,2458335.902,0.0014
MWC 758 c,MWC 758,,,
HD 135625 b,HD 135625,4055.0,,
HD 185283 b,HD 185283,4060.0,,
Kepler-1978 b,Kepler-1978,10.84969477,2454969.74432,0.0021
Kepler-1773 b,Kepler-1773,40.80970001,2454975.69168,0.00193
TOI-5789 d,TOI-5789,29.65,2460347.48,0.99
Kepler-975 b,Kepler-975,1.970342457,2454964.947762,0.000974
Kepler-1009 b,Kepler-1009,11.35011917,2454967.04543,0.00166
Kepler-1035 b,Kepler-1035,2.714077555,2454966.71203,0.00111
Kepler-322 c,Kepler-322,4.337234,2454965.84959,0.00123
Kepler-949 b,Kepler-949,8.689307296,2454966.661087,0.000863
Kepler-66 b,Kepler-66,17.815815,2454967.4854,0.0025
Kepler-479 b,Kepler-479,12.49341307,2454971.461536,0.000953
KOI-351 d,KOI-351,59.73667,2454991.9656,0.0042
Kepler-908 b,Kepler-908,1.340597468,2454965.24442,0.00121
Kepler-1677 b,Kepler-1677,22.064,2454981.91718,0.0028
Kepler-473 b,Kepler-473,14.55731705,2454978.094662,0.000763
KOI-1783.01,KOI-1783,134.4628,2455002.2814,0.001
HD 109988 b,HD 109988,17132.15854,,
Kepler-909 b,Kepler-909,13.93290318,2454972.41195,0.00264
HD 11112 b,HD 11112,17244.90764,,
HATS-27 b,HATS-27,4.637038,2457029.3374,0.0011
HD 11505 b,HD 11505,32669.22247,,
HD 122562 c,HD 122562,84.96276,,
HD 135872 b,HD 135872,2422.32597,,
HD 113337 c,HD 113337,5429.93477,,
HD 151450 c,HD 151450,18144.76236,,
HD 188641 b,HD 188641,14583.81038,,
HD 13724 c,HD 13724,142.22895,,
HD 28185 c,HD 28185,17417.92079,,
Kepler-50 b,Kepler-50,7.81254,2454974.376,0.007
HD 205158 b,HD 205158,25.33798,,
Kepler-162 b,Kepler-162,6.919798,2454967.11914,0.00403
Kepler-176 b,Kepler-176,5.433074,2454971.36967,0.00268
K2-189 c,K2-189,6.67932,2457223.4182,0.0013
K2-126 b,K2-126,7.385655,2457223.79921,0.0026
K2-110 b,K2-110,13.86375,2457275.32992,0.00061
KMT-2018-BLG-0247L b,KMT-2018-BLG-0247L,,,
KMT-2021-BLG-1372L b,KMT-2021-BLG-1372L,,,
Kepler-193 c,Kepler-193,50.697494,2454974.32288,0.004
Kepler-464 b,Kepler-464,7.256965224,2454967.023293,0.000655
Kepler-244 b,Kepler-244,4.311792,2455006.57568,0.001
Kepler-183 b,Kepler-183,5.687945,2454966.95634,0.00211
K2-193 b,K2-193,14.786889,2457224.26116,0.00186
EPIC 212587672 c,EPIC 212587672,23.228555,2457237.042492,0.001902
K2-197 b,K2-197,8.357881,2457218.18248,0.00364
Kepler-180 c,Kepler-180,41.885775,2455011.68703,0.00288
KMT-2021-BLG-1105L b,KMT-2021-BLG-1105L,,,
KMT-2021-BLG-0712L b,KMT-2021-BLG-0712L,,,
Kepler-209 b,Kepler-209,16.087845,2455005.81339,0.00137
Kepler-1729 b,Kepler-1729,4.220970154,2455003.622323,0.000483
Kepler-81 b,Kepler-81,5.955,2455003.95814,0.00051506
K2-198 d,K2-198,7.4500177,2457213.5759,0.001
Kepler-501 b,Kepler-501,5.640677572,2454971.556194,0.000556
K2-198 c,K2-198,3.3596055,2457215.032,0.0019
OGLE-2013-BLG-0132L b,OGLE-2013-BLG-0132L,,,
KMT-2018-BLG-1996L b,KMT-2018-BLG-1996L,,,
OGLE-2018-BLG-1647L b,OGLE-2018-BLG-1647L,,,
Kepler-853 b,Kepler-853,7.16892463,2454968.67883,0.00272
Kepler-883 b,Kepler-883,12.98495573,2454972.78176,0.00209
HD 22946 d,HD 22946,47.42489,2459136.5372,0.00087
Kepler-54 b,Kepler-54,8.0109434,2455003.20573,0.0029
Kepler-1631 b,Kepler-1631,4.09513932,2454964.67653,0.00657
Kepler-155 b,Kepler-155,5.931194,2455007.79655,0.00074
Kepler-100 c,Kepler-100,12.8159,2454955.94713,
K2-377 b,K2-377,12.832235,2457230.1429,0.0052
KMT-2018-BLG-1743L b,KMT-2018-BLG-1743L,,,
OGLE-2017-BLG-1434L b,OGLE-2017-BLG-1434L,,,
KMT-2019-BLG-2783L b,KMT-2019-BLG-2783L,,,
HAT-P-53 b,HAT-P-53,1.9616241,2455829.44781,0.00044
Kepler-877 b,Kepler-877,18.45847097,2454971.16463,0.00223
TOI-2196 b,TOI-2196,1.1947268,2459036.5126,0.0019
Kepler-1730 b,Kepler-1730,13.81019974,2454977.715992,0.001707
Kepler-1639 b,Kepler-1639,9.878482,2454967.416,0.181
Kepler-559 b,Kepler-559,17.58752333,2455009.077356,0.000888
Kepler-121 b,Kepler-121,3.177422,2454967.47787,0.00047
Kepler-55 d,Kepler-55,2.211099,2455003.14912,0.00091
Kepler-82 c,Kepler-82,51.54,2455007.05501,0.00088
Kepler-561 c,Kepler-561,5.350161983,2455028.760482,0.000639
Kepler-172 c,Kepler-172,6.388996,2455008.47434,0.00188
OGLE-2017-BLG-0173L b,OGLE-2017-BLG-0173L,,,
OGLE-2019-BLG-0304L b,OGLE-2019-BLG-0304L,,,
OGLE-2019-BLG-0679L b,OGLE-2019-BLG-0679L,,,
Kepler-867 b,Kepler-867,150.242127,2454971.28724,0.00311
Kepler-187 c,Kepler-187,10.640263,2455012.77393,0.00237
Kepler-250 c,Kepler-250,7.156804,2455007.13628,0.00167
Kepler-540 b,Kepler-540,172.7049784,2455069.92338,0.00223
Kepler-1388 d,Kepler-1388,20.9568158,2454972.0875,0.0092
Kepler-1534 b,Kepler-1534,5.71668872,2454969.32209,0.00404
PSR B1257+12 c,PSR B1257+12,66.5419,,
Kepler-215 b,Kepler-215,9.360672,2455004.96719,0.0025
OGLE-2017-BLG-0373L b,OGLE-2017-BLG-0373L,,,
OGLE-2017-BLG-1140L b,OGLE-2017-BLG-1140L,,,
KMT-2021-BLG-1547L b,KMT-2021-BLG-1547L,,,
MOA-2020-BLG-208L b,MOA-2020-BLG-208L,,,
Kepler-1669 c,Kepler-1669,1.609320045,2455011.9456,0.0014
Kepler-1668 b,Kepler-1668,15.434,2455196.29494,0.00159
Kepler-210 c,Kepler-210,7.972513,2455004.58436,0.0002
Kepler-347 d,Kepler-347,85.517344,2455014.351,0.0198
Kepler-650 b,Kepler-650,3.032145588,2455004.734756,0.00086
Kepler-191 d,Kepler-191,5.945041017,2455003.47298,0.00105
Kepler-1518 c,Kepler-1518,9.6310258,2454965.7273,0.0101
KMT-2019-BLG-0297L b,KMT-2019-BLG-0297L,,,
OGLE-2019-BLG-1180L b,OGLE-2019-BLG-1180L,,,
Kepler-304 b,Kepler-304,3.295709,2454966.96482,0.00037
Kepler-49 b,Kepler-49,7.2,2455003.286726,0.000643
Kepler-1726 b,Kepler-1726,18.39629936,2455018.14015,0.001
Kepler-614 b,Kepler-614,14.03491514,2455004.60509,0.00136
Kepler-258 b,Kepler-258,13.19722,2455004.54424,0.00075
Kepler-259 b,Kepler-259,8.115317,2455007.51955,0.00159
PSR J1719-1438 b,PSR J1719-1438,0.090706293,,
MOA-2015-BLG-337L b,MOA-2015-BLG-337L,,,
KMT-2023-BLG-0735L b,KMT-2023-BLG-0735L,,,
KMT-2023-BLG-1431L b,KMT-2023-BLG-1431L,,,
Kepler-84 b,Kepler-84,8.726,2454971.75409,0.00205906
Kepler-310 c,Kepler-310,56.47542,2454976.81309,0.00221
Kepler-616 b,Kepler-616,9.99761851,2455004.78774,0.00173
Kepler-222 b,Kepler-222,3.936981,2455002.65076,0.00063
MOA-2011-BLG-293L b,MOA-2011-BLG-293L,3000.0,,
OGLE-2019-BLG-1470L AB c,OGLE-2019-BLG-1470L A,,,
Kepler-1758 b,Kepler-1758,9.977210045,2454970.2361,0.00549
Kepler-905 b,Kepler-905,5.082746517,2454966.21095,0.00147
Kepler-276 b,Kepler-276,14.12841,2454975.89515,0.00418
Kepler-164 c,Kepler-164,10.945723,2455009.72046,0.00149
Kepler-165 b,Kepler-165,8.180848,2455009.70113,0.00176
KOI-7368 b,KOI-7368,6.8430344,2454970.0463,0.0014
OGLE-2016-BLG-1067L b,OGLE-2016-BLG-1067L,,,
KMT-2023-BLG-1866L b,KMT-2023-BLG-1866L,,,
Kepler-284 c,Kepler-284,37.514456,2455022.30068,0.00575
Kepler-277 c,Kepler-277,33.006,2454978.3799,0.0028
Kepler-1629 b,Kepler-1629,3.87595807,2454967.84448,0.00543
Kepler-663 b,Kepler-663,4.99678284,2455004.74158,0.00223
Kepler-227 b,Kepler-227,9.488015,2455003.53899,0.0024
WISEP J121756.91+162640.2 A b,WISEP J121756.91+162640.2 A,,,
KMT-2021-BLG-0119L b,KMT-2021-BLG-0119L,,,
KMT-2017-BLG-0673L b,KMT-2017-BLG-0673L,,,
KMT-2022-BLG-2286L b,KMT-2022-BLG-2286L,,,
Kepler-290 b,Kepler-290,14.589347,2454974.93413,0.00255
K2-35 c,K2-35,5.608352,2456812.119,0.002
Kepler-229 c,Kepler-229,16.068638,2455006.62165,0.00062
K2-37 b,K2-37,4.4434,2456893.6753,0.0033
K2-44 b,K2-44,5.657,2456811.7094,0.0012
MOA-2011-BLG-322L b,MOA-2011-BLG-322L,,,
OGLE-2013-BLG-0911L b,OGLE-2013-BLG-0911L,,,
KMT-2023-BLG-2209L b,KMT-2023-BLG-2209L,,,
Kepler-302 b,Kepler-302,30.184104,2454979.64006,0.00373
Kepler-665 b,Kepler-665,16.01310205,2455009.35963,0.00212
K2-289 b,K2-289,13.156969,2456897.14325,0.00097
K2-367 b,K2-367,20.645099,2456997.3941,0.002
K2-62 b,K2-62,6.67199,2456982.685,0.001
OGLE-2006-BLG-109L c,OGLE-2006-BLG-109L,4927.5,,
KMT-2018-BLG-0029L b,KMT-2018-BLG-0029L,,,
KMT-2019-BLG-1806L b,KMT-2019-BLG-1806L,,,
Kepler-84 c,Kepler-84,12.883,2454968.1962,0.0035
K2-66 b,K2-66,5.06963,2456984.0075,0.0037
K2-72 b,K2-72,5.577212,2457010.376,0.002
K2-72 d,K2-72,7.760178,2456984.788,0.008
K2-65 b,K2-65,12.6475,2456986.3303,0.0031
OGLE-2015-BLG-0966L b,OGLE-2015-BLG-0966L,,,
KMT-2018-BLG-1292L b,KMT-2018-BLG-1292L,,,
Kepler-119 c,Kepler-119,4.125103,2454966.64137,0.00452
Kepler-133 b,Kepler-133,8.129976,2454958.97047,0.00275
K2-183 c,K2-183,10.787992,2457212.47321,0.0026
K2-119 b,K2-119,7.727283,2457148.83106,0.00499
K2-86 b,K2-86,8.77683,2457070.0173,0.0036
KMT-2019-BLG-1953L b,KMT-2019-BLG-1953L,,,
OGLE-2018-BLG-0516L b,OGLE-2018-BLG-0516L,,,
KMT-2016-BLG-1105L b,KMT-2016-BLG-1105L,,,
Kepler-153 c,Kepler-153,46.90232,2454987.30653,0.00266
Kepler-553 c,Kepler-553,328.24017,2455032.1977,0.001
Kepler-672 b,Kepler-672,38.3774623,2455005.81951,0.00313
K2-187 d,K2-187,7.149584,2457203.52085,0.0019
BD+42 2315 b,BD+42 2315,123.05,2453155.66,18.94
OGLE-2016-BLG-1093L b,OGLE-2016-BLG-1093L,,,
KMT-2019-BLG-0953L b,KMT-2019-BLG-0953L,,,
Kepler-786 b,Kepler-786,53.5293487,2454980.86415,0.00338
Kepler-275 c,Kepler-275,16.088134,2454972.49745,0.00519
Kepler-762 b,Kepler-762,3.770552098,2455190.118242,0.000176
NGTS-18 b,NGTS-18,3.05125,2458564.4506,0.0007
Kepler-32 e,Kepler-32,2.896,2454966.61,0.03
Kepler-219 d,Kepler-219,47.903645,2454974.98257,0.00387
Kepler-235 e,Kepler-235,46.183669,2454998.23932,0.00501
Kepler-176 d,Kepler-176,25.751974,2454969.44951,0.00247
Kepler-82 e,Kepler-82,5.902206,2454969.78443,0.00115
Kepler-251 b,Kepler-251,4.790936,2454969.31148,0.00458
Kepler-53 c,Kepler-53,38.5583038,2454996.84816,0.0038
Kepler-42 d,Kepler-42,1.865169,2454966.7847,0.0013
Kepler-253 b,Kepler-253,3.783986,2454966.28036,0.00278
Kepler-603 c,Kepler-603,127.9075774,2455079.44953,0.00241
KOI-351 g,KOI-351,210.73514,2454979.97608,0.00091
CD-35 2722 b,CD-35 2722,,,
HD 86226 b,HD 86226,1628.0,,
HD 143811 AB b,HD 143811 A,117000.0,,
KMT-2024-BLG-1005L b,KMT-2024-BLG-1005L,,,
NGTS-34 b,NGTS-34,43.12655,2459282.7925,0.0024
OGLE-TR-113 b,OGLE-TR-113,1.4324752,2454819.73853,0.00011
Kepler-76 b,Kepler-76,1.5449298,2454966.54841,1e-05
WASP-47 c,WASP-47,589.57,2457763.1,4.3
WASP-55 b,WASP-55,4.465631,2455737.93919,0.00097
